observation_id,observed_at,location_id,location_name,district,latitude,longitude,vehicle_type,speed_kmh,direction,sensor_id
OBS-0000001,2026-01-30 01:55:00,DN-01,Dragon Bridge,Hai Chau,16.0611,108.2273,car,26.7,N,CAM-01-1
OBS-0000002,2026-02-26 13:39:00,DN-05,2 September Street,Hai Chau,16.0481,108.223,motorbike,37.7,W,CAM-05-3
OBS-0000003,2026-01-22 20:08:00,DN-04,Dien Bien Phu,Thanh Khe,16.0666,108.1912,motorbike,39.4,N,CAM-04-2
OBS-0000004,2026-03-16 03:52:00,DN-01,Dragon Bridge,Hai Chau,16.0611,108.2273,bus,36.2,W,CAM-01-3
OBS-0000005,2026-01-20 03:14:00,DN-03,Nguyen Van Linh,Hai Chau,16.0595,108.2115,truck,31.9,E,CAM-03-2
OBS-0000006,2026-02-16 17:56:00,DN-06,Ngo Quyen,Son Tra,16.0644,108.2358,car,28.1,E,CAM-06-1
OBS-0000007,2026-02-18 23:25:00,DN-05,2 September Street,Hai Chau,16.0481,108.223,car,37.2,E,CAM-05-1
OBS-0000008,2026-02-03 13:45:00,DN-06,Ngo Quyen,Son Tra,16.0644,108.2358,motorbike,47.3,W,CAM-06-1
OBS-0000009,2026-03-23 02:21:00,DN-04,Dien Bien Phu,Thanh Khe,16.0666,108.1912,motorbike,28.4,W,CAM-04-2
OBS-0000010,2026-01-24 13:00:00,DN-05,2 September Street,Hai Chau,16.0481,108.223,car,30.1,W,CAM-05-3
OBS-0000011,2026-03-15 06:55:00,DN-05,2 September Street,Hai Chau,16.0481,108.223,motorbike,39.7,N,CAM-05-3
OBS-0000012,2026-03-22 17:17:00,DN-05,2 September Street,Hai Chau,16.0481,108.223,car,20.2,W,CAM-05-2
OBS-0000013,2026-02-13 21:11:00,DN-02,Han River Bridge,Hai Chau,16.0718,108.2268,motorbike,46.5,W,CAM-02-3
OBS-0000014,2026-03-07 00:53:00,DN-04,Dien Bien Phu,Thanh Khe,16.0666,108.1912,bus,23.9,E,CAM-04-3
OBS-0000015,2026-03-02 23:05:00,DN-04,Dien Bien Phu,Thanh Khe,16.0666,108.1912,car,44.3,W,CAM-04-2
OBS-0000016,2026-01-19 10:26:00,DN-04,Dien Bien Phu,Thanh Khe,16.0666,108.1912,motorbike,35.3,E,CAM-04-1
OBS-0000017,2026-01-14 15:20:00,DN-01,Dragon Bridge,Hai Chau,16.0611,108.2273,motorbike,33.3,W,CAM-01-2
OBS-0000018,2026-01-24 16:13:00,DN-02,Han River Bridge,Hai Chau,16.0718,108.2268,car,12.7,W,CAM-02-3
OBS-0000019,2026-03-15 13:00:00,DN-04,Dien Bien Phu,Thanh Khe,16.0666,108.1912,motorbike,24.0,E,CAM-04-2
OBS-0000020,2026-03-25 10:48:00,DN-04,Dien Bien Phu,Thanh Khe,16.0666,108.1912,car,42.0,W,CAM-04-3
OBS-0000021,2026-03-13 11:02:00,DN-06,Ngo Quyen,Son Tra,16.0644,108.2358,bus,42.0,S,CAM-06-2
OBS-0000022,2026-02-13 14:42:00,DN-06,Ngo Quyen,Son Tra,16.0644,108.2358,bus,35.5,E,CAM-06-2
OBS-0000023,2026-01-09 19:09:00,DN-03,Nguyen Van Linh,Hai Chau,16.0595,108.2115,motorbike,20.5,N,CAM-03-1
OBS-0000024,2026-02-11 01:43:00,DN-01,Dragon Bridge,Hai Chau,16.0611,108.2273,car,51.6,N,CAM-01-3
OBS-0000025,2026-01-23 13:24:00,DN-02,Han River Bridge,Hai Chau,16.0718,108.2268,motorbike,37.8,E,CAM-02-3
OBS-0000026,2026-02-02 12:25:00,DN-06,Ngo Quyen,Son Tra,16.0644,108.2358,motorbike,39.3,E,CAM-06-3
OBS-0000027,2026-02-22 06:32:00,DN-05,2 September Street,Hai Chau,16.0481,108.223,motorbike,36.9,S,CAM-05-3
OBS-0000028,2026-02-13 01:14:00,DN-02,Han River Bridge,Hai Chau,16.0718,108.2268,car,19.3,E,CAM-02-1
OBS-0000029,2026-03-02 20:28:00,DN-04,Dien Bien Phu,Thanh Khe,16.0666,108.1912,car,37.5,E,CAM-04-3
OBS-0000030,2026-02-05 12:51:00,DN-04,Dien Bien Phu,Thanh Khe,16.0666,108.1912,car,39.7,S,CAM-04-2
OBS-0000031,2026-03-29 06:35:00,DN-01,Dragon Bridge,Hai Chau,16.0611,108.2273,motorbike,45.7,E,CAM-01-3
OBS-0000032,2026-03-27 01:32:00,DN-03,Nguyen Van Linh,Hai Chau,16.0595,108.2115,car,43.1,N,CAM-03-1
OBS-0000033,2026-02-13 07:53:00,DN-05,2 September Street,Hai Chau,16.0481,108.223,motorbike,17.5,N,CAM-05-2
OBS-0000034,2026-02-22 00:43:00,DN-04,Dien Bien Phu,Thanh Khe,16.0666,108.1912,car,38.7,S,CAM-04-1
OBS-0000035,2026-02-17 07:06:00,DN-05,2 September Street,Hai Chau,16.0481,108.223,motorbike,25.9,S,CAM-05-3
OBS-0000036,2026-01-07 07:50:00,DN-06,Ngo Quyen,Son Tra,16.0644,108.2358,motorbike,36.1,N,CAM-06-1
OBS-0000037,2026-03-25 20:57:00,DN-06,Ngo Quyen,Son Tra,16.0644,108.2358,bus,45.0,N,CAM-06-2
OBS-0000038,2026-01-18 03:50:00,DN-06,Ngo Quyen,Son Tra,16.0644,108.2358,motorbike,44.9,N,CAM-06-1
OBS-0000039,2026-02-18 05:39:00,DN-06,Ngo Quyen,Son Tra,16.0644,108.2358,bus,43.1,S,CAM-06-1
OBS-0000040,2026-03-18 20:33:00,DN-06,Ngo Quyen,Son Tra,16.0644,108.2358,motorbike,54.5,E,CAM-06-2
OBS-0000041,2026-02-07 16:35:00,DN-05,2 September Street,Hai Chau,16.0481,108.223,motorbike,23.6,S,CAM-05-2
OBS-0000042,2026-02-15 07:01:00,DN-04,Dien Bien Phu,Thanh Khe,16.0666,108.1912,truck,10.8,W,CAM-04-2
OBS-0000043,2026-01-17 02:34:00,DN-04,Dien Bien Phu,Thanh Khe,16.0666,108.1912,motorbike,29.3,E,CAM-04-1
OBS-0000044,2026-01-22 01:21:00,DN-02,Han River Bridge,Hai Chau,16.0718,108.2268,motorbike,45.6,N,CAM-02-2
OBS-0000045,2026-01-31 01:51:00,DN-06,Ngo Quyen,Son Tra,16.0644,108.2358,car,25.1,S,CAM-06-1
OBS-0000046,2026-03-19 01:17:00,DN-03,Nguyen Van Linh,Hai Chau,16.0595,108.2115,motorbike,42.9,S,CAM-03-1
OBS-0000047,2026-03-07 04:09:00,DN-05,2 September Street,Hai Chau,16.0481,108.223,car,32.1,E,CAM-05-3
OBS-0000048,2026-03-03 00:18:00,DN-03,Nguyen Van Linh,Hai Chau,16.0595,108.2115,motorbike,48.5,N,CAM-03-2
OBS-0000049,2026-03-28 21:57:00,DN-01,Dragon Bridge,Hai Chau,16.0611,108.2273,motorbike,30.7,E,CAM-01-3
OBS-0000050,2026-02-28 19:05:00,DN-02,Han River Bridge,Hai Chau,16.0718,108.2268,car,21.8,E,CAM-02-2
OBS-0000051,2026-03-18 05:18:00,DN-05,2 September Street,Hai Chau,16.0481,108.223,motorbike,54.1,E,CAM-05-1
OBS-0000052,2026-02-07 11:14:00,DN-01,Dragon Bridge,Hai Chau,16.0611,108.2273,car,40.1,E,CAM-01-2
OBS-0000053,2026-01-06 05:11:00,DN-01,Dragon Bridge,Hai Chau,16.0611,108.2273,motorbike,39.4,E,CAM-01-2
OBS-0000054,2026-02-25 06:34:00,DN-04,Dien Bien Phu,Thanh Khe,16.0666,108.1912,car,38.7,N,CAM-04-2
OBS-0000055,2026-02-25 07:43:00,DN-03,Nguyen Van Linh,Hai Chau,16.0595,108.2115,truck,21.0,N,CAM-03-3
OBS-0000056,2026-03-20 09:32:00,DN-03,Nguyen Van Linh,Hai Chau,16.0595,108.2115,motorbike,23.4,E,CAM-03-2
OBS-0000057,2026-03-28 04:53:00,DN-03,Nguyen Van Linh,Hai Chau,16.0595,108.2115,car,33.6,N,CAM-03-2
OBS-0000058,2026-01-31 02:05:00,DN-06,Ngo Quyen,Son Tra,16.0644,108.2358,motorbike,33.2,N,CAM-06-2
OBS-0000059,2026-01-30 00:36:00,DN-04,Dien Bien Phu,Thanh Khe,16.0666,108.1912,truck,33.1,S,CAM-04-3
OBS-0000060,2026-03-07 16:31:00,DN-01,Dragon Bridge,Hai Chau,16.0611,108.2273,truck,16.6,S,CAM-01-3
OBS-0000061,2026-01-11 18:23:00,DN-01,Dragon Bridge,Hai Chau,16.0611,108.2273,car,26.1,E,CAM-01-1
OBS-0000062,2026-02-22 14:56:00,DN-04,Dien Bien Phu,Thanh Khe,16.0666,108.1912,motorbike,35.5,W,CAM-04-2
OBS-0000063,2026-01-22 18:46:00,DN-04,Dien Bien Phu,Thanh Khe,16.0666,108.1912,car,20.6,S,CAM-04-3
OBS-0000064,2026-03-02 05:12:00,DN-01,Dragon Bridge,Hai Chau,16.0611,108.2273,car,26.0,W,CAM-01-2
OBS-0000065,2026-01-21 18:37:00,DN-02,Han River Bridge,Hai Chau,16.0718,108.2268,motorbike,31.0,E,CAM-02-2
OBS-0000066,2026-03-27 22:41:00,DN-02,Han River Bridge,Hai Chau,16.0718,108.2268,car,37.1,N,CAM-02-1
OBS-0000067,2026-01-04 11:01:00,DN-05,2 September Street,Hai Chau,16.0481,108.223,motorbike,24.3,E,CAM-05-2
OBS-0000068,2026-02-17 08:56:00,DN-06,Ngo Quyen,Son Tra,16.0644,108.2358,car,11.7,E,CAM-06-1
OBS-0000069,2026-03-18 12:25:00,DN-06,Ngo Quyen,Son Tra,16.0644,108.2358,motorbike,59.6,S,CAM-06-3
OBS-0000070,2026-03-20 11:18:00,DN-05,2 September Street,Hai Chau,16.0481,108.223,motorbike,37.1,W,CAM-05-3
OBS-0000071,2026-03-28 13:29:00,DN-03,Nguyen Van Linh,Hai Chau,16.0595,108.2115,motorbike,34.9,S,CAM-03-2
OBS-0000072,2026-02-11 19:17:00,DN-03,Nguyen Van Linh,Hai Chau,16.0595,108.2115,car,10.6,W,CAM-03-3
OBS-0000073,2026-01-29 09:59:00,DN-05,2 September Street,Hai Chau,16.0481,108.223,motorbike,26.2,N,CAM-05-2
OBS-0000074,2026-03-05 22:18:00,DN-05,2 September Street,Hai Chau,16.0481,108.223,motorbike,46.9,N,CAM-05-3
OBS-0000075,2026-01-08 15:57:00,DN-02,Han River Bridge,Hai Chau,16.0718,108.2268,motorbike,35.8,N,CAM-02-1
OBS-0000076,2026-01-20 18:18:00,DN-05,2 September Street,Hai Chau,16.0481,108.223,car,31.7,E,CAM-05-3
OBS-0000077,2026-03-28 23:24:00,DN-01,Dragon Bridge,Hai Chau,16.0611,108.2273,truck,26.9,S,CAM-01-3
OBS-0000078,2026-01-08 18:51:00,DN-01,Dragon Bridge,Hai Chau,16.0611,108.2273,motorbike,26.3,W,CAM-01-2
OBS-0000079,2026-01-24 19:07:00,DN-05,2 September Street,Hai Chau,16.0481,108.223,car,14.7,S,CAM-05-1
OBS-0000080,2026-01-27 21:04:00,DN-03,Nguyen Van Linh,Hai Chau,16.0595,108.2115,motorbike,47.7,E,CAM-03-1
OBS-0000081,2026-01-18 04:12:00,DN-04,Dien Bien Phu,Thanh Khe,16.0666,108.1912,car,43.2,W,CAM-04-2
OBS-0000082,2026-03-15 22:07:00,DN-03,Nguyen Van Linh,Hai Chau,16.0595,108.2115,car,31.7,S,CAM-03-3
OBS-0000083,2026-01-03 16:28:00,DN-05,2 September Street,Hai Chau,16.0481,108.223,motorbike,22.7,N,CAM-05-3
OBS-0000084,2026-03-22 07:27:00,DN-06,Ngo Quyen,Son Tra,16.0644,108.2358,car,30.2,N,CAM-06-2
OBS-0000085,2026-02-03 11:54:00,DN-01,Dragon Bridge,Hai Chau,16.0611,108.2273,car,35.3,S,CAM-01-1
OBS-0000086,2026-03-31 15:50:00,DN-01,Dragon Bridge,Hai Chau,16.0611,108.2273,motorbike,46.3,N,CAM-01-3
OBS-0000087,2026-02-04 16:44:00,DN-01,Dragon Bridge,Hai Chau,16.0611,108.2273,motorbike,21.7,W,CAM-01-2
OBS-0000088,2026-02-20 13:42:00,DN-01,Dragon Bridge,Hai Chau,16.0611,108.2273,motorbike,41.0,E,CAM-01-3
OBS-0000089,2026-03-25 12:43:00,DN-04,Dien Bien Phu,Thanh Khe,16.0666,108.1912,car,35.4,N,CAM-04-2
OBS-0000090,2026-01-25 03:33:00,DN-03,Nguyen Van Linh,Hai Chau,16.0595,108.2115,car,31.6,S,CAM-03-1
OBS-0000091,2026-02-09 09:01:00,DN-03,Nguyen Van Linh,Hai Chau,16.0595,108.2115,bus,10.6,W,CAM-03-2
OBS-0000092,2026-01-17 02:06:00,DN-03,Nguyen Van Linh,Hai Chau,16.0595,108.2115,motorbike,32.4,W,CAM-03-1
OBS-0000093,2026-03-25 17:12:00,DN-06,Ngo Quyen,Son Tra,16.0644,108.2358,motorbike,19.5,W,CAM-06-1
OBS-0000094,2026-02-10 04:50:00,DN-02,Han River Bridge,Hai Chau,16.0718,108.2268,car,49.3,S,CAM-02-2
OBS-0000095,2026-01-30 22:39:00,DN-03,Nguyen Van Linh,Hai Chau,16.0595,108.2115,car,37.1,W,CAM-03-2
OBS-0000096,2026-02-19 14:49:00,DN-02,Han River Bridge,Hai Chau,16.0718,108.2268,car,33.2,S,CAM-02-2
OBS-0000097,2026-02-21 02:10:00,DN-02,Han River Bridge,Hai Chau,16.0718,108.2268,motorbike,35.7,W,CAM-02-2
OBS-0000098,2026-02-20 00:54:00,DN-01,Dragon Bridge,Hai Chau,16.0611,108.2273,car,29.6,W,CAM-01-2
OBS-0000099,2026-03-03 19:40:00,DN-01,Dragon Bridge,Hai Chau,16.0611,108.2273,car,22.6,S,CAM-01-2
OBS-0000100,2026-03-01 00:04:00,DN-03,Nguyen Van Linh,Hai Chau,16.0595,108.2115,motorbike,25.0,W,CAM-03-3
OBS-0000101,2026-01-01 22:58:00,DN-02,Han River Bridge,Hai Chau,16.0718,108.2268,motorbike,37.3,W,CAM-02-2
OBS-0000102,2026-01-31 20:00:00,DN-04,Dien Bien Phu,Thanh Khe,16.0666,108.1912,motorbike,43.8,S,CAM-04-3
OBS-0000103,2026-03-02 03:16:00,DN-01,Dragon Bridge,Hai Chau,16.0611,108.2273,motorbike,39.5,S,CAM-01-2
OBS-0000104,2026-01-26 04:55:00,DN-05,2 September Street,Hai Chau,16.0481,108.223,car,32.3,E,CAM-05-1
OBS-0000105,2026-03-05 00:38:00,DN-05,2 September Street,Hai Chau,16.0481,108.223,truck,42.4,S,CAM-05-2
OBS-0000106,2026-03-27 20:12:00,DN-02,Han River Bridge,Hai Chau,16.0718,108.2268,motorbike,47.3,S,CAM-02-3
OBS-0000107,2026-01-08 16:07:00,DN-03,Nguyen Van Linh,Hai Chau,16.0595,108.2115,car,7.9,S,CAM-03-1
OBS-0000108,2026-01-25 15:44:00,DN-01,Dragon Bridge,Hai Chau,16.0611,108.2273,bus,29.7,N,CAM-01-1
OBS-0000109,2026-03-08 19:59:00,DN-05,2 September Street,Hai Chau,16.0481,108.223,bus,14.3,W,CAM-05-3
OBS-0000110,2026-02-01 01:30:00,DN-06,Ngo Quyen,Son Tra,16.0644,108.2358,motorbike,35.5,E,CAM-06-3
OBS-0000111,2026-01-24 05:49:00,DN-04,Dien Bien Phu,Thanh Khe,16.0666,108.1912,motorbike,26.8,W,CAM-04-1
OBS-0000112,2026-02-13 18:03:00,DN-01,Dragon Bridge,Hai Chau,16.0611,108.2273,car,19.1,E,CAM-01-2
OBS-0000113,2026-02-03 10:54:00,DN-02,Han River Bridge,Hai Chau,16.0718,108.2268,motorbike,37.3,S,CAM-02-3
OBS-0000114,2026-03-16 04:15:00,DN-01,Dragon Bridge,Hai Chau,16.0611,108.2273,motorbike,49.5,N,CAM-01-3
OBS-0000115,2026-02-28 18:01:00,DN-06,Ngo Quyen,Son Tra,16.0644,108.2358,car,16.2,E,CAM-06-2
OBS-0000116,2026-01-09 06:10:00,DN-05,2 September Street,Hai Chau,16.0481,108.223,car,26.7,E,CAM-05-2
OBS-0000117,2026-03-02 03:00:00,DN-03,Nguyen Van Linh,Hai Chau,16.0595,108.2115,truck,32.7,S,CAM-03-2
OBS-0000118,2026-02-17 09:08:00,DN-05,2 September Street,Hai Chau,16.0481,108.223,car,27.1,N,CAM-05-3
OBS-0000119,2026-01-03 15:04:00,DN-02,Han River Bridge,Hai Chau,16.0718,108.2268,motorbike,30.2,S,CAM-02-3
OBS-0000120,2026-03-14 01:27:00,DN-02,Han River Bridge,Hai Chau,16.0718,108.2268,car,36.0,W,CAM-02-1
OBS-0000121,2026-03-03 18:11:00,DN-05,2 September Street,Hai Chau,16.0481,108.223,truck,26.7,W,CAM-05-3
OBS-0000122,2026-03-08 02:18:00,DN-05,2 September Street,Hai Chau,16.0481,108.223,motorbike,29.6,S,CAM-05-3
OBS-0000123,2026-03-06 03:41:00,DN-05,2 September Street,Hai Chau,16.0481,108.223,motorbike,46.9,N,CAM-05-3
OBS-0000124,2026-01-26 12:28:00,DN-01,Dragon Bridge,Hai Chau,16.0611,108.2273,car,34.7,S,CAM-01-1
OBS-0000125,2026-03-29 15:55:00,DN-03,Nguyen Van Linh,Hai Chau,16.0595,108.2115,motorbike,26.8,S,CAM-03-3
OBS-0000126,2026-03-10 09:22:00,DN-01,Dragon Bridge,Hai Chau,16.0611,108.2273,motorbike,20.1,S,CAM-01-2
OBS-0000127,2026-02-26 16:31:00,DN-06,Ngo Quyen,Son Tra,16.0644,108.2358,motorbike,16.5,S,CAM-06-3
OBS-0000128,2026-03-22 19:55:00,DN-03,Nguyen Van Linh,Hai Chau,16.0595,108.2115,motorbike,15.5,W,CAM-03-3
OBS-0000129,2026-02-07 00:39:00,DN-06,Ngo Quyen,Son Tra,16.0644,108.2358,car,38.9,N,CAM-06-2
OBS-0000130,2026-01-06 07:04:00,DN-01,Dragon Bridge,Hai Chau,16.0611,108.2273,motorbike,26.8,E,CAM-01-2
OBS-0000131,2026-01-15 21:50:00,DN-01,Dragon Bridge,Hai Chau,16.0611,108.2273,motorbike,23.1,W,CAM-01-1
OBS-0000132,2026-01-22 22:44:00,DN-02,Han River Bridge,Hai Chau,16.0718,108.2268,motorbike,38.2,W,CAM-02-1
OBS-0000133,2026-01-15 10:16:00,DN-03,Nguyen Van Linh,Hai Chau,16.0595,108.2115,car,22.4,W,CAM-03-2
OBS-0000134,2026-01-20 00:57:00,DN-06,Ngo Quyen,Son Tra,16.0644,108.2358,truck,36.6,W,CAM-06-3
OBS-0000135,2026-02-13 20:31:00,DN-05,2 September Street,Hai Chau,16.0481,108.223,car,48.2,N,CAM-05-1
OBS-0000136,2026-03-07 01:31:00,DN-03,Nguyen Van Linh,Hai Chau,16.0595,108.2115,car,40.8,S,CAM-03-1
OBS-0000137,2026-01-19 12:42:00,DN-02,Han River Bridge,Hai Chau,16.0718,108.2268,bus,34.5,W,CAM-02-1
OBS-0000138,2026-03-30 09:10:00,DN-05,2 September Street,Hai Chau,16.0481,108.223,motorbike,17.8,E,CAM-05-2
OBS-0000139,2026-02-03 05:51:00,DN-06,Ngo Quyen,Son Tra,16.0644,108.2358,motorbike,33.4,E,CAM-06-2
OBS-0000140,2026-03-31 15:07:00,DN-04,Dien Bien Phu,Thanh Khe,16.0666,108.1912,motorbike,42.1,S,CAM-04-3
OBS-0000141,2026-03-30 06:16:00,DN-02,Han River Bridge,Hai Chau,16.0718,108.2268,car,33.0,N,CAM-02-3
OBS-0000142,2026-02-20 23:45:00,DN-06,Ngo Quyen,Son Tra,16.0644,108.2358,motorbike,42.0,E,CAM-06-3
OBS-0000143,2026-02-11 23:02:00,DN-01,Dragon Bridge,Hai Chau,16.0611,108.2273,car,30.0,N,CAM-01-2
OBS-0000144,2026-01-04 09:19:00,DN-03,Nguyen Van Linh,Hai Chau,16.0595,108.2115,motorbike,16.7,N,CAM-03-1
OBS-0000145,2026-03-25 23:21:00,DN-05,2 September Street,Hai Chau,16.0481,108.223,car,36.0,W,CAM-05-3
OBS-0000146,2026-02-19 05:21:00,DN-04,Dien Bien Phu,Thanh Khe,16.0666,108.1912,motorbike,37.5,E,CAM-04-1
OBS-0000147,2026-01-10 13:42:00,DN-01,Dragon Bridge,Hai Chau,16.0611,108.2273,car,30.4,N,CAM-01-1
OBS-0000148,2026-03-30 08:40:00,DN-06,Ngo Quyen,Son Tra,16.0644,108.2358,motorbike,26.9,N,CAM-06-3
OBS-0000149,2026-03-07 06:49:00,DN-03,Nguyen Van Linh,Hai Chau,16.0595,108.2115,motorbike,42.7,W,CAM-03-3
OBS-0000150,2026-02-06 09:53:00,DN-02,Han River Bridge,Hai Chau,16.0718,108.2268,motorbike,36.4,E,CAM-02-2
OBS-0000151,2026-02-14 12:08:00,DN-01,Dragon Bridge,Hai Chau,16.0611,108.2273,motorbike,33.7,N,CAM-01-3
OBS-0000152,2026-02-23 18:04:00,DN-04,Dien Bien Phu,Thanh Khe,16.0666,108.1912,motorbike,22.3,N,CAM-04-2
OBS-0000153,2026-02-05 00:26:00,DN-02,Han River Bridge,Hai Chau,16.0718,108.2268,car,37.4,E,CAM-02-1
OBS-0000154,2026-01-29 13:40:00,DN-05,2 September Street,Hai Chau,16.0481,108.223,motorbike,29.3,W,CAM-05-3
OBS-0000155,2026-01-03 09:26:00,DN-05,2 September Street,Hai Chau,16.0481,108.223,motorbike,10.4,N,CAM-05-3
OBS-0000156,2026-03-15 08:23:00,DN-03,Nguyen Van Linh,Hai Chau,16.0595,108.2115,motorbike,26.2,N,CAM-03-3
OBS-0000157,2026-02-11 14:57:00,DN-02,Han River Bridge,Hai Chau,16.0718,108.2268,motorbike,37.0,W,CAM-02-2
OBS-0000158,2026-01-23 05:42:00,DN-01,Dragon Bridge,Hai Chau,16.0611,108.2273,motorbike,37.0,E,CAM-01-1
OBS-0000159,2026-01-25 05:56:00,DN-05,2 September Street,Hai Chau,16.0481,108.223,motorbike,37.3,N,CAM-05-1
OBS-0000160,2026-03-18 15:43:00,DN-06,Ngo Quyen,Son Tra,16.0644,108.2358,car,38.7,N,CAM-06-2
OBS-0000161,2026-03-02 17:06:00,DN-05,2 September Street,Hai Chau,16.0481,108.223,truck,38.7,W,CAM-05-3
OBS-0000162,2026-03-27 00:18:00,DN-06,Ngo Quyen,Son Tra,16.0644,108.2358,motorbike,40.7,S,CAM-06-3
OBS-0000163,2026-03-30 09:13:00,DN-06,Ngo Quyen,Son Tra,16.0644,108.2358,motorbike,18.5,N,CAM-06-2
OBS-0000164,2026-01-01 15:57:00,DN-02,Han River Bridge,Hai Chau,16.0718,108.2268,motorbike,39.1,N,CAM-02-2
OBS-0000165,2026-01-07 11:46:00,DN-03,Nguyen Van Linh,Hai Chau,16.0595,108.2115,motorbike,46.0,S,CAM-03-2
OBS-0000166,2026-02-19 07:17:00,DN-01,Dragon Bridge,Hai Chau,16.0611,108.2273,motorbike,13.4,W,CAM-01-2
OBS-0000167,2026-01-23 01:17:00,DN-01,Dragon Bridge,Hai Chau,16.0611,108.2273,motorbike,42.2,W,CAM-01-3
OBS-0000168,2026-01-17 05:52:00,DN-05,2 September Street,Hai Chau,16.0481,108.223,motorbike,35.7,S,CAM-05-3
OBS-0000169,2026-02-15 22:51:00,DN-02,Han River Bridge,Hai Chau,16.0718,108.2268,truck,35.7,S,CAM-02-2
OBS-0000170,2026-01-02 17:22:00,DN-01,Dragon Bridge,Hai Chau,16.0611,108.2273,motorbike,11.6,S,CAM-01-3
OBS-0000171,2026-03-12 21:39:00,DN-05,2 September Street,Hai Chau,16.0481,108.223,car,38.4,S,CAM-05-3
OBS-0000172,2026-01-16 23:50:00,DN-03,Nguyen Van Linh,Hai Chau,16.0595,108.2115,motorbike,46.9,N,CAM-03-1
OBS-0000173,2026-03-16 03:05:00,DN-01,Dragon Bridge,Hai Chau,16.0611,108.2273,motorbike,22.9,W,CAM-01-3
OBS-0000174,2026-01-31 19:42:00,DN-05,2 September Street,Hai Chau,16.0481,108.223,motorbike,31.4,E,CAM-05-1
OBS-0000175,2026-03-04 01:05:00,DN-06,Ngo Quyen,Son Tra,16.0644,108.2358,motorbike,31.8,W,CAM-06-1
OBS-0000176,2026-02-24 03:03:00,DN-03,Nguyen Van Linh,Hai Chau,16.0595,108.2115,car,31.5,S,CAM-03-2
OBS-0000177,2026-02-18 08:32:00,DN-06,Ngo Quyen,Son Tra,16.0644,108.2358,bus,28.4,S,CAM-06-3
OBS-0000178,2026-02-23 16:40:00,DN-04,Dien Bien Phu,Thanh Khe,16.0666,108.1912,motorbike,18.0,W,CAM-04-1
OBS-0000179,2026-03-28 21:08:00,DN-05,2 September Street,Hai Chau,16.0481,108.223,motorbike,24.0,S,CAM-05-1
OBS-0000180,2026-02-18 00:14:00,DN-05,2 September Street,Hai Chau,16.0481,108.223,motorbike,39.0,W,CAM-05-2
OBS-0000181,2026-02-10 10:36:00,DN-01,Dragon Bridge,Hai Chau,16.0611,108.2273,motorbike,24.9,N,CAM-01-2
OBS-0000182,2026-01-12 01:23:00,DN-05,2 September Street,Hai Chau,16.0481,108.223,motorbike,26.0,E,CAM-05-2
OBS-0000183,2026-03-18 23:37:00,DN-01,Dragon Bridge,Hai Chau,16.0611,108.2273,car,34.4,E,CAM-01-2
OBS-0000184,2026-03-09 07:44:00,DN-04,Dien Bien Phu,Thanh Khe,16.0666,108.1912,car,21.5,W,CAM-04-2
OBS-0000185,2026-03-16 11:06:00,DN-03,Nguyen Van Linh,Hai Chau,16.0595,108.2115,motorbike,39.8,S,CAM-03-3
OBS-0000186,2026-03-06 20:38:00,DN-03,Nguyen Van Linh,Hai Chau,16.0595,108.2115,truck,42.4,W,CAM-03-1
OBS-0000187,2026-03-02 12:02:00,DN-06,Ngo Quyen,Son Tra,16.0644,108.2358,motorbike,32.1,S,CAM-06-3
OBS-0000188,2026-02-28 16:01:00,DN-03,Nguyen Van Linh,Hai Chau,16.0595,108.2115,motorbike,25.6,S,CAM-03-3
OBS-0000189,2026-01-28 13:39:00,DN-05,2 September Street,Hai Chau,16.0481,108.223,motorbike,46.6,E,CAM-05-2
OBS-0000190,2026-01-23 01:53:00,DN-04,Dien Bien Phu,Thanh Khe,16.0666,108.1912,motorbike,29.8,E,CAM-04-1
OBS-0000191,2026-02-26 13:00:00,DN-06,Ngo Quyen,Son Tra,16.0644,108.2358,car,41.6,S,CAM-06-2
OBS-0000192,2026-02-27 22:09:00,DN-04,Dien Bien Phu,Thanh Khe,16.0666,108.1912,motorbike,29.1,N,CAM-04-3
OBS-0000193,2026-03-09 03:57:00,DN-03,Nguyen Van Linh,Hai Chau,16.0595,108.2115,motorbike,44.3,E,CAM-03-2
OBS-0000194,2026-03-31 13:37:00,DN-02,Han River Bridge,Hai Chau,16.0718,108.2268,car,41.4,E,CAM-02-3
OBS-0000195,2026-02-16 01:25:00,DN-05,2 September Street,Hai Chau,16.0481,108.223,car,24.3,S,CAM-05-1
OBS-0000196,2026-02-17 20:22:00,DN-04,Dien Bien Phu,Thanh Khe,16.0666,108.1912,motorbike,54.6,E,CAM-04-1
OBS-0000197,2026-02-23 05:05:00,DN-05,2 September Street,Hai Chau,16.0481,108.223,car,26.7,N,CAM-05-1
OBS-0000198,2026-01-20 14:20:00,DN-02,Han River Bridge,Hai Chau,16.0718,108.2268,motorbike,49.0,W,CAM-02-2
OBS-0000199,2026-02-09 15:14:00,DN-02,Han River Bridge,Hai Chau,16.0718,108.2268,motorbike,30.6,N,CAM-02-1
OBS-0000200,2026-02-06 04:26:00,DN-02,Han River Bridge,Hai Chau,16.0718,108.2268,motorbike,35.7,E,CAM-02-3
OBS-0000201,2026-03-22 05:36:00,DN-05,2 September Street,Hai Chau,16.0481,108.223,motorbike,29.7,N,CAM-05-1
OBS-0000202,2026-03-11 08:05:00,DN-01,Dragon Bridge,Hai Chau,16.0611,108.2273,motorbike,17.0,S,CAM-01-2
OBS-0000203,2026-02-07 16:07:00,DN-06,Ngo Quyen,Son Tra,16.0644,108.2358,car,24.5,W,CAM-06-2
OBS-0000204,2026-01-17 11:39:00,DN-05,2 September Street,Hai Chau,16.0481,108.223,motorbike,36.3,E,CAM-05-1
OBS-0000205,2026-02-10 08:32:00,DN-02,Han River Bridge,Hai Chau,16.0718,108.2268,motorbike,11.5,W,CAM-02-1
OBS-0000206,2026-01-02 20:59:00,DN-01,Dragon Bridge,Hai Chau,16.0611,108.2273,car,38.0,W,CAM-01-1
OBS-0000207,2026-02-15 07:37:00,DN-04,Dien Bien Phu,Thanh Khe,16.0666,108.1912,car,23.3,N,CAM-04-2
OBS-0000208,2026-02-08 23:18:00,DN-02,Han River Bridge,Hai Chau,16.0718,108.2268,car,38.4,E,CAM-02-3
OBS-0000209,2026-02-17 16:38:00,DN-05,2 September Street,Hai Chau,16.0481,108.223,truck,23.4,N,CAM-05-1
OBS-0000210,2026-02-25 04:39:00,DN-05,2 September Street,Hai Chau,16.0481,108.223,car,42.6,E,CAM-05-2
OBS-0000211,2026-03-05 05:56:00,DN-01,Dragon Bridge,Hai Chau,16.0611,108.2273,motorbike,39.6,N,CAM-01-3
OBS-0000212,2026-01-25 01:10:00,DN-05,2 September Street,Hai Chau,16.0481,108.223,motorbike,50.9,E,CAM-05-1
OBS-0000213,2026-03-17 01:47:00,DN-06,Ngo Quyen,Son Tra,16.0644,108.2358,motorbike,36.3,N,CAM-06-3
OBS-0000214,2026-01-23 21:56:00,DN-05,2 September Street,Hai Chau,16.0481,108.223,motorbike,33.0,E,CAM-05-2
OBS-0000215,2026-03-19 13:50:00,DN-06,Ngo Quyen,Son Tra,16.0644,108.2358,bus,42.2,W,CAM-06-1
OBS-0000216,2026-03-16 03:53:00,DN-03,Nguyen Van Linh,Hai Chau,16.0595,108.2115,motorbike,31.6,E,CAM-03-2
OBS-0000217,2026-03-21 09:24:00,DN-01,Dragon Bridge,Hai Chau,16.0611,108.2273,motorbike,17.0,E,CAM-01-3
OBS-0000218,2026-03-08 06:21:00,DN-03,Nguyen Van Linh,Hai Chau,16.0595,108.2115,bus,32.9,N,CAM-03-3
OBS-0000219,2026-02-06 22:55:00,DN-03,Nguyen Van Linh,Hai Chau,16.0595,108.2115,car,28.2,N,CAM-03-2
OBS-0000220,2026-03-10 18:47:00,DN-04,Dien Bien Phu,Thanh Khe,16.0666,108.1912,car,12.1,E,CAM-04-3
OBS-0000221,2026-02-02 14:38:00,DN-04,Dien Bien Phu,Thanh Khe,16.0666,108.1912,car,42.0,E,CAM-04-2
OBS-0000222,2026-02-02 18:48:00,DN-01,Dragon Bridge,Hai Chau,16.0611,108.2273,motorbike,20.4,N,CAM-01-3
OBS-0000223,2026-03-20 14:43:00,DN-01,Dragon Bridge,Hai Chau,16.0611,108.2273,motorbike,32.9,N,CAM-01-1
OBS-0000224,2026-02-09 07:11:00,DN-03,Nguyen Van Linh,Hai Chau,16.0595,108.2115,motorbike,8.4,E,CAM-03-3
OBS-0000225,2026-01-01 04:52:00,DN-03,Nguyen Van Linh,Hai Chau,16.0595,108.2115,motorbike,36.8,N,CAM-03-3
OBS-0000226,2026-03-27 02:51:00,DN-03,Nguyen Van Linh,Hai Chau,16.0595,108.2115,car,36.3,W,CAM-03-1
OBS-0000227,2026-02-25 18:05:00,DN-06,Ngo Quyen,Son Tra,16.0644,108.2358,motorbike,17.0,S,CAM-06-1
OBS-0000228,2026-01-21 21:05:00,DN-04,Dien Bien Phu,Thanh Khe,16.0666,108.1912,motorbike,35.6,N,CAM-04-1
OBS-0000229,2026-02-23 15:19:00,DN-01,Dragon Bridge,Hai Chau,16.0611,108.2273,motorbike,44.0,W,CAM-01-3
OBS-0000230,2026-01-03 04:22:00,DN-06,Ngo Quyen,Son Tra,16.0644,108.2358,car,27.5,E,CAM-06-2
OBS-0000231,2026-02-20 16:13:00,DN-03,Nguyen Van Linh,Hai Chau,16.0595,108.2115,motorbike,10.2,N,CAM-03-2
OBS-0000232,2026-01-14 14:44:00,DN-03,Nguyen Van Linh,Hai Chau,16.0595,108.2115,motorbike,26.4,S,CAM-03-3
OBS-0000233,2026-03-07 03:50:00,DN-04,Dien Bien Phu,Thanh Khe,16.0666,108.1912,motorbike,40.3,W,CAM-04-2
OBS-0000234,2026-02-27 21:16:00,DN-06,Ngo Quyen,Son Tra,16.0644,108.2358,motorbike,39.1,N,CAM-06-2
OBS-0000235,2026-03-14 11:27:00,DN-01,Dragon Bridge,Hai Chau,16.0611,108.2273,truck,36.9,W,CAM-01-3
OBS-0000236,2026-01-14 17:18:00,DN-05,2 September Street,Hai Chau,16.0481,108.223,motorbike,27.1,S,CAM-05-3
OBS-0000237,2026-01-03 19:48:00,DN-03,Nguyen Van Linh,Hai Chau,16.0595,108.2115,motorbike,17.9,E,CAM-03-2
OBS-0000238,2026-03-20 01:09:00,DN-01,Dragon Bridge,Hai Chau,16.0611,108.2273,truck,32.1,E,CAM-01-3
OBS-0000239,2026-01-09 10:32:00,DN-06,Ngo Quyen,Son Tra,16.0644,108.2358,motorbike,35.9,N,CAM-06-2
OBS-0000240,2026-02-21 04:16:00,DN-05,2 September Street,Hai Chau,16.0481,108.223,motorbike,39.2,N,CAM-05-3
OBS-0000241,2026-02-12 05:35:00,DN-02,Han River Bridge,Hai Chau,16.0718,108.2268,car,27.0,S,CAM-02-1
OBS-0000242,2026-02-20 06:30:00,DN-02,Han River Bridge,Hai Chau,16.0718,108.2268,motorbike,31.9,N,CAM-02-2
OBS-0000243,2026-02-23 12:28:00,DN-03,Nguyen Van Linh,Hai Chau,16.0595,108.2115,motorbike,31.1,S,CAM-03-2
OBS-0000244,2026-01-06 21:05:00,DN-04,Dien Bien Phu,Thanh Khe,16.0666,108.1912,bus,32.1,S,CAM-04-3
OBS-0000245,2026-03-14 15:57:00,DN-03,Nguyen Van Linh,Hai Chau,16.0595,108.2115,truck,41.2,E,CAM-03-1
OBS-0000246,2026-01-26 03:02:00,DN-06,Ngo Quyen,Son Tra,16.0644,108.2358,motorbike,36.8,N,CAM-06-2
OBS-0000247,2026-01-25 09:59:00,DN-02,Han River Bridge,Hai Chau,16.0718,108.2268,bus,6.9,N,CAM-02-1
OBS-0000248,2026-01-12 05:53:00,DN-03,Nguyen Van Linh,Hai Chau,16.0595,108.2115,motorbike,39.2,W,CAM-03-1
OBS-0000249,2026-01-29 18:46:00,DN-04,Dien Bien Phu,Thanh Khe,16.0666,108.1912,bus,18.1,N,CAM-04-1
OBS-0000250,2026-03-10 20:17:00,DN-03,Nguyen Van Linh,Hai Chau,16.0595,108.2115,motorbike,40.7,S,CAM-03-3
OBS-0000251,2026-03-27 07:12:00,DN-02,Han River Bridge,Hai Chau,16.0718,108.2268,motorbike,20.2,N,CAM-02-3
OBS-0000252,2026-01-09 12:51:00,DN-03,Nguyen Van Linh,Hai Chau,16.0595,108.2115,motorbike,33.6,W,CAM-03-3
OBS-0000253,2026-02-19 04:59:00,DN-03,Nguyen Van Linh,Hai Chau,16.0595,108.2115,motorbike,36.0,W,CAM-03-3
OBS-0000254,2026-03-04 19:14:00,DN-04,Dien Bien Phu,Thanh Khe,16.0666,108.1912,motorbike,15.4,E,CAM-04-2
OBS-0000255,2026-02-19 07:12:00,DN-02,Han River Bridge,Hai Chau,16.0718,108.2268,motorbike,32.3,W,CAM-02-3
OBS-0000256,2026-02-27 22:23:00,DN-01,Dragon Bridge,Hai Chau,16.0611,108.2273,car,31.7,N,CAM-01-2
OBS-0000257,2026-03-26 22:55:00,DN-04,Dien Bien Phu,Thanh Khe,16.0666,108.1912,motorbike,32.4,S,CAM-04-3
OBS-0000258,2026-02-06 17:19:00,DN-04,Dien Bien Phu,Thanh Khe,16.0666,108.1912,motorbike,7.6,E,CAM-04-1
OBS-0000259,2026-01-11 17:25:00,DN-03,Nguyen Van Linh,Hai Chau,16.0595,108.2115,motorbike,15.1,S,CAM-03-2
OBS-0000260,2026-01-01 19:33:00,DN-06,Ngo Quyen,Son Tra,16.0644,108.2358,motorbike,30.3,W,CAM-06-2
OBS-0000261,2026-02-05 20:10:00,DN-02,Han River Bridge,Hai Chau,16.0718,108.2268,motorbike,52.2,S,CAM-02-3
OBS-0000262,2026-01-28 10:45:00,DN-05,2 September Street,Hai Chau,16.0481,108.223,motorbike,29.5,W,CAM-05-2
OBS-0000263,2026-03-16 17:49:00,DN-04,Dien Bien Phu,Thanh Khe,16.0666,108.1912,motorbike,11.0,W,CAM-04-2
OBS-0000264,2026-02-25 08:02:00,DN-02,Han River Bridge,Hai Chau,16.0718,108.2268,motorbike,28.3,W,CAM-02-2
OBS-0000265,2026-03-31 01:25:00,DN-03,Nguyen Van Linh,Hai Chau,16.0595,108.2115,car,34.5,E,CAM-03-3
OBS-0000266,2026-03-19 21:29:00,DN-01,Dragon Bridge,Hai Chau,16.0611,108.2273,motorbike,26.2,E,CAM-01-1
OBS-0000267,2026-02-11 20:50:00,DN-01,Dragon Bridge,Hai Chau,16.0611,108.2273,motorbike,43.6,E,CAM-01-3
OBS-0000268,2026-02-12 11:06:00,DN-04,Dien Bien Phu,Thanh Khe,16.0666,108.1912,car,46.5,N,CAM-04-2
OBS-0000269,2026-03-22 14:35:00,DN-06,Ngo Quyen,Son Tra,16.0644,108.2358,car,40.7,E,CAM-06-2
OBS-0000270,2026-03-05 07:02:00,DN-03,Nguyen Van Linh,Hai Chau,16.0595,108.2115,car,8.3,W,CAM-03-3
OBS-0000271,2026-02-09 06:36:00,DN-05,2 September Street,Hai Chau,16.0481,108.223,motorbike,36.5,E,CAM-05-1
OBS-0000272,2026-01-06 00:29:00,DN-06,Ngo Quyen,Son Tra,16.0644,108.2358,motorbike,32.5,S,CAM-06-1
OBS-0000273,2026-03-15 17:15:00,DN-03,Nguyen Van Linh,Hai Chau,16.0595,108.2115,motorbike,9.5,E,CAM-03-1
OBS-0000274,2026-01-26 18:53:00,DN-06,Ngo Quyen,Son Tra,16.0644,108.2358,bus,21.4,E,CAM-06-2
OBS-0000275,2026-02-11 20:27:00,DN-03,Nguyen Van Linh,Hai Chau,16.0595,108.2115,truck,49.1,N,CAM-03-3
OBS-0000276,2026-01-25 04:51:00,DN-02,Han River Bridge,Hai Chau,16.0718,108.2268,car,34.2,W,CAM-02-1
OBS-0000277,2026-02-05 13:46:00,DN-02,Han River Bridge,Hai Chau,16.0718,108.2268,motorbike,47.9,N,CAM-02-3
OBS-0000278,2026-01-01 00:59:00,DN-05,2 September Street,Hai Chau,16.0481,108.223,motorbike,35.6,N,CAM-05-3
OBS-0000279,2026-02-27 00:09:00,DN-01,Dragon Bridge,Hai Chau,16.0611,108.2273,motorbike,33.6,N,CAM-01-1
OBS-0000280,2026-03-27 21:45:00,DN-05,2 September Street,Hai Chau,16.0481,108.223,motorbike,39.1,N,CAM-05-1
OBS-0000281,2026-01-15 04:28:00,DN-05,2 September Street,Hai Chau,16.0481,108.223,motorbike,19.3,W,CAM-05-1
OBS-0000282,2026-01-04 07:03:00,DN-02,Han River Bridge,Hai Chau,16.0718,108.2268,motorbike,21.9,W,CAM-02-2
OBS-0000283,2026-02-18 03:45:00,DN-06,Ngo Quyen,Son Tra,16.0644,108.2358,motorbike,39.2,W,CAM-06-1
OBS-0000284,2026-01-28 19:39:00,DN-01,Dragon Bridge,Hai Chau,16.0611,108.2273,motorbike,19.2,E,CAM-01-1
OBS-0000285,2026-01-01 10:57:00,DN-01,Dragon Bridge,Hai Chau,16.0611,108.2273,motorbike,39.3,N,CAM-01-1
OBS-0000286,2026-01-01 12:15:00,DN-03,Nguyen Van Linh,Hai Chau,16.0595,108.2115,car,41.0,N,CAM-03-1
OBS-0000287,2026-01-16 04:04:00,DN-03,Nguyen Van Linh,Hai Chau,16.0595,108.2115,truck,24.9,W,CAM-03-2
OBS-0000288,2026-01-31 16:38:00,DN-01,Dragon Bridge,Hai Chau,16.0611,108.2273,bus,24.8,S,CAM-01-3
OBS-0000289,2026-03-25 04:51:00,DN-02,Han River Bridge,Hai Chau,16.0718,108.2268,motorbike,53.9,W,CAM-02-1
OBS-0000290,2026-03-06 02:51:00,DN-05,2 September Street,Hai Chau,16.0481,108.223,motorbike,39.8,S,CAM-05-3
OBS-0000291,2026-02-13 04:36:00,DN-04,Dien Bien Phu,Thanh Khe,16.0666,108.1912,motorbike,40.7,S,CAM-04-3
OBS-0000292,2026-02-26 08:13:00,DN-06,Ngo Quyen,Son Tra,16.0644,108.2358,motorbike,26.1,N,CAM-06-3
OBS-0000293,2026-01-18 21:34:00,DN-02,Han River Bridge,Hai Chau,16.0718,108.2268,truck,22.0,N,CAM-02-3
OBS-0000294,2026-01-12 04:42:00,DN-04,Dien Bien Phu,Thanh Khe,16.0666,108.1912,motorbike,36.2,N,CAM-04-1
OBS-0000295,2026-03-20 06:55:00,DN-05,2 September Street,Hai Chau,16.0481,108.223,bus,42.4,W,CAM-05-1
OBS-0000296,2026-02-06 15:30:00,DN-06,Ngo Quyen,Son Tra,16.0644,108.2358,motorbike,30.1,E,CAM-06-2
OBS-0000297,2026-02-19 14:20:00,DN-03,Nguyen Van Linh,Hai Chau,16.0595,108.2115,motorbike,38.1,S,CAM-03-2
OBS-0000298,2026-02-05 22:09:00,DN-01,Dragon Bridge,Hai Chau,16.0611,108.2273,motorbike,35.9,S,CAM-01-2
OBS-0000299,2026-02-12 05:16:00,DN-05,2 September Street,Hai Chau,16.0481,108.223,motorbike,40.8,E,CAM-05-1
OBS-0000300,2026-03-23 09:19:00,DN-04,Dien Bien Phu,Thanh Khe,16.0666,108.1912,truck,26.2,S,CAM-04-2
OBS-0000301,2026-01-21 09:44:00,DN-03,Nguyen Van Linh,Hai Chau,16.0595,108.2115,motorbike,23.9,S,CAM-03-3
OBS-0000302,2026-02-22 02:46:00,DN-02,Han River Bridge,Hai Chau,16.0718,108.2268,motorbike,24.7,S,CAM-02-1
OBS-0000303,2026-03-08 12:19:00,DN-05,2 September Street,Hai Chau,16.0481,108.223,car,47.7,E,CAM-05-1
OBS-0000304,2026-01-15 02:04:00,DN-06,Ngo Quyen,Son Tra,16.0644,108.2358,motorbike,28.7,E,CAM-06-1
OBS-0000305,2026-01-15 20:22:00,DN-04,Dien Bien Phu,Thanh Khe,16.0666,108.1912,car,19.8,N,CAM-04-3
OBS-0000306,2026-02-27 16:22:00,DN-05,2 September Street,Hai Chau,16.0481,108.223,car,18.0,N,CAM-05-2
OBS-0000307,2026-03-21 19:53:00,DN-01,Dragon Bridge,Hai Chau,16.0611,108.2273,truck,20.9,W,CAM-01-1
OBS-0000308,2026-01-12 02:49:00,DN-03,Nguyen Van Linh,Hai Chau,16.0595,108.2115,motorbike,35.1,W,CAM-03-3
OBS-0000309,2026-03-16 16:23:00,DN-01,Dragon Bridge,Hai Chau,16.0611,108.2273,car,23.8,E,CAM-01-1
OBS-0000310,2026-02-23 20:09:00,DN-04,Dien Bien Phu,Thanh Khe,16.0666,108.1912,motorbike,38.6,W,CAM-04-3
OBS-0000311,2026-03-31 20:51:00,DN-02,Han River Bridge,Hai Chau,16.0718,108.2268,car,34.1,S,CAM-02-2
OBS-0000312,2026-03-05 06:15:00,DN-04,Dien Bien Phu,Thanh Khe,16.0666,108.1912,motorbike,29.8,S,CAM-04-1
OBS-0000313,2026-03-19 20:42:00,DN-06,Ngo Quyen,Son Tra,16.0644,108.2358,motorbike,30.5,S,CAM-06-3
OBS-0000314,2026-02-06 13:10:00,DN-03,Nguyen Van Linh,Hai Chau,16.0595,108.2115,motorbike,28.8,N,CAM-03-1
OBS-0000315,2026-01-12 15:51:00,DN-02,Han River Bridge,Hai Chau,16.0718,108.2268,car,39.0,W,CAM-02-3
OBS-0000316,2026-01-19 14:57:00,DN-03,Nguyen Van Linh,Hai Chau,16.0595,108.2115,motorbike,42.0,S,CAM-03-2
OBS-0000317,2026-03-12 16:17:00,DN-03,Nguyen Van Linh,Hai Chau,16.0595,108.2115,motorbike,13.1,N,CAM-03-1
OBS-0000318,2026-02-02 22:37:00,DN-06,Ngo Quyen,Son Tra,16.0644,108.2358,motorbike,41.6,N,CAM-06-2
OBS-0000319,2026-03-21 21:21:00,DN-02,Han River Bridge,Hai Chau,16.0718,108.2268,motorbike,40.8,W,CAM-02-1
OBS-0000320,2026-01-12 06:43:00,DN-06,Ngo Quyen,Son Tra,16.0644,108.2358,motorbike,32.4,E,CAM-06-1
OBS-0000321,2026-02-27 08:00:00,DN-02,Han River Bridge,Hai Chau,16.0718,108.2268,motorbike,17.0,N,CAM-02-3
OBS-0000322,2026-03-01 15:44:00,DN-05,2 September Street,Hai Chau,16.0481,108.223,motorbike,40.2,N,CAM-05-1
OBS-0000323,2026-01-24 02:14:00,DN-03,Nguyen Van Linh,Hai Chau,16.0595,108.2115,motorbike,34.0,N,CAM-03-1
OBS-0000324,2026-02-01 22:21:00,DN-02,Han River Bridge,Hai Chau,16.0718,108.2268,motorbike,42.2,N,CAM-02-2
OBS-0000325,2026-01-01 04:03:00,DN-02,Han River Bridge,Hai Chau,16.0718,108.2268,motorbike,30.9,S,CAM-02-3
OBS-0000326,2026-01-23 19:30:00,DN-06,Ngo Quyen,Son Tra,16.0644,108.2358,car,31.4,S,CAM-06-2
OBS-0000327,2026-02-21 15:30:00,DN-01,Dragon Bridge,Hai Chau,16.0611,108.2273,car,42.3,W,CAM-01-3
OBS-0000328,2026-01-06 23:45:00,DN-06,Ngo Quyen,Son Tra,16.0644,108.2358,car,40.7,E,CAM-06-1
OBS-0000329,2026-01-11 08:40:00,DN-06,Ngo Quyen,Son Tra,16.0644,108.2358,motorbike,25.3,S,CAM-06-3
OBS-0000330,2026-03-22 15:17:00,DN-05,2 September Street,Hai Chau,16.0481,108.223,car,32.7,W,CAM-05-1
OBS-0000331,2026-03-14 04:31:00,DN-04,Dien Bien Phu,Thanh Khe,16.0666,108.1912,motorbike,43.0,W,CAM-04-1
OBS-0000332,2026-03-06 21:55:00,DN-03,Nguyen Van Linh,Hai Chau,16.0595,108.2115,motorbike,26.7,E,CAM-03-1
OBS-0000333,2026-03-18 17:46:00,DN-03,Nguyen Van Linh,Hai Chau,16.0595,108.2115,motorbike,11.2,S,CAM-03-2
OBS-0000334,2026-03-10 20:11:00,DN-02,Han River Bridge,Hai Chau,16.0718,108.2268,motorbike,46.3,E,CAM-02-1
OBS-0000335,2026-03-06 04:41:00,DN-06,Ngo Quyen,Son Tra,16.0644,108.2358,car,43.8,W,CAM-06-2
OBS-0000336,2026-03-08 14:58:00,DN-03,Nguyen Van Linh,Hai Chau,16.0595,108.2115,car,43.7,W,CAM-03-2
OBS-0000337,2026-01-26 02:44:00,DN-01,Dragon Bridge,Hai Chau,16.0611,108.2273,motorbike,43.8,S,CAM-01-3
OBS-0000338,2026-02-05 14:44:00,DN-02,Han River Bridge,Hai Chau,16.0718,108.2268,car,24.6,E,CAM-02-2
OBS-0000339,2026-01-26 21:49:00,DN-01,Dragon Bridge,Hai Chau,16.0611,108.2273,motorbike,30.2,W,CAM-01-1
OBS-0000340,2026-02-08 21:06:00,DN-03,Nguyen Van Linh,Hai Chau,16.0595,108.2115,motorbike,30.1,S,CAM-03-1
OBS-0000341,2026-02-16 07:35:00,DN-02,Han River Bridge,Hai Chau,16.0718,108.2268,car,10.9,S,CAM-02-2
OBS-0000342,2026-03-18 20:11:00,DN-05,2 September Street,Hai Chau,16.0481,108.223,motorbike,41.8,N,CAM-05-1
OBS-0000343,2026-03-10 21:11:00,DN-05,2 September Street,Hai Chau,16.0481,108.223,motorbike,45.0,W,CAM-05-3
OBS-0000344,2026-03-15 10:10:00,DN-03,Nguyen Van Linh,Hai Chau,16.0595,108.2115,car,29.8,S,CAM-03-2
OBS-0000345,2026-01-03 10:08:00,DN-02,Han River Bridge,Hai Chau,16.0718,108.2268,car,31.5,S,CAM-02-2
OBS-0000346,2026-03-03 16:56:00,DN-04,Dien Bien Phu,Thanh Khe,16.0666,108.1912,bus,27.8,W,CAM-04-2
OBS-0000347,2026-02-15 20:36:00,DN-04,Dien Bien Phu,Thanh Khe,16.0666,108.1912,motorbike,27.8,E,CAM-04-3
OBS-0000348,2026-02-15 11:18:00,DN-01,Dragon Bridge,Hai Chau,16.0611,108.2273,motorbike,30.4,S,CAM-01-1
OBS-0000349,2026-03-28 02:59:00,DN-06,Ngo Quyen,Son Tra,16.0644,108.2358,motorbike,42.4,S,CAM-06-1
OBS-0000350,2026-02-26 23:33:00,DN-05,2 September Street,Hai Chau,16.0481,108.223,motorbike,32.0,W,CAM-05-2
OBS-0000351,2026-01-31 05:46:00,DN-05,2 September Street,Hai Chau,16.0481,108.223,car,34.5,W,CAM-05-1
OBS-0000352,2026-01-01 14:38:00,DN-01,Dragon Bridge,Hai Chau,16.0611,108.2273,motorbike,52.7,W,CAM-01-2
OBS-0000353,2026-01-03 00:55:00,DN-06,Ngo Quyen,Son Tra,16.0644,108.2358,car,47.0,S,CAM-06-1
OBS-0000354,2026-01-02 12:53:00,DN-04,Dien Bien Phu,Thanh Khe,16.0666,108.1912,bus,36.5,W,CAM-04-3
OBS-0000355,2026-03-31 23:47:00,DN-02,Han River Bridge,Hai Chau,16.0718,108.2268,motorbike,35.3,W,CAM-02-3
OBS-0000356,2026-01-05 15:49:00,DN-02,Han River Bridge,Hai Chau,16.0718,108.2268,car,33.7,S,CAM-02-2
OBS-0000357,2026-01-20 18:41:00,DN-03,Nguyen Van Linh,Hai Chau,16.0595,108.2115,motorbike,26.1,W,CAM-03-2
OBS-0000358,2026-01-20 02:49:00,DN-03,Nguyen Van Linh,Hai Chau,16.0595,108.2115,motorbike,40.0,S,CAM-03-1
OBS-0000359,2026-03-05 14:54:00,DN-04,Dien Bien Phu,Thanh Khe,16.0666,108.1912,car,29.1,N,CAM-04-2
OBS-0000360,2026-03-05 14:29:00,DN-01,Dragon Bridge,Hai Chau,16.0611,108.2273,motorbike,38.4,S,CAM-01-2
OBS-0000361,2026-02-10 05:43:00,DN-03,Nguyen Van Linh,Hai Chau,16.0595,108.2115,car,31.1,W,CAM-03-1
OBS-0000362,2026-02-01 22:37:00,DN-06,Ngo Quyen,Son Tra,16.0644,108.2358,car,28.5,N,CAM-06-3
OBS-0000363,2026-02-22 09:08:00,DN-05,2 September Street,Hai Chau,16.0481,108.223,motorbike,24.1,S,CAM-05-3
OBS-0000364,2026-03-06 05:11:00,DN-04,Dien Bien Phu,Thanh Khe,16.0666,108.1912,motorbike,35.4,W,CAM-04-3
OBS-0000365,2026-03-30 22:37:00,DN-02,Han River Bridge,Hai Chau,16.0718,108.2268,motorbike,43.0,S,CAM-02-1
OBS-0000366,2026-03-21 22:20:00,DN-02,Han River Bridge,Hai Chau,16.0718,108.2268,motorbike,29.5,W,CAM-02-1
OBS-0000367,2026-03-02 12:16:00,DN-03,Nguyen Van Linh,Hai Chau,16.0595,108.2115,motorbike,52.7,E,CAM-03-1
OBS-0000368,2026-01-17 11:27:00,DN-05,2 September Street,Hai Chau,16.0481,108.223,motorbike,37.4,E,CAM-05-1
OBS-0000369,2026-02-05 01:39:00,DN-03,Nguyen Van Linh,Hai Chau,16.0595,108.2115,motorbike,44.1,W,CAM-03-1
OBS-0000370,2026-03-05 11:32:00,DN-04,Dien Bien Phu,Thanh Khe,16.0666,108.1912,motorbike,34.3,E,CAM-04-2
OBS-0000371,2026-02-09 03:06:00,DN-02,Han River Bridge,Hai Chau,16.0718,108.2268,motorbike,38.5,E,CAM-02-2
OBS-0000372,2026-03-20 02:10:00,DN-01,Dragon Bridge,Hai Chau,16.0611,108.2273,motorbike,33.6,E,CAM-01-2
OBS-0000373,2026-03-28 12:43:00,DN-05,2 September Street,Hai Chau,16.0481,108.223,car,34.6,W,CAM-05-2
OBS-0000374,2026-02-18 12:41:00,DN-06,Ngo Quyen,Son Tra,16.0644,108.2358,motorbike,33.1,N,CAM-06-1
OBS-0000375,2026-02-27 11:26:00,DN-04,Dien Bien Phu,Thanh Khe,16.0666,108.1912,motorbike,33.4,E,CAM-04-3
OBS-0000376,2026-03-30 11:09:00,DN-01,Dragon Bridge,Hai Chau,16.0611,108.2273,motorbike,44.6,S,CAM-01-1
OBS-0000377,2026-03-14 18:47:00,DN-01,Dragon Bridge,Hai Chau,16.0611,108.2273,motorbike,18.8,N,CAM-01-3
OBS-0000378,2026-03-17 19:50:00,DN-06,Ngo Quyen,Son Tra,16.0644,108.2358,motorbike,18.9,W,CAM-06-3
OBS-0000379,2026-03-24 05:43:00,DN-06,Ngo Quyen,Son Tra,16.0644,108.2358,car,45.5,W,CAM-06-1
OBS-0000380,2026-01-07 09:44:00,DN-01,Dragon Bridge,Hai Chau,16.0611,108.2273,motorbike,24.9,E,CAM-01-3
OBS-0000381,2026-03-27 10:48:00,DN-03,Nguyen Van Linh,Hai Chau,16.0595,108.2115,motorbike,33.4,E,CAM-03-2
OBS-0000382,2026-03-09 13:47:00,DN-03,Nguyen Van Linh,Hai Chau,16.0595,108.2115,car,41.9,S,CAM-03-1
OBS-0000383,2026-03-02 20:31:00,DN-01,Dragon Bridge,Hai Chau,16.0611,108.2273,car,38.9,N,CAM-01-3
OBS-0000384,2026-03-15 06:49:00,DN-05,2 September Street,Hai Chau,16.0481,108.223,car,39.9,N,CAM-05-3
OBS-0000385,2026-02-15 21:05:00,DN-06,Ngo Quyen,Son Tra,16.0644,108.2358,motorbike,25.2,E,CAM-06-1
OBS-0000386,2026-03-13 21:43:00,DN-01,Dragon Bridge,Hai Chau,16.0611,108.2273,motorbike,24.5,S,CAM-01-2
OBS-0000387,2026-01-21 23:01:00,DN-06,Ngo Quyen,Son Tra,16.0644,108.2358,motorbike,41.8,W,CAM-06-3
OBS-0000388,2026-03-19 17:56:00,DN-03,Nguyen Van Linh,Hai Chau,16.0595,108.2115,truck,24.7,W,CAM-03-3
OBS-0000389,2026-03-23 08:44:00,DN-03,Nguyen Van Linh,Hai Chau,16.0595,108.2115,motorbike,20.5,E,CAM-03-3
OBS-0000390,2026-01-02 01:15:00,DN-05,2 September Street,Hai Chau,16.0481,108.223,motorbike,34.4,E,CAM-05-3
OBS-0000391,2026-01-05 02:43:00,DN-05,2 September Street,Hai Chau,16.0481,108.223,motorbike,36.0,E,CAM-05-2
OBS-0000392,2026-03-15 12:40:00,DN-06,Ngo Quyen,Son Tra,16.0644,108.2358,car,29.2,E,CAM-06-1
OBS-0000393,2026-01-25 18:47:00,DN-05,2 September Street,Hai Chau,16.0481,108.223,motorbike,14.1,W,CAM-05-3
OBS-0000394,2026-01-24 19:41:00,DN-02,Han River Bridge,Hai Chau,16.0718,108.2268,motorbike,31.3,E,CAM-02-2
OBS-0000395,2026-01-20 16:52:00,DN-01,Dragon Bridge,Hai Chau,16.0611,108.2273,motorbike,13.2,E,CAM-01-1
OBS-0000396,2026-03-01 00:46:00,DN-04,Dien Bien Phu,Thanh Khe,16.0666,108.1912,motorbike,42.5,N,CAM-04-3
OBS-0000397,2026-03-01 18:19:00,DN-03,Nguyen Van Linh,Hai Chau,16.0595,108.2115,car,15.6,N,CAM-03-2
OBS-0000398,2026-03-05 02:35:00,DN-02,Han River Bridge,Hai Chau,16.0718,108.2268,motorbike,41.1,E,CAM-02-2
OBS-0000399,2026-02-10 08:52:00,DN-04,Dien Bien Phu,Thanh Khe,16.0666,108.1912,car,11.9,W,CAM-04-3
OBS-0000400,2026-01-07 13:58:00,DN-05,2 September Street,Hai Chau,16.0481,108.223,motorbike,46.1,E,CAM-05-3
OBS-0000401,2026-01-25 17:25:00,DN-06,Ngo Quyen,Son Tra,16.0644,108.2358,motorbike,28.9,S,CAM-06-3
OBS-0000402,2026-01-24 00:22:00,DN-06,Ngo Quyen,Son Tra,16.0644,108.2358,motorbike,38.8,W,CAM-06-3
OBS-0000403,2026-01-29 13:59:00,DN-06,Ngo Quyen,Son Tra,16.0644,108.2358,truck,34.5,S,CAM-06-3
OBS-0000404,2026-03-19 21:09:00,DN-06,Ngo Quyen,Son Tra,16.0644,108.2358,car,41.3,E,CAM-06-3
OBS-0000405,2026-03-31 21:52:00,DN-04,Dien Bien Phu,Thanh Khe,16.0666,108.1912,car,37.9,E,CAM-04-2
OBS-0000406,2026-02-18 09:00:00,DN-04,Dien Bien Phu,Thanh Khe,16.0666,108.1912,motorbike,11.9,W,CAM-04-1
OBS-0000407,2026-01-26 10:13:00,DN-06,Ngo Quyen,Son Tra,16.0644,108.2358,motorbike,35.5,S,CAM-06-1
OBS-0000408,2026-02-15 12:22:00,DN-02,Han River Bridge,Hai Chau,16.0718,108.2268,car,28.7,E,CAM-02-1
OBS-0000409,2026-03-31 14:08:00,DN-06,Ngo Quyen,Son Tra,16.0644,108.2358,car,35.4,E,CAM-06-3
OBS-0000410,2026-03-11 11:18:00,DN-04,Dien Bien Phu,Thanh Khe,16.0666,108.1912,car,45.6,W,CAM-04-3
OBS-0000411,2026-03-17 14:49:00,DN-01,Dragon Bridge,Hai Chau,16.0611,108.2273,motorbike,29.7,E,CAM-01-3
OBS-0000412,2026-02-23 10:14:00,DN-05,2 September Street,Hai Chau,16.0481,108.223,truck,37.5,N,CAM-05-2
OBS-0000413,2026-02-11 17:22:00,DN-05,2 September Street,Hai Chau,16.0481,108.223,motorbike,9.2,W,CAM-05-2
OBS-0000414,2026-02-09 00:57:00,DN-04,Dien Bien Phu,Thanh Khe,16.0666,108.1912,motorbike,31.6,E,CAM-04-2
OBS-0000415,2026-02-28 08:36:00,DN-03,Nguyen Van Linh,Hai Chau,16.0595,108.2115,car,1.6,W,CAM-03-2
OBS-0000416,2026-02-19 05:10:00,DN-01,Dragon Bridge,Hai Chau,16.0611,108.2273,motorbike,34.4,W,CAM-01-3
OBS-0000417,2026-01-18 02:34:00,DN-03,Nguyen Van Linh,Hai Chau,16.0595,108.2115,motorbike,46.5,E,CAM-03-3
OBS-0000418,2026-01-07 03:30:00,DN-04,Dien Bien Phu,Thanh Khe,16.0666,108.1912,motorbike,44.1,E,CAM-04-3
OBS-0000419,2026-02-07 01:28:00,DN-02,Han River Bridge,Hai Chau,16.0718,108.2268,motorbike,33.5,N,CAM-02-1
OBS-0000420,2026-01-08 20:14:00,DN-05,2 September Street,Hai Chau,16.0481,108.223,motorbike,36.3,S,CAM-05-3
OBS-0000421,2026-01-19 14:43:00,DN-01,Dragon Bridge,Hai Chau,16.0611,108.2273,motorbike,37.0,N,CAM-01-2
OBS-0000422,2026-02-12 12:02:00,DN-04,Dien Bien Phu,Thanh Khe,16.0666,108.1912,motorbike,28.8,E,CAM-04-3
OBS-0000423,2026-02-02 02:21:00,DN-03,Nguyen Van Linh,Hai Chau,16.0595,108.2115,motorbike,32.1,W,CAM-03-3
OBS-0000424,2026-01-17 07:15:00,DN-05,2 September Street,Hai Chau,16.0481,108.223,bus,19.4,S,CAM-05-3
OBS-0000425,2026-02-18 07:38:00,DN-06,Ngo Quyen,Son Tra,16.0644,108.2358,truck,29.4,E,CAM-06-2
OBS-0000426,2026-03-31 16:31:00,DN-01,Dragon Bridge,Hai Chau,16.0611,108.2273,car,28.8,S,CAM-01-2
OBS-0000427,2026-01-11 19:04:00,DN-01,Dragon Bridge,Hai Chau,16.0611,108.2273,car,15.7,W,CAM-01-1
OBS-0000428,2026-02-06 19:50:00,DN-04,Dien Bien Phu,Thanh Khe,16.0666,108.1912,motorbike,21.0,E,CAM-04-2
OBS-0000429,2026-01-28 22:20:00,DN-01,Dragon Bridge,Hai Chau,16.0611,108.2273,motorbike,43.1,S,CAM-01-2
OBS-0000430,2026-01-13 08:52:00,DN-03,Nguyen Van Linh,Hai Chau,16.0595,108.2115,truck,18.0,W,CAM-03-2
OBS-0000431,2026-01-21 14:30:00,DN-01,Dragon Bridge,Hai Chau,16.0611,108.2273,motorbike,42.1,N,CAM-01-2
OBS-0000432,2026-03-17 00:23:00,DN-02,Han River Bridge,Hai Chau,16.0718,108.2268,motorbike,46.1,W,CAM-02-2
OBS-0000433,2026-02-17 07:47:00,DN-02,Han River Bridge,Hai Chau,16.0718,108.2268,car,34.8,S,CAM-02-1
OBS-0000434,2026-03-17 12:22:00,DN-03,Nguyen Van Linh,Hai Chau,16.0595,108.2115,motorbike,52.5,E,CAM-03-3
OBS-0000435,2026-03-22 04:52:00,DN-01,Dragon Bridge,Hai Chau,16.0611,108.2273,motorbike,38.0,N,CAM-01-3
OBS-0000436,2026-03-05 07:56:00,DN-03,Nguyen Van Linh,Hai Chau,16.0595,108.2115,car,5.1,E,CAM-03-2
OBS-0000437,2026-03-21 08:49:00,DN-03,Nguyen Van Linh,Hai Chau,16.0595,108.2115,car,14.6,E,CAM-03-3
OBS-0000438,2026-02-05 22:12:00,DN-04,Dien Bien Phu,Thanh Khe,16.0666,108.1912,motorbike,30.7,W,CAM-04-1
OBS-0000439,2026-02-03 01:58:00,DN-02,Han River Bridge,Hai Chau,16.0718,108.2268,car,37.9,E,CAM-02-3
OBS-0000440,2026-02-05 23:51:00,DN-02,Han River Bridge,Hai Chau,16.0718,108.2268,motorbike,34.7,N,CAM-02-1
OBS-0000441,2026-03-04 00:20:00,DN-06,Ngo Quyen,Son Tra,16.0644,108.2358,motorbike,42.9,E,CAM-06-3
OBS-0000442,2026-02-02 15:13:00,DN-02,Han River Bridge,Hai Chau,16.0718,108.2268,bus,26.6,N,CAM-02-1
OBS-0000443,2026-03-15 16:16:00,DN-04,Dien Bien Phu,Thanh Khe,16.0666,108.1912,motorbike,36.7,W,CAM-04-2
OBS-0000444,2026-02-22 19:48:00,DN-06,Ngo Quyen,Son Tra,16.0644,108.2358,motorbike,32.8,N,CAM-06-2
OBS-0000445,2026-01-09 11:51:00,DN-03,Nguyen Van Linh,Hai Chau,16.0595,108.2115,motorbike,43.7,N,CAM-03-3
OBS-0000446,2026-02-11 05:50:00,DN-01,Dragon Bridge,Hai Chau,16.0611,108.2273,motorbike,36.9,W,CAM-01-2
OBS-0000447,2026-03-29 16:05:00,DN-03,Nguyen Van Linh,Hai Chau,16.0595,108.2115,car,9.3,S,CAM-03-2
OBS-0000448,2026-02-18 19:30:00,DN-05,2 September Street,Hai Chau,16.0481,108.223,motorbike,34.3,S,CAM-05-1
OBS-0000449,2026-01-14 13:58:00,DN-02,Han River Bridge,Hai Chau,16.0718,108.2268,car,34.6,N,CAM-02-3
OBS-0000450,2026-02-17 12:38:00,DN-05,2 September Street,Hai Chau,16.0481,108.223,motorbike,42.5,S,CAM-05-3
OBS-0000451,2026-01-20 00:25:00,DN-03,Nguyen Van Linh,Hai Chau,16.0595,108.2115,car,58.8,N,CAM-03-3
OBS-0000452,2026-01-11 09:48:00,DN-04,Dien Bien Phu,Thanh Khe,16.0666,108.1912,bus,15.9,S,CAM-04-1
OBS-0000453,2026-02-03 15:32:00,DN-04,Dien Bien Phu,Thanh Khe,16.0666,108.1912,motorbike,30.9,S,CAM-04-2
OBS-0000454,2026-02-15 08:17:00,DN-03,Nguyen Van Linh,Hai Chau,16.0595,108.2115,motorbike,27.6,E,CAM-03-1
OBS-0000455,2026-03-29 09:03:00,DN-05,2 September Street,Hai Chau,16.0481,108.223,bus,24.4,E,CAM-05-3
OBS-0000456,2026-01-18 07:32:00,DN-06,Ngo Quyen,Son Tra,16.0644,108.2358,car,18.7,S,CAM-06-3
OBS-0000457,2026-01-08 21:30:00,DN-05,2 September Street,Hai Chau,16.0481,108.223,motorbike,26.3,W,CAM-05-1
OBS-0000458,2026-01-18 08:25:00,DN-06,Ngo Quyen,Son Tra,16.0644,108.2358,car,24.9,W,CAM-06-1
OBS-0000459,2026-03-01 14:07:00,DN-01,Dragon Bridge,Hai Chau,16.0611,108.2273,car,34.4,W,CAM-01-3
OBS-0000460,2026-01-29 18:06:00,DN-01,Dragon Bridge,Hai Chau,16.0611,108.2273,motorbike,27.5,W,CAM-01-1
OBS-0000461,2026-03-08 19:31:00,DN-03,Nguyen Van Linh,Hai Chau,16.0595,108.2115,car,15.6,S,CAM-03-3
OBS-0000462,2026-02-13 02:01:00,DN-06,Ngo Quyen,Son Tra,16.0644,108.2358,motorbike,17.5,S,CAM-06-2
OBS-0000463,2026-02-22 21:42:00,DN-02,Han River Bridge,Hai Chau,16.0718,108.2268,car,39.8,E,CAM-02-2
OBS-0000464,2026-03-04 21:44:00,DN-03,Nguyen Van Linh,Hai Chau,16.0595,108.2115,motorbike,25.6,N,CAM-03-3
OBS-0000465,2026-02-12 20:22:00,DN-06,Ngo Quyen,Son Tra,16.0644,108.2358,motorbike,41.9,W,CAM-06-1
OBS-0000466,2026-02-12 12:23:00,DN-04,Dien Bien Phu,Thanh Khe,16.0666,108.1912,motorbike,44.2,W,CAM-04-2
OBS-0000467,2026-01-30 18:41:00,DN-03,Nguyen Van Linh,Hai Chau,16.0595,108.2115,motorbike,19.0,N,CAM-03-2
OBS-0000468,2026-01-11 20:54:00,DN-02,Han River Bridge,Hai Chau,16.0718,108.2268,motorbike,40.3,N,CAM-02-2
OBS-0000469,2026-02-06 21:23:00,DN-02,Han River Bridge,Hai Chau,16.0718,108.2268,motorbike,45.3,E,CAM-02-1
OBS-0000470,2026-01-14 16:00:00,DN-03,Nguyen Van Linh,Hai Chau,16.0595,108.2115,bus,25.0,W,CAM-03-3
OBS-0000471,2026-02-14 01:49:00,DN-03,Nguyen Van Linh,Hai Chau,16.0595,108.2115,motorbike,23.4,S,CAM-03-2
OBS-0000472,2026-02-03 02:11:00,DN-01,Dragon Bridge,Hai Chau,16.0611,108.2273,motorbike,44.9,N,CAM-01-3
OBS-0000473,2026-03-09 09:51:00,DN-05,2 September Street,Hai Chau,16.0481,108.223,car,14.4,S,CAM-05-1
OBS-0000474,2026-02-24 06:19:00,DN-05,2 September Street,Hai Chau,16.0481,108.223,car,48.7,W,CAM-05-2
OBS-0000475,2026-02-24 20:54:00,DN-01,Dragon Bridge,Hai Chau,16.0611,108.2273,motorbike,52.3,W,CAM-01-1
OBS-0000476,2026-01-05 06:49:00,DN-04,Dien Bien Phu,Thanh Khe,16.0666,108.1912,motorbike,45.1,W,CAM-04-2
OBS-0000477,2026-01-28 16:56:00,DN-04,Dien Bien Phu,Thanh Khe,16.0666,108.1912,car,33.5,S,CAM-04-2
OBS-0000478,2026-02-15 21:34:00,DN-04,Dien Bien Phu,Thanh Khe,16.0666,108.1912,car,24.5,N,CAM-04-2
OBS-0000479,2026-02-11 08:18:00,DN-06,Ngo Quyen,Son Tra,16.0644,108.2358,motorbike,23.8,E,CAM-06-1
OBS-0000480,2026-02-05 09:47:00,DN-02,Han River Bridge,Hai Chau,16.0718,108.2268,motorbike,13.5,W,CAM-02-3
OBS-0000481,2026-01-04 22:29:00,DN-04,Dien Bien Phu,Thanh Khe,16.0666,108.1912,motorbike,37.9,W,CAM-04-2
OBS-0000482,2026-03-09 20:13:00,DN-03,Nguyen Van Linh,Hai Chau,16.0595,108.2115,motorbike,44.6,N,CAM-03-2
OBS-0000483,2026-02-14 19:57:00,DN-03,Nguyen Van Linh,Hai Chau,16.0595,108.2115,car,10.0,W,CAM-03-2
OBS-0000484,2026-03-10 22:56:00,DN-06,Ngo Quyen,Son Tra,16.0644,108.2358,motorbike,40.5,W,CAM-06-3
OBS-0000485,2026-01-02 06:07:00,DN-02,Han River Bridge,Hai Chau,16.0718,108.2268,motorbike,48.1,N,CAM-02-3
OBS-0000486,2026-01-11 23:17:00,DN-01,Dragon Bridge,Hai Chau,16.0611,108.2273,car,31.3,S,CAM-01-1
OBS-0000487,2026-02-13 08:42:00,DN-01,Dragon Bridge,Hai Chau,16.0611,108.2273,motorbike,3.9,N,CAM-01-3
OBS-0000488,2026-03-24 04:59:00,DN-06,Ngo Quyen,Son Tra,16.0644,108.2358,car,36.4,N,CAM-06-2
OBS-0000489,2026-01-17 10:15:00,DN-02,Han River Bridge,Hai Chau,16.0718,108.2268,motorbike,43.2,W,CAM-02-3
OBS-0000490,2026-03-10 19:36:00,DN-06,Ngo Quyen,Son Tra,16.0644,108.2358,motorbike,32.5,S,CAM-06-3
OBS-0000491,2026-01-08 15:49:00,DN-06,Ngo Quyen,Son Tra,16.0644,108.2358,motorbike,31.9,N,CAM-06-1
OBS-0000492,2026-03-04 09:02:00,DN-04,Dien Bien Phu,Thanh Khe,16.0666,108.1912,motorbike,22.3,E,CAM-04-3
OBS-0000493,2026-03-08 01:47:00,DN-03,Nguyen Van Linh,Hai Chau,16.0595,108.2115,motorbike,40.5,E,CAM-03-2
OBS-0000494,2026-03-08 07:18:00,DN-02,Han River Bridge,Hai Chau,16.0718,108.2268,motorbike,19.9,N,CAM-02-1
OBS-0000495,2026-01-13 16:42:00,DN-01,Dragon Bridge,Hai Chau,16.0611,108.2273,motorbike,33.8,S,CAM-01-2
OBS-0000496,2026-02-12 01:44:00,DN-05,2 September Street,Hai Chau,16.0481,108.223,motorbike,42.5,W,CAM-05-3
OBS-0000497,2026-02-05 16:38:00,DN-04,Dien Bien Phu,Thanh Khe,16.0666,108.1912,motorbike,26.7,W,CAM-04-3
OBS-0000498,2026-02-14 00:02:00,DN-06,Ngo Quyen,Son Tra,16.0644,108.2358,car,29.8,N,CAM-06-2
OBS-0000499,2026-02-19 16:55:00,DN-03,Nguyen Van Linh,Hai Chau,16.0595,108.2115,motorbike,15.0,E,CAM-03-1
OBS-0000500,2026-03-18 14:15:00,DN-05,2 September Street,Hai Chau,16.0481,108.223,car,37.9,W,CAM-05-3
OBS-0000501,2026-03-28 00:30:00,DN-06,Ngo Quyen,Son Tra,16.0644,108.2358,car,42.2,S,CAM-06-1
OBS-0000502,2026-02-02 14:22:00,DN-03,Nguyen Van Linh,Hai Chau,16.0595,108.2115,car,31.2,N,CAM-03-1
OBS-0000503,2026-02-10 14:51:00,DN-03,Nguyen Van Linh,Hai Chau,16.0595,108.2115,motorbike,46.2,N,CAM-03-2
OBS-0000504,2026-01-15 14:42:00,DN-05,2 September Street,Hai Chau,16.0481,108.223,motorbike,45.8,E,CAM-05-2
OBS-0000505,2026-01-28 15:22:00,DN-01,Dragon Bridge,Hai Chau,16.0611,108.2273,motorbike,41.2,E,CAM-01-2
OBS-0000506,2026-03-29 01:17:00,DN-01,Dragon Bridge,Hai Chau,16.0611,108.2273,motorbike,46.1,S,CAM-01-1
OBS-0000507,2026-02-08 13:40:00,DN-05,2 September Street,Hai Chau,16.0481,108.223,motorbike,42.0,W,CAM-05-2
OBS-0000508,2026-02-01 16:38:00,DN-02,Han River Bridge,Hai Chau,16.0718,108.2268,motorbike,23.2,N,CAM-02-2
OBS-0000509,2026-01-05 07:46:00,DN-04,Dien Bien Phu,Thanh Khe,16.0666,108.1912,truck,4.0,N,CAM-04-3
OBS-0000510,2026-02-13 18:17:00,DN-02,Han River Bridge,Hai Chau,16.0718,108.2268,motorbike,19.3,E,CAM-02-3
OBS-0000511,2026-02-22 08:05:00,DN-06,Ngo Quyen,Son Tra,16.0644,108.2358,motorbike,9.1,S,CAM-06-3
OBS-0000512,2026-03-29 17:29:00,DN-02,Han River Bridge,Hai Chau,16.0718,108.2268,motorbike,22.0,S,CAM-02-2
OBS-0000513,2026-01-17 14:38:00,DN-05,2 September Street,Hai Chau,16.0481,108.223,car,40.0,W,CAM-05-3
OBS-0000514,2026-03-08 07:18:00,DN-05,2 September Street,Hai Chau,16.0481,108.223,motorbike,24.4,E,CAM-05-3
OBS-0000515,2026-02-22 03:43:00,DN-03,Nguyen Van Linh,Hai Chau,16.0595,108.2115,car,31.4,E,CAM-03-3
OBS-0000516,2026-01-12 14:49:00,DN-03,Nguyen Van Linh,Hai Chau,16.0595,108.2115,motorbike,31.8,E,CAM-03-1
OBS-0000517,2026-01-24 09:23:00,DN-06,Ngo Quyen,Son Tra,16.0644,108.2358,motorbike,33.3,W,CAM-06-2
OBS-0000518,2026-01-25 16:08:00,DN-01,Dragon Bridge,Hai Chau,16.0611,108.2273,motorbike,15.9,S,CAM-01-3
OBS-0000519,2026-03-15 22:44:00,DN-01,Dragon Bridge,Hai Chau,16.0611,108.2273,motorbike,22.5,S,CAM-01-3
OBS-0000520,2026-03-13 13:04:00,DN-05,2 September Street,Hai Chau,16.0481,108.223,motorbike,40.0,N,CAM-05-3
OBS-0000521,2026-03-30 11:47:00,DN-04,Dien Bien Phu,Thanh Khe,16.0666,108.1912,motorbike,42.3,N,CAM-04-1
OBS-0000522,2026-03-25 08:08:00,DN-02,Han River Bridge,Hai Chau,16.0718,108.2268,motorbike,39.3,S,CAM-02-2
OBS-0000523,2026-02-16 17:06:00,DN-04,Dien Bien Phu,Thanh Khe,16.0666,108.1912,motorbike,13.4,N,CAM-04-1
OBS-0000524,2026-02-25 14:31:00,DN-06,Ngo Quyen,Son Tra,16.0644,108.2358,motorbike,41.7,W,CAM-06-2
OBS-0000525,2026-01-28 23:10:00,DN-04,Dien Bien Phu,Thanh Khe,16.0666,108.1912,motorbike,29.8,N,CAM-04-1
OBS-0000526,2026-01-10 02:18:00,DN-05,2 September Street,Hai Chau,16.0481,108.223,motorbike,34.0,S,CAM-05-1
OBS-0000527,2026-02-25 16:20:00,DN-01,Dragon Bridge,Hai Chau,16.0611,108.2273,motorbike,26.6,E,CAM-01-2
OBS-0000528,2026-01-08 10:06:00,DN-04,Dien Bien Phu,Thanh Khe,16.0666,108.1912,motorbike,34.8,S,CAM-04-2
OBS-0000529,2026-01-15 13:06:00,DN-04,Dien Bien Phu,Thanh Khe,16.0666,108.1912,car,48.9,S,CAM-04-1
OBS-0000530,2026-01-25 08:12:00,DN-06,Ngo Quyen,Son Tra,16.0644,108.2358,motorbike,10.7,S,CAM-06-1
OBS-0000531,2026-02-06 12:09:00,DN-01,Dragon Bridge,Hai Chau,16.0611,108.2273,motorbike,41.7,E,CAM-01-1
OBS-0000532,2026-02-10 08:49:00,DN-02,Han River Bridge,Hai Chau,16.0718,108.2268,motorbike,30.8,N,CAM-02-1
OBS-0000533,2026-03-24 01:27:00,DN-01,Dragon Bridge,Hai Chau,16.0611,108.2273,car,40.5,W,CAM-01-2
OBS-0000534,2026-01-11 11:19:00,DN-04,Dien Bien Phu,Thanh Khe,16.0666,108.1912,motorbike,37.3,N,CAM-04-3
OBS-0000535,2026-01-31 12:22:00,DN-03,Nguyen Van Linh,Hai Chau,16.0595,108.2115,car,41.2,S,CAM-03-3
OBS-0000536,2026-01-31 02:31:00,DN-02,Han River Bridge,Hai Chau,16.0718,108.2268,truck,30.0,N,CAM-02-2
OBS-0000537,2026-03-10 00:31:00,DN-06,Ngo Quyen,Son Tra,16.0644,108.2358,motorbike,40.5,W,CAM-06-2
OBS-0000538,2026-01-12 15:44:00,DN-01,Dragon Bridge,Hai Chau,16.0611,108.2273,truck,33.2,W,CAM-01-2
OBS-0000539,2026-01-13 05:37:00,DN-06,Ngo Quyen,Son Tra,16.0644,108.2358,car,39.8,N,CAM-06-1
OBS-0000540,2026-03-07 09:15:00,DN-03,Nguyen Van Linh,Hai Chau,16.0595,108.2115,truck,17.5,W,CAM-03-3
OBS-0000541,2026-01-05 00:18:00,DN-02,Han River Bridge,Hai Chau,16.0718,108.2268,motorbike,40.7,S,CAM-02-3
OBS-0000542,2026-02-13 05:34:00,DN-02,Han River Bridge,Hai Chau,16.0718,108.2268,motorbike,48.2,S,CAM-02-1
OBS-0000543,2026-01-13 15:20:00,DN-05,2 September Street,Hai Chau,16.0481,108.223,truck,35.4,S,CAM-05-3
OBS-0000544,2026-03-09 23:47:00,DN-03,Nguyen Van Linh,Hai Chau,16.0595,108.2115,car,34.3,E,CAM-03-2
OBS-0000545,2026-01-12 03:21:00,DN-02,Han River Bridge,Hai Chau,16.0718,108.2268,car,41.1,E,CAM-02-2
OBS-0000546,2026-02-12 23:10:00,DN-06,Ngo Quyen,Son Tra,16.0644,108.2358,motorbike,35.2,N,CAM-06-3
OBS-0000547,2026-03-23 12:07:00,DN-02,Han River Bridge,Hai Chau,16.0718,108.2268,car,36.0,W,CAM-02-1
OBS-0000548,2026-03-19 04:21:00,DN-05,2 September Street,Hai Chau,16.0481,108.223,car,31.7,S,CAM-05-1
OBS-0000549,2026-03-20 04:07:00,DN-05,2 September Street,Hai Chau,16.0481,108.223,motorbike,33.6,N,CAM-05-1
OBS-0000550,2026-02-07 09:12:00,DN-01,Dragon Bridge,Hai Chau,16.0611,108.2273,motorbike,20.6,S,CAM-01-3
OBS-0000551,2026-01-30 18:37:00,DN-06,Ngo Quyen,Son Tra,16.0644,108.2358,motorbike,22.9,W,CAM-06-2
OBS-0000552,2026-01-10 15:09:00,DN-02,Han River Bridge,Hai Chau,16.0718,108.2268,car,38.2,N,CAM-02-1
OBS-0000553,2026-03-03 17:33:00,DN-02,Han River Bridge,Hai Chau,16.0718,108.2268,motorbike,34.8,W,CAM-02-3
OBS-0000554,2026-01-26 19:51:00,DN-03,Nguyen Van Linh,Hai Chau,16.0595,108.2115,motorbike,24.1,E,CAM-03-3
OBS-0000555,2026-02-26 18:36:00,DN-01,Dragon Bridge,Hai Chau,16.0611,108.2273,car,19.7,E,CAM-01-1
OBS-0000556,2026-02-18 18:02:00,DN-05,2 September Street,Hai Chau,16.0481,108.223,motorbike,25.8,E,CAM-05-1
OBS-0000557,2026-02-23 16:45:00,DN-06,Ngo Quyen,Son Tra,16.0644,108.2358,car,20.7,N,CAM-06-3
OBS-0000558,2026-02-14 12:26:00,DN-01,Dragon Bridge,Hai Chau,16.0611,108.2273,motorbike,42.9,E,CAM-01-2
OBS-0000559,2026-01-24 20:20:00,DN-05,2 September Street,Hai Chau,16.0481,108.223,motorbike,26.5,E,CAM-05-1
OBS-0000560,2026-03-07 16:18:00,DN-03,Nguyen Van Linh,Hai Chau,16.0595,108.2115,car,9.6,N,CAM-03-3
OBS-0000561,2026-02-01 08:00:00,DN-01,Dragon Bridge,Hai Chau,16.0611,108.2273,car,15.5,N,CAM-01-1
OBS-0000562,2026-01-10 11:04:00,DN-05,2 September Street,Hai Chau,16.0481,108.223,car,29.8,W,CAM-05-2
OBS-0000563,2026-01-06 08:17:00,DN-02,Han River Bridge,Hai Chau,16.0718,108.2268,motorbike,34.6,E,CAM-02-1
OBS-0000564,2026-03-25 06:13:00,DN-01,Dragon Bridge,Hai Chau,16.0611,108.2273,motorbike,41.2,N,CAM-01-2
OBS-0000565,2026-01-27 00:19:00,DN-04,Dien Bien Phu,Thanh Khe,16.0666,108.1912,car,40.4,W,CAM-04-1
OBS-0000566,2026-01-21 23:49:00,DN-03,Nguyen Van Linh,Hai Chau,16.0595,108.2115,motorbike,39.6,E,CAM-03-2
OBS-0000567,2026-03-29 16:16:00,DN-02,Han River Bridge,Hai Chau,16.0718,108.2268,motorbike,16.3,N,CAM-02-1
OBS-0000568,2026-03-19 21:49:00,DN-05,2 September Street,Hai Chau,16.0481,108.223,motorbike,27.9,S,CAM-05-1
OBS-0000569,2026-03-27 19:55:00,DN-04,Dien Bien Phu,Thanh Khe,16.0666,108.1912,motorbike,27.4,N,CAM-04-2
OBS-0000570,2026-01-20 14:58:00,DN-06,Ngo Quyen,Son Tra,16.0644,108.2358,motorbike,40.6,N,CAM-06-1
OBS-0000571,2026-02-11 04:21:00,DN-01,Dragon Bridge,Hai Chau,16.0611,108.2273,car,44.0,S,CAM-01-1
OBS-0000572,2026-03-08 21:33:00,DN-03,Nguyen Van Linh,Hai Chau,16.0595,108.2115,motorbike,39.1,E,CAM-03-3
OBS-0000573,2026-01-26 06:44:00,DN-01,Dragon Bridge,Hai Chau,16.0611,108.2273,motorbike,29.8,N,CAM-01-1
OBS-0000574,2026-01-18 20:11:00,DN-01,Dragon Bridge,Hai Chau,16.0611,108.2273,motorbike,40.7,N,CAM-01-1
OBS-0000575,2026-02-28 16:09:00,DN-06,Ngo Quyen,Son Tra,16.0644,108.2358,car,20.4,N,CAM-06-3
OBS-0000576,2026-01-11 12:59:00,DN-05,2 September Street,Hai Chau,16.0481,108.223,motorbike,27.5,E,CAM-05-3
OBS-0000577,2026-02-05 20:50:00,DN-02,Han River Bridge,Hai Chau,16.0718,108.2268,motorbike,45.1,N,CAM-02-1
OBS-0000578,2026-03-17 12:25:00,DN-02,Han River Bridge,Hai Chau,16.0718,108.2268,motorbike,40.9,W,CAM-02-3
OBS-0000579,2026-03-23 04:27:00,DN-03,Nguyen Van Linh,Hai Chau,16.0595,108.2115,car,32.7,W,CAM-03-3
OBS-0000580,2026-02-02 17:22:00,DN-05,2 September Street,Hai Chau,16.0481,108.223,car,14.5,W,CAM-05-3
OBS-0000581,2026-02-08 12:23:00,DN-03,Nguyen Van Linh,Hai Chau,16.0595,108.2115,motorbike,28.7,N,CAM-03-2
OBS-0000582,2026-03-30 03:56:00,DN-04,Dien Bien Phu,Thanh Khe,16.0666,108.1912,truck,50.6,E,CAM-04-2
OBS-0000583,2026-03-14 10:53:00,DN-03,Nguyen Van Linh,Hai Chau,16.0595,108.2115,car,25.6,N,CAM-03-3
OBS-0000584,2026-01-04 09:14:00,DN-02,Han River Bridge,Hai Chau,16.0718,108.2268,bus,28.9,E,CAM-02-2
OBS-0000585,2026-02-22 08:20:00,DN-03,Nguyen Van Linh,Hai Chau,16.0595,108.2115,bus,15.7,W,CAM-03-2
OBS-0000586,2026-02-14 16:20:00,DN-01,Dragon Bridge,Hai Chau,16.0611,108.2273,motorbike,21.3,S,CAM-01-3
OBS-0000587,2026-01-26 00:49:00,DN-03,Nguyen Van Linh,Hai Chau,16.0595,108.2115,motorbike,37.0,S,CAM-03-3
OBS-0000588,2026-01-31 22:25:00,DN-01,Dragon Bridge,Hai Chau,16.0611,108.2273,motorbike,27.4,E,CAM-01-3
OBS-0000589,2026-01-07 20:16:00,DN-06,Ngo Quyen,Son Tra,16.0644,108.2358,truck,51.3,N,CAM-06-2
OBS-0000590,2026-01-10 02:54:00,DN-03,Nguyen Van Linh,Hai Chau,16.0595,108.2115,motorbike,35.1,N,CAM-03-3
OBS-0000591,2026-01-31 23:01:00,DN-06,Ngo Quyen,Son Tra,16.0644,108.2358,car,42.5,N,CAM-06-1
OBS-0000592,2026-03-20 09:54:00,DN-04,Dien Bien Phu,Thanh Khe,16.0666,108.1912,motorbike,14.4,E,CAM-04-2
OBS-0000593,2026-03-17 07:54:00,DN-04,Dien Bien Phu,Thanh Khe,16.0666,108.1912,truck,24.0,E,CAM-04-3
OBS-0000594,2026-03-07 03:36:00,DN-06,Ngo Quyen,Son Tra,16.0644,108.2358,motorbike,41.3,N,CAM-06-1
OBS-0000595,2026-02-04 00:11:00,DN-01,Dragon Bridge,Hai Chau,16.0611,108.2273,car,48.3,N,CAM-01-2
OBS-0000596,2026-02-04 10:33:00,DN-04,Dien Bien Phu,Thanh Khe,16.0666,108.1912,car,45.6,N,CAM-04-2
OBS-0000597,2026-01-14 03:51:00,DN-06,Ngo Quyen,Son Tra,16.0644,108.2358,car,27.1,N,CAM-06-1
OBS-0000598,2026-03-01 03:33:00,DN-02,Han River Bridge,Hai Chau,16.0718,108.2268,car,44.0,W,CAM-02-2
OBS-0000599,2026-02-17 05:03:00,DN-02,Han River Bridge,Hai Chau,16.0718,108.2268,motorbike,32.2,W,CAM-02-3
OBS-0000600,2026-03-16 11:35:00,DN-03,Nguyen Van Linh,Hai Chau,16.0595,108.2115,motorbike,40.4,S,CAM-03-2
OBS-0000601,2026-03-16 12:14:00,DN-02,Han River Bridge,Hai Chau,16.0718,108.2268,motorbike,25.0,N,CAM-02-3
OBS-0000602,2026-03-12 07:33:00,DN-02,Han River Bridge,Hai Chau,16.0718,108.2268,car,24.3,W,CAM-02-3
OBS-0000603,2026-03-26 04:51:00,DN-01,Dragon Bridge,Hai Chau,16.0611,108.2273,car,41.7,W,CAM-01-3
OBS-0000604,2026-01-22 10:46:00,DN-01,Dragon Bridge,Hai Chau,16.0611,108.2273,motorbike,35.4,E,CAM-01-3
OBS-0000605,2026-01-07 23:13:00,DN-04,Dien Bien Phu,Thanh Khe,16.0666,108.1912,motorbike,49.5,N,CAM-04-3
OBS-0000606,2026-01-25 09:25:00,DN-05,2 September Street,Hai Chau,16.0481,108.223,motorbike,10.7,E,CAM-05-2
OBS-0000607,2026-01-16 13:13:00,DN-06,Ngo Quyen,Son Tra,16.0644,108.2358,car,42.4,S,CAM-06-3
OBS-0000608,2026-03-26 00:14:00,DN-03,Nguyen Van Linh,Hai Chau,16.0595,108.2115,motorbike,20.4,E,CAM-03-3
OBS-0000609,2026-03-31 00:21:00,DN-05,2 September Street,Hai Chau,16.0481,108.223,motorbike,27.0,W,CAM-05-3
OBS-0000610,2026-01-10 10:19:00,DN-02,Han River Bridge,Hai Chau,16.0718,108.2268,motorbike,24.2,E,CAM-02-1
OBS-0000611,2026-01-07 08:07:00,DN-06,Ngo Quyen,Son Tra,16.0644,108.2358,motorbike,8.7,S,CAM-06-2
OBS-0000612,2026-03-19 23:58:00,DN-04,Dien Bien Phu,Thanh Khe,16.0666,108.1912,motorbike,43.2,S,CAM-04-1
OBS-0000613,2026-01-15 16:24:00,DN-04,Dien Bien Phu,Thanh Khe,16.0666,108.1912,car,31.2,N,CAM-04-1
OBS-0000614,2026-03-17 14:55:00,DN-03,Nguyen Van Linh,Hai Chau,16.0595,108.2115,bus,44.8,E,CAM-03-3
OBS-0000615,2026-02-04 18:36:00,DN-05,2 September Street,Hai Chau,16.0481,108.223,car,20.9,S,CAM-05-1
OBS-0000616,2026-01-30 12:52:00,DN-03,Nguyen Van Linh,Hai Chau,16.0595,108.2115,bus,38.6,E,CAM-03-3
OBS-0000617,2026-01-25 07:06:00,DN-04,Dien Bien Phu,Thanh Khe,16.0666,108.1912,car,13.5,W,CAM-04-1
OBS-0000618,2026-03-03 06:49:00,DN-04,Dien Bien Phu,Thanh Khe,16.0666,108.1912,car,34.5,E,CAM-04-3
OBS-0000619,2026-02-04 14:04:00,DN-05,2 September Street,Hai Chau,16.0481,108.223,car,36.7,E,CAM-05-1
OBS-0000620,2026-03-24 20:29:00,DN-04,Dien Bien Phu,Thanh Khe,16.0666,108.1912,truck,22.0,N,CAM-04-1
OBS-0000621,2026-01-22 22:11:00,DN-03,Nguyen Van Linh,Hai Chau,16.0595,108.2115,car,35.4,W,CAM-03-3
OBS-0000622,2026-01-22 07:07:00,DN-04,Dien Bien Phu,Thanh Khe,16.0666,108.1912,motorbike,13.0,W,CAM-04-3
OBS-0000623,2026-03-20 10:43:00,DN-05,2 September Street,Hai Chau,16.0481,108.223,motorbike,42.7,S,CAM-05-3
OBS-0000624,2026-02-21 12:44:00,DN-03,Nguyen Van Linh,Hai Chau,16.0595,108.2115,motorbike,34.8,E,CAM-03-1
OBS-0000625,2026-03-18 15:23:00,DN-04,Dien Bien Phu,Thanh Khe,16.0666,108.1912,motorbike,37.0,N,CAM-04-1
OBS-0000626,2026-03-27 02:40:00,DN-01,Dragon Bridge,Hai Chau,16.0611,108.2273,motorbike,31.6,E,CAM-01-1
OBS-0000627,2026-02-13 12:39:00,DN-05,2 September Street,Hai Chau,16.0481,108.223,motorbike,52.3,E,CAM-05-3
OBS-0000628,2026-03-24 03:21:00,DN-02,Han River Bridge,Hai Chau,16.0718,108.2268,car,49.5,N,CAM-02-1
OBS-0000629,2026-01-30 15:57:00,DN-04,Dien Bien Phu,Thanh Khe,16.0666,108.1912,bus,34.9,S,CAM-04-1
OBS-0000630,2026-02-21 12:12:00,DN-06,Ngo Quyen,Son Tra,16.0644,108.2358,motorbike,30.0,E,CAM-06-1
OBS-0000631,2026-02-21 04:08:00,DN-01,Dragon Bridge,Hai Chau,16.0611,108.2273,motorbike,35.9,E,CAM-01-2
OBS-0000632,2026-03-26 21:20:00,DN-03,Nguyen Van Linh,Hai Chau,16.0595,108.2115,car,36.3,W,CAM-03-1
OBS-0000633,2026-03-28 00:42:00,DN-04,Dien Bien Phu,Thanh Khe,16.0666,108.1912,motorbike,48.2,W,CAM-04-2
OBS-0000634,2026-03-12 03:40:00,DN-05,2 September Street,Hai Chau,16.0481,108.223,motorbike,26.3,E,CAM-05-2
OBS-0000635,2026-03-08 21:17:00,DN-02,Han River Bridge,Hai Chau,16.0718,108.2268,motorbike,31.6,S,CAM-02-1
OBS-0000636,2026-01-31 23:34:00,DN-02,Han River Bridge,Hai Chau,16.0718,108.2268,motorbike,24.9,N,CAM-02-3
OBS-0000637,2026-01-08 17:32:00,DN-02,Han River Bridge,Hai Chau,16.0718,108.2268,car,26.2,N,CAM-02-2
OBS-0000638,2026-01-25 22:04:00,DN-03,Nguyen Van Linh,Hai Chau,16.0595,108.2115,motorbike,25.6,S,CAM-03-1
OBS-0000639,2026-01-16 03:45:00,DN-03,Nguyen Van Linh,Hai Chau,16.0595,108.2115,motorbike,31.7,N,CAM-03-1
OBS-0000640,2026-01-12 01:50:00,DN-06,Ngo Quyen,Son Tra,16.0644,108.2358,motorbike,32.8,N,CAM-06-3
OBS-0000641,2026-02-13 11:42:00,DN-03,Nguyen Van Linh,Hai Chau,16.0595,108.2115,motorbike,42.5,E,CAM-03-3
OBS-0000642,2026-03-10 10:11:00,DN-04,Dien Bien Phu,Thanh Khe,16.0666,108.1912,motorbike,35.7,S,CAM-04-2
OBS-0000643,2026-01-11 05:42:00,DN-04,Dien Bien Phu,Thanh Khe,16.0666,108.1912,motorbike,23.1,E,CAM-04-1
OBS-0000644,2026-02-08 17:50:00,DN-06,Ngo Quyen,Son Tra,16.0644,108.2358,car,18.4,E,CAM-06-3
OBS-0000645,2026-02-23 04:12:00,DN-04,Dien Bien Phu,Thanh Khe,16.0666,108.1912,motorbike,35.3,W,CAM-04-2
OBS-0000646,2026-02-26 20:28:00,DN-05,2 September Street,Hai Chau,16.0481,108.223,car,36.2,W,CAM-05-3
OBS-0000647,2026-01-09 09:12:00,DN-03,Nguyen Van Linh,Hai Chau,16.0595,108.2115,motorbike,26.7,E,CAM-03-3
OBS-0000648,2026-03-15 11:42:00,DN-05,2 September Street,Hai Chau,16.0481,108.223,motorbike,37.7,E,CAM-05-3
OBS-0000649,2026-03-26 04:42:00,DN-03,Nguyen Van Linh,Hai Chau,16.0595,108.2115,motorbike,32.9,W,CAM-03-1
OBS-0000650,2026-02-17 13:37:00,DN-03,Nguyen Van Linh,Hai Chau,16.0595,108.2115,motorbike,30.9,S,CAM-03-2
OBS-0000651,2026-01-30 18:30:00,DN-05,2 September Street,Hai Chau,16.0481,108.223,motorbike,21.4,W,CAM-05-1
OBS-0000652,2026-02-11 12:21:00,DN-03,Nguyen Van Linh,Hai Chau,16.0595,108.2115,motorbike,40.8,W,CAM-03-1
OBS-0000653,2026-01-06 11:16:00,DN-03,Nguyen Van Linh,Hai Chau,16.0595,108.2115,motorbike,33.8,E,CAM-03-3
OBS-0000654,2026-03-09 13:38:00,DN-04,Dien Bien Phu,Thanh Khe,16.0666,108.1912,motorbike,19.2,S,CAM-04-2
OBS-0000655,2026-02-03 03:23:00,DN-01,Dragon Bridge,Hai Chau,16.0611,108.2273,motorbike,38.5,N,CAM-01-1
OBS-0000656,2026-03-17 13:50:00,DN-02,Han River Bridge,Hai Chau,16.0718,108.2268,car,31.5,N,CAM-02-2
OBS-0000657,2026-02-15 13:52:00,DN-05,2 September Street,Hai Chau,16.0481,108.223,car,36.6,S,CAM-05-3
OBS-0000658,2026-02-15 10:03:00,DN-02,Han River Bridge,Hai Chau,16.0718,108.2268,bus,47.9,S,CAM-02-2
OBS-0000659,2026-03-25 09:31:00,DN-02,Han River Bridge,Hai Chau,16.0718,108.2268,car,32.3,S,CAM-02-3
OBS-0000660,2026-03-04 16:09:00,DN-05,2 September Street,Hai Chau,16.0481,108.223,car,13.7,W,CAM-05-2
OBS-0000661,2026-01-22 09:58:00,DN-01,Dragon Bridge,Hai Chau,16.0611,108.2273,motorbike,16.9,W,CAM-01-1
OBS-0000662,2026-02-14 13:19:00,DN-03,Nguyen Van Linh,Hai Chau,16.0595,108.2115,car,26.9,E,CAM-03-2
OBS-0000663,2026-02-18 12:53:00,DN-01,Dragon Bridge,Hai Chau,16.0611,108.2273,car,51.9,E,CAM-01-1
OBS-0000664,2026-01-21 19:15:00,DN-04,Dien Bien Phu,Thanh Khe,16.0666,108.1912,car,28.4,S,CAM-04-3
OBS-0000665,2026-01-21 23:54:00,DN-02,Han River Bridge,Hai Chau,16.0718,108.2268,bus,36.7,W,CAM-02-1
OBS-0000666,2026-01-05 09:23:00,DN-05,2 September Street,Hai Chau,16.0481,108.223,car,19.7,E,CAM-05-2
OBS-0000667,2026-03-18 08:47:00,DN-03,Nguyen Van Linh,Hai Chau,16.0595,108.2115,motorbike,10.7,W,CAM-03-3
OBS-0000668,2026-01-11 18:42:00,DN-02,Han River Bridge,Hai Chau,16.0718,108.2268,motorbike,10.1,E,CAM-02-1
OBS-0000669,2026-03-25 16:13:00,DN-05,2 September Street,Hai Chau,16.0481,108.223,motorbike,26.8,S,CAM-05-1
OBS-0000670,2026-01-02 16:58:00,DN-03,Nguyen Van Linh,Hai Chau,16.0595,108.2115,car,11.3,E,CAM-03-1
OBS-0000671,2026-02-11 01:45:00,DN-05,2 September Street,Hai Chau,16.0481,108.223,car,36.9,E,CAM-05-2
OBS-0000672,2026-01-08 07:36:00,DN-02,Han River Bridge,Hai Chau,16.0718,108.2268,motorbike,19.6,S,CAM-02-2
OBS-0000673,2026-03-11 18:45:00,DN-06,Ngo Quyen,Son Tra,16.0644,108.2358,motorbike,22.3,N,CAM-06-1
OBS-0000674,2026-02-14 16:28:00,DN-01,Dragon Bridge,Hai Chau,16.0611,108.2273,motorbike,17.8,E,CAM-01-2
OBS-0000675,2026-03-12 11:02:00,DN-04,Dien Bien Phu,Thanh Khe,16.0666,108.1912,motorbike,33.6,S,CAM-04-2
OBS-0000676,2026-02-14 13:41:00,DN-06,Ngo Quyen,Son Tra,16.0644,108.2358,car,38.5,N,CAM-06-2
OBS-0000677,2026-03-18 05:35:00,DN-02,Han River Bridge,Hai Chau,16.0718,108.2268,motorbike,37.4,N,CAM-02-2
OBS-0000678,2026-01-24 14:09:00,DN-03,Nguyen Van Linh,Hai Chau,16.0595,108.2115,motorbike,34.7,W,CAM-03-1
OBS-0000679,2026-02-18 17:56:00,DN-06,Ngo Quyen,Son Tra,16.0644,108.2358,car,44.1,S,CAM-06-3
OBS-0000680,2026-03-13 06:30:00,DN-02,Han River Bridge,Hai Chau,16.0718,108.2268,truck,39.5,S,CAM-02-1
OBS-0000681,2026-03-26 03:55:00,DN-02,Han River Bridge,Hai Chau,16.0718,108.2268,motorbike,36.3,N,CAM-02-2
OBS-0000682,2026-01-21 01:21:00,DN-03,Nguyen Van Linh,Hai Chau,16.0595,108.2115,car,31.8,E,CAM-03-1
OBS-0000683,2026-01-23 17:43:00,DN-03,Nguyen Van Linh,Hai Chau,16.0595,108.2115,motorbike,30.8,E,CAM-03-3
OBS-0000684,2026-01-13 20:11:00,DN-01,Dragon Bridge,Hai Chau,16.0611,108.2273,car,48.2,S,CAM-01-1
OBS-0000685,2026-01-09 08:44:00,DN-06,Ngo Quyen,Son Tra,16.0644,108.2358,car,23.8,E,CAM-06-1
OBS-0000686,2026-01-18 02:20:00,DN-06,Ngo Quyen,Son Tra,16.0644,108.2358,truck,30.3,S,CAM-06-1
OBS-0000687,2026-03-09 06:03:00,DN-06,Ngo Quyen,Son Tra,16.0644,108.2358,bus,37.3,S,CAM-06-2
OBS-0000688,2026-01-28 07:53:00,DN-04,Dien Bien Phu,Thanh Khe,16.0666,108.1912,car,11.9,E,CAM-04-1
OBS-0000689,2026-01-16 21:48:00,DN-01,Dragon Bridge,Hai Chau,16.0611,108.2273,motorbike,36.8,E,CAM-01-3
OBS-0000690,2026-01-05 21:03:00,DN-05,2 September Street,Hai Chau,16.0481,108.223,motorbike,40.3,S,CAM-05-1
OBS-0000691,2026-03-21 20:32:00,DN-03,Nguyen Van Linh,Hai Chau,16.0595,108.2115,motorbike,23.3,N,CAM-03-1
OBS-0000692,2026-02-22 02:25:00,DN-03,Nguyen Van Linh,Hai Chau,16.0595,108.2115,motorbike,37.1,E,CAM-03-2
OBS-0000693,2026-01-25 18:03:00,DN-06,Ngo Quyen,Son Tra,16.0644,108.2358,motorbike,20.3,E,CAM-06-2
OBS-0000694,2026-01-20 10:14:00,DN-02,Han River Bridge,Hai Chau,16.0718,108.2268,motorbike,40.1,S,CAM-02-3
OBS-0000695,2026-03-13 07:40:00,DN-05,2 September Street,Hai Chau,16.0481,108.223,motorbike,32.7,W,CAM-05-2
OBS-0000696,2026-01-07 09:40:00,DN-03,Nguyen Van Linh,Hai Chau,16.0595,108.2115,car,21.5,S,CAM-03-1
OBS-0000697,2026-02-09 00:29:00,DN-04,Dien Bien Phu,Thanh Khe,16.0666,108.1912,motorbike,31.7,N,CAM-04-2
OBS-0000698,2026-02-17 04:38:00,DN-05,2 September Street,Hai Chau,16.0481,108.223,motorbike,42.5,W,CAM-05-1
OBS-0000699,2026-03-18 10:02:00,DN-04,Dien Bien Phu,Thanh Khe,16.0666,108.1912,truck,36.0,N,CAM-04-3
OBS-0000700,2026-02-04 13:48:00,DN-03,Nguyen Van Linh,Hai Chau,16.0595,108.2115,motorbike,36.9,W,CAM-03-2
OBS-0000701,2026-01-13 16:36:00,DN-03,Nguyen Van Linh,Hai Chau,16.0595,108.2115,motorbike,16.3,E,CAM-03-1
OBS-0000702,2026-03-13 18:29:00,DN-01,Dragon Bridge,Hai Chau,16.0611,108.2273,motorbike,20.1,N,CAM-01-2
OBS-0000703,2026-02-22 11:11:00,DN-03,Nguyen Van Linh,Hai Chau,16.0595,108.2115,car,45.1,N,CAM-03-3
OBS-0000704,2026-01-03 18:48:00,DN-04,Dien Bien Phu,Thanh Khe,16.0666,108.1912,motorbike,26.6,S,CAM-04-1
OBS-0000705,2026-01-06 19:51:00,DN-01,Dragon Bridge,Hai Chau,16.0611,108.2273,motorbike,26.0,E,CAM-01-2
OBS-0000706,2026-02-22 12:36:00,DN-06,Ngo Quyen,Son Tra,16.0644,108.2358,car,39.3,W,CAM-06-1
OBS-0000707,2026-01-07 06:03:00,DN-05,2 September Street,Hai Chau,16.0481,108.223,motorbike,32.2,N,CAM-05-3
OBS-0000708,2026-02-25 16:10:00,DN-04,Dien Bien Phu,Thanh Khe,16.0666,108.1912,car,23.3,S,CAM-04-1
OBS-0000709,2026-03-05 19:46:00,DN-05,2 September Street,Hai Chau,16.0481,108.223,motorbike,17.0,S,CAM-05-2
OBS-0000710,2026-01-31 04:30:00,DN-01,Dragon Bridge,Hai Chau,16.0611,108.2273,motorbike,33.4,W,CAM-01-1
OBS-0000711,2026-01-09 14:40:00,DN-01,Dragon Bridge,Hai Chau,16.0611,108.2273,motorbike,38.3,N,CAM-01-1
OBS-0000712,2026-01-15 03:32:00,DN-02,Han River Bridge,Hai Chau,16.0718,108.2268,car,49.6,N,CAM-02-1
OBS-0000713,2026-03-26 08:12:00,DN-06,Ngo Quyen,Son Tra,16.0644,108.2358,motorbike,31.4,S,CAM-06-2
OBS-0000714,2026-03-08 06:14:00,DN-06,Ngo Quyen,Son Tra,16.0644,108.2358,motorbike,30.9,S,CAM-06-3
OBS-0000715,2026-02-06 19:26:00,DN-06,Ngo Quyen,Son Tra,16.0644,108.2358,car,16.0,E,CAM-06-3
OBS-0000716,2026-02-12 20:49:00,DN-01,Dragon Bridge,Hai Chau,16.0611,108.2273,car,34.5,N,CAM-01-1
OBS-0000717,2026-01-15 11:18:00,DN-03,Nguyen Van Linh,Hai Chau,16.0595,108.2115,bus,49.7,E,CAM-03-1
OBS-0000718,2026-02-04 07:06:00,DN-06,Ngo Quyen,Son Tra,16.0644,108.2358,motorbike,28.7,W,CAM-06-1
OBS-0000719,2026-02-01 16:26:00,DN-05,2 September Street,Hai Chau,16.0481,108.223,bus,27.3,W,CAM-05-3
OBS-0000720,2026-02-09 22:21:00,DN-04,Dien Bien Phu,Thanh Khe,16.0666,108.1912,motorbike,34.7,S,CAM-04-2
OBS-0000721,2026-02-16 01:51:00,DN-03,Nguyen Van Linh,Hai Chau,16.0595,108.2115,car,33.6,S,CAM-03-2
OBS-0000722,2026-03-07 11:27:00,DN-06,Ngo Quyen,Son Tra,16.0644,108.2358,motorbike,34.8,W,CAM-06-1
OBS-0000723,2026-03-22 16:46:00,DN-03,Nguyen Van Linh,Hai Chau,16.0595,108.2115,motorbike,12.5,S,CAM-03-1
OBS-0000724,2026-02-22 15:43:00,DN-02,Han River Bridge,Hai Chau,16.0718,108.2268,motorbike,42.3,S,CAM-02-3
OBS-0000725,2026-01-23 07:43:00,DN-01,Dragon Bridge,Hai Chau,16.0611,108.2273,car,27.5,N,CAM-01-2
OBS-0000726,2026-03-17 11:50:00,DN-02,Han River Bridge,Hai Chau,16.0718,108.2268,motorbike,42.3,W,CAM-02-3
OBS-0000727,2026-01-15 13:44:00,DN-06,Ngo Quyen,Son Tra,16.0644,108.2358,motorbike,46.8,S,CAM-06-2
OBS-0000728,2026-02-14 11:31:00,DN-02,Han River Bridge,Hai Chau,16.0718,108.2268,motorbike,35.6,S,CAM-02-1
OBS-0000729,2026-03-25 20:05:00,DN-06,Ngo Quyen,Son Tra,16.0644,108.2358,car,36.0,W,CAM-06-2
OBS-0000730,2026-01-29 02:22:00,DN-05,2 September Street,Hai Chau,16.0481,108.223,motorbike,48.9,E,CAM-05-1
OBS-0000731,2026-02-28 14:43:00,DN-06,Ngo Quyen,Son Tra,16.0644,108.2358,car,36.4,S,CAM-06-2
OBS-0000732,2026-02-23 15:34:00,DN-03,Nguyen Van Linh,Hai Chau,16.0595,108.2115,motorbike,22.7,E,CAM-03-1
OBS-0000733,2026-02-18 10:22:00,DN-05,2 September Street,Hai Chau,16.0481,108.223,motorbike,43.0,E,CAM-05-2
OBS-0000734,2026-03-28 06:44:00,DN-04,Dien Bien Phu,Thanh Khe,16.0666,108.1912,motorbike,31.0,N,CAM-04-1
OBS-0000735,2026-02-15 03:23:00,DN-06,Ngo Quyen,Son Tra,16.0644,108.2358,truck,33.2,S,CAM-06-1
OBS-0000736,2026-01-04 03:05:00,DN-01,Dragon Bridge,Hai Chau,16.0611,108.2273,motorbike,28.9,S,CAM-01-3
OBS-0000737,2026-03-20 02:19:00,DN-05,2 September Street,Hai Chau,16.0481,108.223,motorbike,26.7,E,CAM-05-1
OBS-0000738,2026-02-17 04:47:00,DN-01,Dragon Bridge,Hai Chau,16.0611,108.2273,motorbike,51.9,S,CAM-01-1
OBS-0000739,2026-03-13 15:48:00,DN-03,Nguyen Van Linh,Hai Chau,16.0595,108.2115,car,29.2,S,CAM-03-3
OBS-0000740,2026-01-27 17:50:00,DN-03,Nguyen Van Linh,Hai Chau,16.0595,108.2115,motorbike,16.5,E,CAM-03-2
OBS-0000741,2026-02-03 23:57:00,DN-06,Ngo Quyen,Son Tra,16.0644,108.2358,motorbike,50.4,E,CAM-06-1
OBS-0000742,2026-01-21 06:05:00,DN-04,Dien Bien Phu,Thanh Khe,16.0666,108.1912,motorbike,52.2,E,CAM-04-3
OBS-0000743,2026-03-13 15:40:00,DN-04,Dien Bien Phu,Thanh Khe,16.0666,108.1912,motorbike,26.6,S,CAM-04-2
OBS-0000744,2026-01-06 23:58:00,DN-05,2 September Street,Hai Chau,16.0481,108.223,motorbike,45.8,N,CAM-05-3
OBS-0000745,2026-01-06 22:41:00,DN-05,2 September Street,Hai Chau,16.0481,108.223,truck,57.2,W,CAM-05-1
OBS-0000746,2026-02-14 15:33:00,DN-06,Ngo Quyen,Son Tra,16.0644,108.2358,truck,30.8,W,CAM-06-1
OBS-0000747,2026-02-12 05:26:00,DN-01,Dragon Bridge,Hai Chau,16.0611,108.2273,car,44.5,S,CAM-01-2
OBS-0000748,2026-03-16 05:42:00,DN-04,Dien Bien Phu,Thanh Khe,16.0666,108.1912,motorbike,43.7,S,CAM-04-1
OBS-0000749,2026-01-24 12:45:00,DN-03,Nguyen Van Linh,Hai Chau,16.0595,108.2115,motorbike,26.9,N,CAM-03-2
OBS-0000750,2026-03-19 00:57:00,DN-02,Han River Bridge,Hai Chau,16.0718,108.2268,truck,46.7,S,CAM-02-2
OBS-0000751,2026-01-30 03:05:00,DN-03,Nguyen Van Linh,Hai Chau,16.0595,108.2115,motorbike,35.5,S,CAM-03-3
OBS-0000752,2026-03-17 11:49:00,DN-02,Han River Bridge,Hai Chau,16.0718,108.2268,motorbike,35.8,E,CAM-02-3
OBS-0000753,2026-02-19 15:37:00,DN-02,Han River Bridge,Hai Chau,16.0718,108.2268,car,40.5,S,CAM-02-2
OBS-0000754,2026-03-01 08:13:00,DN-05,2 September Street,Hai Chau,16.0481,108.223,motorbike,16.6,W,CAM-05-2
OBS-0000755,2026-02-04 13:06:00,DN-06,Ngo Quyen,Son Tra,16.0644,108.2358,bus,34.4,E,CAM-06-1
OBS-0000756,2026-03-24 01:00:00,DN-05,2 September Street,Hai Chau,16.0481,108.223,bus,53.9,W,CAM-05-1
OBS-0000757,2026-02-20 20:05:00,DN-02,Han River Bridge,Hai Chau,16.0718,108.2268,car,39.0,N,CAM-02-1
OBS-0000758,2026-02-25 15:36:00,DN-02,Han River Bridge,Hai Chau,16.0718,108.2268,motorbike,46.6,N,CAM-02-1
OBS-0000759,2026-01-15 00:31:00,DN-06,Ngo Quyen,Son Tra,16.0644,108.2358,bus,32.7,E,CAM-06-2
OBS-0000760,2026-02-17 17:37:00,DN-04,Dien Bien Phu,Thanh Khe,16.0666,108.1912,motorbike,14.7,E,CAM-04-1
OBS-0000761,2026-03-17 04:06:00,DN-01,Dragon Bridge,Hai Chau,16.0611,108.2273,motorbike,49.9,E,CAM-01-3
OBS-0000762,2026-01-23 13:46:00,DN-04,Dien Bien Phu,Thanh Khe,16.0666,108.1912,car,35.4,S,CAM-04-3
OBS-0000763,2026-01-06 21:48:00,DN-04,Dien Bien Phu,Thanh Khe,16.0666,108.1912,truck,49.4,N,CAM-04-3
OBS-0000764,2026-03-01 20:25:00,DN-01,Dragon Bridge,Hai Chau,16.0611,108.2273,motorbike,31.6,E,CAM-01-3
OBS-0000765,2026-03-03 11:10:00,DN-03,Nguyen Van Linh,Hai Chau,16.0595,108.2115,motorbike,46.1,S,CAM-03-2
OBS-0000766,2026-03-22 03:17:00,DN-06,Ngo Quyen,Son Tra,16.0644,108.2358,car,26.1,E,CAM-06-1
OBS-0000767,2026-02-07 07:31:00,DN-06,Ngo Quyen,Son Tra,16.0644,108.2358,motorbike,29.6,S,CAM-06-2
OBS-0000768,2026-02-08 01:37:00,DN-01,Dragon Bridge,Hai Chau,16.0611,108.2273,car,37.8,W,CAM-01-1
OBS-0000769,2026-01-01 18:38:00,DN-06,Ngo Quyen,Son Tra,16.0644,108.2358,motorbike,26.0,E,CAM-06-1
OBS-0000770,2026-01-08 16:34:00,DN-05,2 September Street,Hai Chau,16.0481,108.223,motorbike,28.2,N,CAM-05-1
OBS-0000771,2026-01-08 01:34:00,DN-03,Nguyen Van Linh,Hai Chau,16.0595,108.2115,motorbike,30.9,W,CAM-03-1
OBS-0000772,2026-02-25 04:58:00,DN-03,Nguyen Van Linh,Hai Chau,16.0595,108.2115,car,37.8,S,CAM-03-1
OBS-0000773,2026-02-26 19:31:00,DN-04,Dien Bien Phu,Thanh Khe,16.0666,108.1912,motorbike,17.7,E,CAM-04-2
OBS-0000774,2026-03-16 00:29:00,DN-04,Dien Bien Phu,Thanh Khe,16.0666,108.1912,car,36.5,S,CAM-04-1
OBS-0000775,2026-02-03 10:40:00,DN-04,Dien Bien Phu,Thanh Khe,16.0666,108.1912,motorbike,50.7,W,CAM-04-1
OBS-0000776,2026-02-19 11:55:00,DN-02,Han River Bridge,Hai Chau,16.0718,108.2268,motorbike,36.7,S,CAM-02-2
OBS-0000777,2026-01-08 20:23:00,DN-06,Ngo Quyen,Son Tra,16.0644,108.2358,motorbike,42.1,S,CAM-06-2
OBS-0000778,2026-02-27 12:09:00,DN-01,Dragon Bridge,Hai Chau,16.0611,108.2273,motorbike,46.4,S,CAM-01-2
OBS-0000779,2026-01-29 00:51:00,DN-02,Han River Bridge,Hai Chau,16.0718,108.2268,motorbike,48.4,S,CAM-02-2
OBS-0000780,2026-03-04 08:44:00,DN-05,2 September Street,Hai Chau,16.0481,108.223,motorbike,30.6,E,CAM-05-2
OBS-0000781,2026-02-04 03:02:00,DN-01,Dragon Bridge,Hai Chau,16.0611,108.2273,car,39.1,E,CAM-01-1
OBS-0000782,2026-01-01 07:20:00,DN-06,Ngo Quyen,Son Tra,16.0644,108.2358,motorbike,30.0,N,CAM-06-3
OBS-0000783,2026-02-27 04:23:00,DN-03,Nguyen Van Linh,Hai Chau,16.0595,108.2115,truck,33.4,W,CAM-03-2
OBS-0000784,2026-01-09 08:03:00,DN-01,Dragon Bridge,Hai Chau,16.0611,108.2273,motorbike,21.0,W,CAM-01-2
OBS-0000785,2026-01-30 03:39:00,DN-01,Dragon Bridge,Hai Chau,16.0611,108.2273,motorbike,38.7,N,CAM-01-1
OBS-0000786,2026-02-26 21:30:00,DN-04,Dien Bien Phu,Thanh Khe,16.0666,108.1912,motorbike,18.5,N,CAM-04-3
OBS-0000787,2026-02-07 04:26:00,DN-04,Dien Bien Phu,Thanh Khe,16.0666,108.1912,motorbike,27.5,N,CAM-04-1
OBS-0000788,2026-01-24 14:58:00,DN-03,Nguyen Van Linh,Hai Chau,16.0595,108.2115,motorbike,42.1,S,CAM-03-2
OBS-0000789,2026-01-14 05:25:00,DN-03,Nguyen Van Linh,Hai Chau,16.0595,108.2115,motorbike,32.1,E,CAM-03-1
OBS-0000790,2026-02-19 10:01:00,DN-04,Dien Bien Phu,Thanh Khe,16.0666,108.1912,truck,27.7,W,CAM-04-1
OBS-0000791,2026-02-18 17:11:00,DN-06,Ngo Quyen,Son Tra,16.0644,108.2358,truck,27.1,E,CAM-06-3
OBS-0000792,2026-03-18 07:14:00,DN-06,Ngo Quyen,Son Tra,16.0644,108.2358,car,38.4,S,CAM-06-3
OBS-0000793,2026-03-22 02:48:00,DN-03,Nguyen Van Linh,Hai Chau,16.0595,108.2115,motorbike,30.2,S,CAM-03-3
OBS-0000794,2026-02-22 21:40:00,DN-05,2 September Street,Hai Chau,16.0481,108.223,motorbike,25.4,E,CAM-05-2
OBS-0000795,2026-01-06 02:56:00,DN-06,Ngo Quyen,Son Tra,16.0644,108.2358,motorbike,42.1,E,CAM-06-1
OBS-0000796,2026-01-13 01:17:00,DN-06,Ngo Quyen,Son Tra,16.0644,108.2358,motorbike,23.3,N,CAM-06-2
OBS-0000797,2026-02-14 15:28:00,DN-03,Nguyen Van Linh,Hai Chau,16.0595,108.2115,bus,35.0,W,CAM-03-2
OBS-0000798,2026-03-11 06:56:00,DN-02,Han River Bridge,Hai Chau,16.0718,108.2268,car,39.0,W,CAM-02-2
OBS-0000799,2026-02-01 14:19:00,DN-06,Ngo Quyen,Son Tra,16.0644,108.2358,car,37.9,W,CAM-06-3
OBS-0000800,2026-02-12 21:26:00,DN-03,Nguyen Van Linh,Hai Chau,16.0595,108.2115,truck,38.0,W,CAM-03-2
OBS-0000801,2026-02-01 14:01:00,DN-05,2 September Street,Hai Chau,16.0481,108.223,bus,29.4,S,CAM-05-1
OBS-0000802,2026-03-18 14:00:00,DN-02,Han River Bridge,Hai Chau,16.0718,108.2268,car,27.9,E,CAM-02-1
OBS-0000803,2026-03-05 08:03:00,DN-06,Ngo Quyen,Son Tra,16.0644,108.2358,motorbike,20.4,E,CAM-06-2
OBS-0000804,2026-03-25 15:54:00,DN-02,Han River Bridge,Hai Chau,16.0718,108.2268,motorbike,38.5,W,CAM-02-1
OBS-0000805,2026-03-06 17:29:00,DN-06,Ngo Quyen,Son Tra,16.0644,108.2358,car,29.1,E,CAM-06-1
OBS-0000806,2026-01-20 20:22:00,DN-03,Nguyen Van Linh,Hai Chau,16.0595,108.2115,motorbike,25.0,E,CAM-03-2
OBS-0000807,2026-03-19 01:15:00,DN-06,Ngo Quyen,Son Tra,16.0644,108.2358,car,37.4,S,CAM-06-3
OBS-0000808,2026-02-15 08:42:00,DN-04,Dien Bien Phu,Thanh Khe,16.0666,108.1912,car,14.4,W,CAM-04-3
OBS-0000809,2026-02-04 18:25:00,DN-04,Dien Bien Phu,Thanh Khe,16.0666,108.1912,motorbike,12.5,E,CAM-04-2
OBS-0000810,2026-03-05 20:10:00,DN-04,Dien Bien Phu,Thanh Khe,16.0666,108.1912,motorbike,48.2,E,CAM-04-2
OBS-0000811,2026-02-11 22:44:00,DN-06,Ngo Quyen,Son Tra,16.0644,108.2358,motorbike,45.9,W,CAM-06-1
OBS-0000812,2026-03-24 22:44:00,DN-01,Dragon Bridge,Hai Chau,16.0611,108.2273,motorbike,44.4,E,CAM-01-1
OBS-0000813,2026-03-19 00:01:00,DN-02,Han River Bridge,Hai Chau,16.0718,108.2268,car,34.5,S,CAM-02-2
OBS-0000814,2026-02-10 04:37:00,DN-01,Dragon Bridge,Hai Chau,16.0611,108.2273,motorbike,35.8,W,CAM-01-2
OBS-0000815,2026-03-05 10:47:00,DN-03,Nguyen Van Linh,Hai Chau,16.0595,108.2115,car,39.2,N,CAM-03-1
OBS-0000816,2026-02-18 03:21:00,DN-01,Dragon Bridge,Hai Chau,16.0611,108.2273,motorbike,33.1,W,CAM-01-2
OBS-0000817,2026-03-09 03:16:00,DN-05,2 September Street,Hai Chau,16.0481,108.223,car,34.4,N,CAM-05-3
OBS-0000818,2026-03-05 23:17:00,DN-01,Dragon Bridge,Hai Chau,16.0611,108.2273,motorbike,35.4,S,CAM-01-1
OBS-0000819,2026-01-31 22:45:00,DN-06,Ngo Quyen,Son Tra,16.0644,108.2358,motorbike,36.5,E,CAM-06-2
OBS-0000820,2026-02-12 22:42:00,DN-01,Dragon Bridge,Hai Chau,16.0611,108.2273,motorbike,49.2,E,CAM-01-3
OBS-0000821,2026-03-06 22:51:00,DN-06,Ngo Quyen,Son Tra,16.0644,108.2358,truck,35.0,W,CAM-06-1
OBS-0000822,2026-01-19 02:44:00,DN-06,Ngo Quyen,Son Tra,16.0644,108.2358,motorbike,39.2,E,CAM-06-2
OBS-0000823,2026-01-08 04:32:00,DN-03,Nguyen Van Linh,Hai Chau,16.0595,108.2115,car,40.8,N,CAM-03-1
OBS-0000824,2026-03-22 11:30:00,DN-01,Dragon Bridge,Hai Chau,16.0611,108.2273,motorbike,24.6,S,CAM-01-2
OBS-0000825,2026-01-05 07:42:00,DN-04,Dien Bien Phu,Thanh Khe,16.0666,108.1912,motorbike,4.0,E,CAM-04-1
OBS-0000826,2026-01-23 20:13:00,DN-04,Dien Bien Phu,Thanh Khe,16.0666,108.1912,motorbike,32.1,W,CAM-04-1
OBS-0000827,2026-01-12 12:52:00,DN-05,2 September Street,Hai Chau,16.0481,108.223,car,45.7,S,CAM-05-1
OBS-0000828,2026-02-14 15:47:00,DN-05,2 September Street,Hai Chau,16.0481,108.223,motorbike,25.3,N,CAM-05-1
OBS-0000829,2026-02-24 04:08:00,DN-01,Dragon Bridge,Hai Chau,16.0611,108.2273,motorbike,37.0,N,CAM-01-2
OBS-0000830,2026-02-14 13:18:00,DN-03,Nguyen Van Linh,Hai Chau,16.0595,108.2115,motorbike,33.5,W,CAM-03-3
OBS-0000831,2026-03-23 13:23:00,DN-05,2 September Street,Hai Chau,16.0481,108.223,motorbike,29.2,W,CAM-05-2
OBS-0000832,2026-02-16 19:33:00,DN-04,Dien Bien Phu,Thanh Khe,16.0666,108.1912,motorbike,26.4,W,CAM-04-2
OBS-0000833,2026-03-15 03:09:00,DN-06,Ngo Quyen,Son Tra,16.0644,108.2358,truck,35.8,S,CAM-06-2
OBS-0000834,2026-03-16 05:25:00,DN-05,2 September Street,Hai Chau,16.0481,108.223,motorbike,45.4,W,CAM-05-3
OBS-0000835,2026-03-07 22:48:00,DN-02,Han River Bridge,Hai Chau,16.0718,108.2268,bus,28.5,E,CAM-02-1
OBS-0000836,2026-03-26 18:00:00,DN-04,Dien Bien Phu,Thanh Khe,16.0666,108.1912,motorbike,26.6,W,CAM-04-2
OBS-0000837,2026-01-16 17:29:00,DN-04,Dien Bien Phu,Thanh Khe,16.0666,108.1912,bus,25.9,S,CAM-04-3
OBS-0000838,2026-03-26 22:55:00,DN-04,Dien Bien Phu,Thanh Khe,16.0666,108.1912,car,45.4,W,CAM-04-2
OBS-0000839,2026-01-19 13:54:00,DN-03,Nguyen Van Linh,Hai Chau,16.0595,108.2115,motorbike,24.8,S,CAM-03-3
OBS-0000840,2026-01-04 15:07:00,DN-02,Han River Bridge,Hai Chau,16.0718,108.2268,motorbike,37.0,S,CAM-02-3
OBS-0000841,2026-02-10 04:01:00,DN-01,Dragon Bridge,Hai Chau,16.0611,108.2273,motorbike,27.3,W,CAM-01-1
OBS-0000842,2026-02-27 22:23:00,DN-03,Nguyen Van Linh,Hai Chau,16.0595,108.2115,truck,34.3,S,CAM-03-2
OBS-0000843,2026-03-28 19:41:00,DN-04,Dien Bien Phu,Thanh Khe,16.0666,108.1912,truck,7.9,E,CAM-04-1
OBS-0000844,2026-01-24 14:12:00,DN-01,Dragon Bridge,Hai Chau,16.0611,108.2273,truck,35.0,W,CAM-01-2
OBS-0000845,2026-01-04 23:33:00,DN-02,Han River Bridge,Hai Chau,16.0718,108.2268,motorbike,13.2,W,CAM-02-3
OBS-0000846,2026-01-09 22:21:00,DN-03,Nguyen Van Linh,Hai Chau,16.0595,108.2115,car,21.1,S,CAM-03-3
OBS-0000847,2026-01-09 05:23:00,DN-03,Nguyen Van Linh,Hai Chau,16.0595,108.2115,motorbike,31.7,E,CAM-03-2
OBS-0000848,2026-01-22 10:43:00,DN-05,2 September Street,Hai Chau,16.0481,108.223,motorbike,37.9,S,CAM-05-1
OBS-0000849,2026-01-02 04:47:00,DN-05,2 September Street,Hai Chau,16.0481,108.223,car,47.4,S,CAM-05-2
OBS-0000850,2026-03-20 02:42:00,DN-01,Dragon Bridge,Hai Chau,16.0611,108.2273,motorbike,40.8,E,CAM-01-1
OBS-0000851,2026-01-03 11:19:00,DN-06,Ngo Quyen,Son Tra,16.0644,108.2358,motorbike,38.8,W,CAM-06-2
OBS-0000852,2026-01-12 08:23:00,DN-02,Han River Bridge,Hai Chau,16.0718,108.2268,motorbike,21.6,E,CAM-02-1
OBS-0000853,2026-03-28 03:02:00,DN-04,Dien Bien Phu,Thanh Khe,16.0666,108.1912,truck,33.8,S,CAM-04-3
OBS-0000854,2026-01-10 17:21:00,DN-02,Han River Bridge,Hai Chau,16.0718,108.2268,car,31.3,N,CAM-02-2
OBS-0000855,2026-03-26 17:28:00,DN-05,2 September Street,Hai Chau,16.0481,108.223,motorbike,6.4,W,CAM-05-2
OBS-0000856,2026-01-04 08:34:00,DN-02,Han River Bridge,Hai Chau,16.0718,108.2268,motorbike,16.5,W,CAM-02-2
OBS-0000857,2026-02-12 11:27:00,DN-04,Dien Bien Phu,Thanh Khe,16.0666,108.1912,car,34.6,E,CAM-04-3
OBS-0000858,2026-02-08 12:54:00,DN-01,Dragon Bridge,Hai Chau,16.0611,108.2273,motorbike,30.2,W,CAM-01-2
OBS-0000859,2026-01-07 12:06:00,DN-06,Ngo Quyen,Son Tra,16.0644,108.2358,motorbike,45.6,W,CAM-06-1
OBS-0000860,2026-03-07 21:51:00,DN-06,Ngo Quyen,Son Tra,16.0644,108.2358,motorbike,38.7,N,CAM-06-2
OBS-0000861,2026-03-02 12:02:00,DN-03,Nguyen Van Linh,Hai Chau,16.0595,108.2115,motorbike,46.4,E,CAM-03-2
OBS-0000862,2026-03-11 06:37:00,DN-03,Nguyen Van Linh,Hai Chau,16.0595,108.2115,motorbike,45.5,W,CAM-03-3
OBS-0000863,2026-01-12 22:53:00,DN-03,Nguyen Van Linh,Hai Chau,16.0595,108.2115,bus,44.3,W,CAM-03-2
OBS-0000864,2026-03-08 22:50:00,DN-04,Dien Bien Phu,Thanh Khe,16.0666,108.1912,motorbike,42.8,S,CAM-04-3
OBS-0000865,2026-01-24 09:15:00,DN-05,2 September Street,Hai Chau,16.0481,108.223,motorbike,23.0,S,CAM-05-2
OBS-0000866,2026-03-20 00:14:00,DN-03,Nguyen Van Linh,Hai Chau,16.0595,108.2115,motorbike,39.7,N,CAM-03-3
OBS-0000867,2026-01-12 04:22:00,DN-01,Dragon Bridge,Hai Chau,16.0611,108.2273,car,33.4,S,CAM-01-2
OBS-0000868,2026-02-10 11:17:00,DN-01,Dragon Bridge,Hai Chau,16.0611,108.2273,car,34.8,E,CAM-01-2
OBS-0000869,2026-01-09 02:54:00,DN-02,Han River Bridge,Hai Chau,16.0718,108.2268,car,41.5,S,CAM-02-1
OBS-0000870,2026-03-29 12:56:00,DN-02,Han River Bridge,Hai Chau,16.0718,108.2268,motorbike,42.2,N,CAM-02-3
OBS-0000871,2026-03-11 10:45:00,DN-04,Dien Bien Phu,Thanh Khe,16.0666,108.1912,motorbike,30.1,E,CAM-04-1
OBS-0000872,2026-02-19 04:46:00,DN-01,Dragon Bridge,Hai Chau,16.0611,108.2273,motorbike,38.4,E,CAM-01-3
OBS-0000873,2026-01-03 00:00:00,DN-04,Dien Bien Phu,Thanh Khe,16.0666,108.1912,car,42.4,E,CAM-04-1
OBS-0000874,2026-03-01 03:56:00,DN-01,Dragon Bridge,Hai Chau,16.0611,108.2273,car,24.9,S,CAM-01-3
OBS-0000875,2026-03-08 20:11:00,DN-02,Han River Bridge,Hai Chau,16.0718,108.2268,car,14.2,W,CAM-02-2
OBS-0000876,2026-02-09 04:04:00,DN-04,Dien Bien Phu,Thanh Khe,16.0666,108.1912,motorbike,28.6,N,CAM-04-2
OBS-0000877,2026-03-30 16:05:00,DN-01,Dragon Bridge,Hai Chau,16.0611,108.2273,motorbike,19.8,W,CAM-01-3
OBS-0000878,2026-01-12 09:30:00,DN-06,Ngo Quyen,Son Tra,16.0644,108.2358,motorbike,17.3,W,CAM-06-3
OBS-0000879,2026-01-05 12:32:00,DN-01,Dragon Bridge,Hai Chau,16.0611,108.2273,motorbike,33.7,E,CAM-01-2
OBS-0000880,2026-02-15 14:28:00,DN-01,Dragon Bridge,Hai Chau,16.0611,108.2273,motorbike,37.2,E,CAM-01-3
OBS-0000881,2026-03-12 19:41:00,DN-03,Nguyen Van Linh,Hai Chau,16.0595,108.2115,car,16.5,E,CAM-03-1
OBS-0000882,2026-02-11 07:48:00,DN-06,Ngo Quyen,Son Tra,16.0644,108.2358,motorbike,15.8,S,CAM-06-2
OBS-0000883,2026-03-29 06:13:00,DN-01,Dragon Bridge,Hai Chau,16.0611,108.2273,motorbike,36.0,S,CAM-01-1
OBS-0000884,2026-03-25 04:56:00,DN-01,Dragon Bridge,Hai Chau,16.0611,108.2273,motorbike,38.2,N,CAM-01-2
OBS-0000885,2026-01-23 22:51:00,DN-04,Dien Bien Phu,Thanh Khe,16.0666,108.1912,motorbike,29.3,N,CAM-04-1
OBS-0000886,2026-01-26 22:03:00,DN-05,2 September Street,Hai Chau,16.0481,108.223,car,30.8,W,CAM-05-1
OBS-0000887,2026-03-26 03:37:00,DN-05,2 September Street,Hai Chau,16.0481,108.223,motorbike,47.8,S,CAM-05-1
OBS-0000888,2026-03-09 12:27:00,DN-03,Nguyen Van Linh,Hai Chau,16.0595,108.2115,car,35.9,S,CAM-03-2
OBS-0000889,2026-03-10 08:35:00,DN-03,Nguyen Van Linh,Hai Chau,16.0595,108.2115,motorbike,7.1,S,CAM-03-3
OBS-0000890,2026-01-27 20:27:00,DN-05,2 September Street,Hai Chau,16.0481,108.223,motorbike,37.4,E,CAM-05-3
OBS-0000891,2026-02-11 06:55:00,DN-04,Dien Bien Phu,Thanh Khe,16.0666,108.1912,motorbike,42.3,S,CAM-04-3
OBS-0000892,2026-01-05 05:07:00,DN-03,Nguyen Van Linh,Hai Chau,16.0595,108.2115,car,29.8,S,CAM-03-2
OBS-0000893,2026-01-06 17:31:00,DN-06,Ngo Quyen,Son Tra,16.0644,108.2358,car,32.7,N,CAM-06-3
OBS-0000894,2026-03-07 21:39:00,DN-01,Dragon Bridge,Hai Chau,16.0611,108.2273,truck,25.6,E,CAM-01-3
OBS-0000895,2026-02-15 02:05:00,DN-05,2 September Street,Hai Chau,16.0481,108.223,motorbike,31.4,E,CAM-05-3
OBS-0000896,2026-01-04 21:33:00,DN-04,Dien Bien Phu,Thanh Khe,16.0666,108.1912,motorbike,32.8,S,CAM-04-2
OBS-0000897,2026-02-12 11:39:00,DN-02,Han River Bridge,Hai Chau,16.0718,108.2268,car,34.8,N,CAM-02-1
OBS-0000898,2026-03-04 00:48:00,DN-04,Dien Bien Phu,Thanh Khe,16.0666,108.1912,car,33.9,E,CAM-04-2
OBS-0000899,2026-03-27 06:06:00,DN-05,2 September Street,Hai Chau,16.0481,108.223,motorbike,29.0,E,CAM-05-1
OBS-0000900,2026-01-24 05:10:00,DN-03,Nguyen Van Linh,Hai Chau,16.0595,108.2115,truck,44.7,S,CAM-03-1
OBS-0000901,2026-01-18 12:02:00,DN-02,Han River Bridge,Hai Chau,16.0718,108.2268,motorbike,47.4,S,CAM-02-3
OBS-0000902,2026-01-17 01:19:00,DN-02,Han River Bridge,Hai Chau,16.0718,108.2268,motorbike,37.0,W,CAM-02-3
OBS-0000903,2026-02-10 18:47:00,DN-05,2 September Street,Hai Chau,16.0481,108.223,motorbike,30.5,S,CAM-05-2
OBS-0000904,2026-03-05 14:27:00,DN-05,2 September Street,Hai Chau,16.0481,108.223,motorbike,34.7,S,CAM-05-1
OBS-0000905,2026-02-02 14:34:00,DN-06,Ngo Quyen,Son Tra,16.0644,108.2358,car,42.4,W,CAM-06-2
OBS-0000906,2026-02-27 19:28:00,DN-04,Dien Bien Phu,Thanh Khe,16.0666,108.1912,motorbike,23.4,E,CAM-04-3
OBS-0000907,2026-03-31 20:58:00,DN-01,Dragon Bridge,Hai Chau,16.0611,108.2273,car,34.1,N,CAM-01-2
OBS-0000908,2026-02-26 10:44:00,DN-05,2 September Street,Hai Chau,16.0481,108.223,car,45.2,W,CAM-05-2
OBS-0000909,2026-02-11 06:55:00,DN-04,Dien Bien Phu,Thanh Khe,16.0666,108.1912,motorbike,27.3,E,CAM-04-3
OBS-0000910,2026-01-26 10:19:00,DN-04,Dien Bien Phu,Thanh Khe,16.0666,108.1912,motorbike,32.2,N,CAM-04-3
OBS-0000911,2026-03-23 11:56:00,DN-01,Dragon Bridge,Hai Chau,16.0611,108.2273,motorbike,40.0,S,CAM-01-1
OBS-0000912,2026-01-26 19:42:00,DN-01,Dragon Bridge,Hai Chau,16.0611,108.2273,car,22.1,N,CAM-01-2
OBS-0000913,2026-03-15 11:37:00,DN-06,Ngo Quyen,Son Tra,16.0644,108.2358,car,42.9,N,CAM-06-3
OBS-0000914,2026-03-05 15:33:00,DN-04,Dien Bien Phu,Thanh Khe,16.0666,108.1912,motorbike,44.4,W,CAM-04-3
OBS-0000915,2026-01-08 10:23:00,DN-06,Ngo Quyen,Son Tra,16.0644,108.2358,car,36.5,W,CAM-06-3
OBS-0000916,2026-02-13 09:49:00,DN-03,Nguyen Van Linh,Hai Chau,16.0595,108.2115,motorbike,19.6,E,CAM-03-2
OBS-0000917,2026-03-23 04:00:00,DN-05,2 September Street,Hai Chau,16.0481,108.223,car,34.5,W,CAM-05-1
OBS-0000918,2026-03-07 20:12:00,DN-05,2 September Street,Hai Chau,16.0481,108.223,motorbike,35.4,N,CAM-05-3
OBS-0000919,2026-01-27 20:23:00,DN-06,Ngo Quyen,Son Tra,16.0644,108.2358,motorbike,41.8,W,CAM-06-1
OBS-0000920,2026-01-05 02:30:00,DN-03,Nguyen Van Linh,Hai Chau,16.0595,108.2115,car,44.7,W,CAM-03-1
OBS-0000921,2026-01-13 08:55:00,DN-04,Dien Bien Phu,Thanh Khe,16.0666,108.1912,motorbike,27.2,E,CAM-04-2
OBS-0000922,2026-03-12 18:33:00,DN-01,Dragon Bridge,Hai Chau,16.0611,108.2273,car,27.7,S,CAM-01-1
OBS-0000923,2026-01-11 09:15:00,DN-06,Ngo Quyen,Son Tra,16.0644,108.2358,car,26.8,S,CAM-06-3
OBS-0000924,2026-03-29 03:31:00,DN-05,2 September Street,Hai Chau,16.0481,108.223,truck,24.1,N,CAM-05-1
OBS-0000925,2026-01-31 20:33:00,DN-02,Han River Bridge,Hai Chau,16.0718,108.2268,motorbike,13.9,E,CAM-02-1
OBS-0000926,2026-03-02 18:39:00,DN-06,Ngo Quyen,Son Tra,16.0644,108.2358,motorbike,18.1,E,CAM-06-2
OBS-0000927,2026-02-24 17:31:00,DN-02,Han River Bridge,Hai Chau,16.0718,108.2268,car,17.6,N,CAM-02-3
OBS-0000928,2026-03-19 16:24:00,DN-02,Han River Bridge,Hai Chau,16.0718,108.2268,motorbike,16.8,W,CAM-02-3
OBS-0000929,2026-03-08 14:48:00,DN-06,Ngo Quyen,Son Tra,16.0644,108.2358,car,34.3,S,CAM-06-3
OBS-0000930,2026-02-02 05:14:00,DN-03,Nguyen Van Linh,Hai Chau,16.0595,108.2115,motorbike,46.1,E,CAM-03-3
OBS-0000931,2026-03-15 22:49:00,DN-03,Nguyen Van Linh,Hai Chau,16.0595,108.2115,truck,25.5,E,CAM-03-2
OBS-0000932,2026-03-14 19:59:00,DN-03,Nguyen Van Linh,Hai Chau,16.0595,108.2115,car,21.2,W,CAM-03-3
OBS-0000933,2026-03-05 22:01:00,DN-02,Han River Bridge,Hai Chau,16.0718,108.2268,motorbike,34.5,S,CAM-02-1
OBS-0000934,2026-03-19 22:04:00,DN-03,Nguyen Van Linh,Hai Chau,16.0595,108.2115,motorbike,40.5,E,CAM-03-3
OBS-0000935,2026-01-22 13:11:00,DN-03,Nguyen Van Linh,Hai Chau,16.0595,108.2115,bus,37.7,W,CAM-03-1
OBS-0000936,2026-01-09 03:15:00,DN-02,Han River Bridge,Hai Chau,16.0718,108.2268,motorbike,37.4,S,CAM-02-3
OBS-0000937,2026-01-11 06:53:00,DN-06,Ngo Quyen,Son Tra,16.0644,108.2358,motorbike,43.2,W,CAM-06-3
OBS-0000938,2026-02-21 15:17:00,DN-05,2 September Street,Hai Chau,16.0481,108.223,motorbike,33.6,N,CAM-05-1
OBS-0000939,2026-02-07 10:18:00,DN-05,2 September Street,Hai Chau,16.0481,108.223,car,18.1,S,CAM-05-2
OBS-0000940,2026-03-11 23:58:00,DN-01,Dragon Bridge,Hai Chau,16.0611,108.2273,motorbike,30.7,E,CAM-01-1
OBS-0000941,2026-01-06 00:13:00,DN-03,Nguyen Van Linh,Hai Chau,16.0595,108.2115,motorbike,52.8,E,CAM-03-3
OBS-0000942,2026-01-22 22:43:00,DN-05,2 September Street,Hai Chau,16.0481,108.223,motorbike,47.1,N,CAM-05-3
OBS-0000943,2026-02-03 22:50:00,DN-06,Ngo Quyen,Son Tra,16.0644,108.2358,car,46.0,E,CAM-06-2
OBS-0000944,2026-03-27 06:15:00,DN-06,Ngo Quyen,Son Tra,16.0644,108.2358,motorbike,36.9,N,CAM-06-3
OBS-0000945,2026-01-30 00:54:00,DN-03,Nguyen Van Linh,Hai Chau,16.0595,108.2115,car,33.3,S,CAM-03-1
OBS-0000946,2026-02-02 04:00:00,DN-03,Nguyen Van Linh,Hai Chau,16.0595,108.2115,motorbike,45.8,S,CAM-03-2
OBS-0000947,2026-02-28 08:20:00,DN-01,Dragon Bridge,Hai Chau,16.0611,108.2273,motorbike,19.5,W,CAM-01-2
OBS-0000948,2026-03-13 21:46:00,DN-02,Han River Bridge,Hai Chau,16.0718,108.2268,car,30.2,S,CAM-02-1
OBS-0000949,2026-02-05 13:46:00,DN-03,Nguyen Van Linh,Hai Chau,16.0595,108.2115,motorbike,23.0,S,CAM-03-1
OBS-0000950,2026-01-03 06:37:00,DN-05,2 September Street,Hai Chau,16.0481,108.223,motorbike,36.3,S,CAM-05-2
OBS-0000951,2026-02-12 05:53:00,DN-01,Dragon Bridge,Hai Chau,16.0611,108.2273,motorbike,34.3,E,CAM-01-3
OBS-0000952,2026-01-10 06:01:00,DN-04,Dien Bien Phu,Thanh Khe,16.0666,108.1912,car,28.4,E,CAM-04-2
OBS-0000953,2026-02-13 09:38:00,DN-04,Dien Bien Phu,Thanh Khe,16.0666,108.1912,motorbike,30.5,W,CAM-04-1
OBS-0000954,2026-03-06 21:49:00,DN-06,Ngo Quyen,Son Tra,16.0644,108.2358,car,34.3,S,CAM-06-3
OBS-0000955,2026-01-11 16:45:00,DN-06,Ngo Quyen,Son Tra,16.0644,108.2358,motorbike,19.0,N,CAM-06-2
OBS-0000956,2026-02-20 05:13:00,DN-02,Han River Bridge,Hai Chau,16.0718,108.2268,motorbike,37.9,S,CAM-02-2
OBS-0000957,2026-01-20 19:12:00,DN-06,Ngo Quyen,Son Tra,16.0644,108.2358,car,6.0,E,CAM-06-1
OBS-0000958,2026-01-20 19:42:00,DN-06,Ngo Quyen,Son Tra,16.0644,108.2358,motorbike,29.1,E,CAM-06-2
OBS-0000959,2026-02-12 15:36:00,DN-01,Dragon Bridge,Hai Chau,16.0611,108.2273,car,36.5,S,CAM-01-2
OBS-0000960,2026-02-23 12:05:00,DN-05,2 September Street,Hai Chau,16.0481,108.223,car,31.5,S,CAM-05-2
OBS-0000961,2026-02-26 18:52:00,DN-05,2 September Street,Hai Chau,16.0481,108.223,motorbike,34.9,S,CAM-05-1
OBS-0000962,2026-01-10 13:50:00,DN-06,Ngo Quyen,Son Tra,16.0644,108.2358,motorbike,30.7,W,CAM-06-3
OBS-0000963,2026-03-28 18:32:00,DN-06,Ngo Quyen,Son Tra,16.0644,108.2358,motorbike,13.4,W,CAM-06-1
OBS-0000964,2026-03-24 10:50:00,DN-04,Dien Bien Phu,Thanh Khe,16.0666,108.1912,bus,29.6,W,CAM-04-1
OBS-0000965,2026-01-20 17:09:00,DN-01,Dragon Bridge,Hai Chau,16.0611,108.2273,car,23.9,N,CAM-01-3
OBS-0000966,2026-02-13 07:26:00,DN-01,Dragon Bridge,Hai Chau,16.0611,108.2273,motorbike,8.0,N,CAM-01-1
OBS-0000967,2026-03-14 17:58:00,DN-06,Ngo Quyen,Son Tra,16.0644,108.2358,motorbike,24.2,W,CAM-06-1
OBS-0000968,2026-02-26 08:52:00,DN-01,Dragon Bridge,Hai Chau,16.0611,108.2273,motorbike,22.4,S,CAM-01-1
OBS-0000969,2026-03-10 08:45:00,DN-02,Han River Bridge,Hai Chau,16.0718,108.2268,truck,19.9,S,CAM-02-2
OBS-0000970,2026-01-25 11:20:00,DN-03,Nguyen Van Linh,Hai Chau,16.0595,108.2115,truck,30.9,W,CAM-03-1
OBS-0000971,2026-01-07 15:37:00,DN-04,Dien Bien Phu,Thanh Khe,16.0666,108.1912,motorbike,28.4,W,CAM-04-1
OBS-0000972,2026-01-05 23:33:00,DN-06,Ngo Quyen,Son Tra,16.0644,108.2358,motorbike,34.4,W,CAM-06-2
OBS-0000973,2026-02-22 20:37:00,DN-03,Nguyen Van Linh,Hai Chau,16.0595,108.2115,motorbike,36.7,N,CAM-03-1
OBS-0000974,2026-01-08 06:58:00,DN-05,2 September Street,Hai Chau,16.0481,108.223,motorbike,32.8,N,CAM-05-3
OBS-0000975,2026-02-14 13:55:00,DN-06,Ngo Quyen,Son Tra,16.0644,108.2358,motorbike,37.9,E,CAM-06-1
OBS-0000976,2026-01-24 11:20:00,DN-06,Ngo Quyen,Son Tra,16.0644,108.2358,car,38.3,N,CAM-06-3
OBS-0000977,2026-03-04 09:35:00,DN-02,Han River Bridge,Hai Chau,16.0718,108.2268,bus,34.0,E,CAM-02-2
OBS-0000978,2026-02-26 03:12:00,DN-04,Dien Bien Phu,Thanh Khe,16.0666,108.1912,car,30.8,S,CAM-04-2
OBS-0000979,2026-02-18 12:41:00,DN-03,Nguyen Van Linh,Hai Chau,16.0595,108.2115,motorbike,29.2,E,CAM-03-2
OBS-0000980,2026-03-03 17:45:00,DN-01,Dragon Bridge,Hai Chau,16.0611,108.2273,motorbike,13.6,N,CAM-01-3
OBS-0000981,2026-03-29 09:05:00,DN-04,Dien Bien Phu,Thanh Khe,16.0666,108.1912,car,17.2,W,CAM-04-1
OBS-0000982,2026-03-06 14:04:00,DN-01,Dragon Bridge,Hai Chau,16.0611,108.2273,motorbike,38.9,W,CAM-01-1
OBS-0000983,2026-02-05 19:33:00,DN-05,2 September Street,Hai Chau,16.0481,108.223,motorbike,41.5,W,CAM-05-2
OBS-0000984,2026-03-09 17:40:00,DN-05,2 September Street,Hai Chau,16.0481,108.223,car,33.7,W,CAM-05-1
OBS-0000985,2026-01-02 04:51:00,DN-04,Dien Bien Phu,Thanh Khe,16.0666,108.1912,car,33.3,E,CAM-04-3
OBS-0000986,2026-02-25 03:42:00,DN-06,Ngo Quyen,Son Tra,16.0644,108.2358,motorbike,48.9,N,CAM-06-3
OBS-0000987,2026-01-31 19:13:00,DN-02,Han River Bridge,Hai Chau,16.0718,108.2268,motorbike,27.6,W,CAM-02-2
OBS-0000988,2026-02-08 16:34:00,DN-02,Han River Bridge,Hai Chau,16.0718,108.2268,car,35.3,E,CAM-02-1
OBS-0000989,2026-03-17 07:42:00,DN-01,Dragon Bridge,Hai Chau,16.0611,108.2273,motorbike,22.2,E,CAM-01-3
OBS-0000990,2026-02-23 02:57:00,DN-02,Han River Bridge,Hai Chau,16.0718,108.2268,motorbike,34.8,N,CAM-02-3
OBS-0000991,2026-03-01 09:42:00,DN-03,Nguyen Van Linh,Hai Chau,16.0595,108.2115,motorbike,18.8,N,CAM-03-2
OBS-0000992,2026-02-11 07:14:00,DN-05,2 September Street,Hai Chau,16.0481,108.223,car,28.7,N,CAM-05-3
OBS-0000993,2026-01-19 00:30:00,DN-03,Nguyen Van Linh,Hai Chau,16.0595,108.2115,motorbike,36.9,S,CAM-03-1
OBS-0000994,2026-02-16 16:20:00,DN-05,2 September Street,Hai Chau,16.0481,108.223,car,29.0,S,CAM-05-2
OBS-0000995,2026-03-10 21:28:00,DN-04,Dien Bien Phu,Thanh Khe,16.0666,108.1912,motorbike,39.8,S,CAM-04-2
OBS-0000996,2026-03-13 19:12:00,DN-02,Han River Bridge,Hai Chau,16.0718,108.2268,motorbike,25.7,N,CAM-02-2
OBS-0000997,2026-03-16 18:01:00,DN-02,Han River Bridge,Hai Chau,16.0718,108.2268,car,15.6,W,CAM-02-1
OBS-0000998,2026-03-08 23:04:00,DN-03,Nguyen Van Linh,Hai Chau,16.0595,108.2115,motorbike,32.8,E,CAM-03-1
OBS-0000999,2026-02-17 06:15:00,DN-01,Dragon Bridge,Hai Chau,16.0611,108.2273,car,31.0,N,CAM-01-1
OBS-0001000,2026-02-07 07:05:00,DN-01,Dragon Bridge,Hai Chau,16.0611,108.2273,motorbike,16.5,S,CAM-01-1
OBS-0001001,2026-03-12 14:37:00,DN-05,2 September Street,Hai Chau,16.0481,108.223,motorbike,29.6,N,CAM-05-1
OBS-0001002,2026-02-15 09:14:00,DN-04,Dien Bien Phu,Thanh Khe,16.0666,108.1912,car,24.3,W,CAM-04-2
OBS-0001003,2026-01-11 18:28:00,DN-01,Dragon Bridge,Hai Chau,16.0611,108.2273,motorbike,2.0,E,CAM-01-2
OBS-0001004,2026-01-24 09:15:00,DN-01,Dragon Bridge,Hai Chau,16.0611,108.2273,motorbike,13.3,E,CAM-01-1
OBS-0001005,2026-01-07 00:08:00,DN-05,2 September Street,Hai Chau,16.0481,108.223,car,38.0,E,CAM-05-3
OBS-0001006,2026-03-15 20:10:00,DN-01,Dragon Bridge,Hai Chau,16.0611,108.2273,motorbike,39.8,N,CAM-01-3
OBS-0001007,2026-01-14 13:15:00,DN-04,Dien Bien Phu,Thanh Khe,16.0666,108.1912,bus,39.2,S,CAM-04-2
OBS-0001008,2026-03-12 03:57:00,DN-02,Han River Bridge,Hai Chau,16.0718,108.2268,motorbike,36.7,W,CAM-02-3
OBS-0001009,2026-01-05 08:33:00,DN-02,Han River Bridge,Hai Chau,16.0718,108.2268,motorbike,25.2,E,CAM-02-2
OBS-0001010,2026-02-23 04:57:00,DN-03,Nguyen Van Linh,Hai Chau,16.0595,108.2115,motorbike,33.4,E,CAM-03-3
OBS-0001011,2026-02-16 13:07:00,DN-02,Han River Bridge,Hai Chau,16.0718,108.2268,motorbike,51.8,W,CAM-02-2
OBS-0001012,2026-03-16 15:36:00,DN-02,Han River Bridge,Hai Chau,16.0718,108.2268,motorbike,31.7,N,CAM-02-2
OBS-0001013,2026-03-21 10:33:00,DN-02,Han River Bridge,Hai Chau,16.0718,108.2268,car,26.9,N,CAM-02-1
OBS-0001014,2026-03-01 11:07:00,DN-05,2 September Street,Hai Chau,16.0481,108.223,car,29.9,N,CAM-05-2
OBS-0001015,2026-02-12 15:08:00,DN-01,Dragon Bridge,Hai Chau,16.0611,108.2273,car,34.0,N,CAM-01-1
OBS-0001016,2026-01-20 14:29:00,DN-06,Ngo Quyen,Son Tra,16.0644,108.2358,car,36.2,S,CAM-06-2
OBS-0001017,2026-03-09 19:18:00,DN-02,Han River Bridge,Hai Chau,16.0718,108.2268,bus,17.8,W,CAM-02-2
OBS-0001018,2026-01-23 06:03:00,DN-02,Han River Bridge,Hai Chau,16.0718,108.2268,car,28.2,W,CAM-02-2
OBS-0001019,2026-02-12 22:41:00,DN-01,Dragon Bridge,Hai Chau,16.0611,108.2273,motorbike,29.4,E,CAM-01-3
OBS-0001020,2026-01-24 03:40:00,DN-01,Dragon Bridge,Hai Chau,16.0611,108.2273,motorbike,33.2,E,CAM-01-1
OBS-0001021,2026-01-12 13:37:00,DN-01,Dragon Bridge,Hai Chau,16.0611,108.2273,bus,40.1,N,CAM-01-2
OBS-0001022,2026-03-30 08:29:00,DN-02,Han River Bridge,Hai Chau,16.0718,108.2268,motorbike,18.2,E,CAM-02-2
OBS-0001023,2026-02-14 19:48:00,DN-02,Han River Bridge,Hai Chau,16.0718,108.2268,car,18.9,E,CAM-02-3
OBS-0001024,2026-03-11 13:53:00,DN-03,Nguyen Van Linh,Hai Chau,16.0595,108.2115,motorbike,39.7,N,CAM-03-1
OBS-0001025,2026-02-07 13:58:00,DN-05,2 September Street,Hai Chau,16.0481,108.223,motorbike,28.3,S,CAM-05-2
OBS-0001026,2026-02-19 03:18:00,DN-01,Dragon Bridge,Hai Chau,16.0611,108.2273,car,31.4,W,CAM-01-1
OBS-0001027,2026-01-23 07:59:00,DN-02,Han River Bridge,Hai Chau,16.0718,108.2268,car,21.4,S,CAM-02-1
OBS-0001028,2026-03-18 04:09:00,DN-02,Han River Bridge,Hai Chau,16.0718,108.2268,motorbike,30.6,S,CAM-02-1
OBS-0001029,2026-01-03 23:38:00,DN-04,Dien Bien Phu,Thanh Khe,16.0666,108.1912,motorbike,18.8,W,CAM-04-1
OBS-0001030,2026-03-17 06:16:00,DN-02,Han River Bridge,Hai Chau,16.0718,108.2268,motorbike,35.3,S,CAM-02-3
OBS-0001031,2026-02-16 17:43:00,DN-06,Ngo Quyen,Son Tra,16.0644,108.2358,motorbike,17.2,E,CAM-06-2
OBS-0001032,2026-02-02 15:28:00,DN-02,Han River Bridge,Hai Chau,16.0718,108.2268,motorbike,27.8,N,CAM-02-3
OBS-0001033,2026-03-17 08:07:00,DN-06,Ngo Quyen,Son Tra,16.0644,108.2358,motorbike,26.8,N,CAM-06-1
OBS-0001034,2026-01-10 15:42:00,DN-06,Ngo Quyen,Son Tra,16.0644,108.2358,bus,37.6,S,CAM-06-1
OBS-0001035,2026-02-24 19:10:00,DN-03,Nguyen Van Linh,Hai Chau,16.0595,108.2115,motorbike,15.5,E,CAM-03-3
OBS-0001036,2026-02-10 18:32:00,DN-05,2 September Street,Hai Chau,16.0481,108.223,car,28.4,N,CAM-05-2
OBS-0001037,2026-01-06 12:35:00,DN-04,Dien Bien Phu,Thanh Khe,16.0666,108.1912,car,55.5,W,CAM-04-3
OBS-0001038,2026-01-21 03:15:00,DN-02,Han River Bridge,Hai Chau,16.0718,108.2268,motorbike,39.3,W,CAM-02-1
OBS-0001039,2026-01-04 08:16:00,DN-01,Dragon Bridge,Hai Chau,16.0611,108.2273,motorbike,17.8,W,CAM-01-2
OBS-0001040,2026-01-06 01:15:00,DN-06,Ngo Quyen,Son Tra,16.0644,108.2358,motorbike,27.0,N,CAM-06-3
OBS-0001041,2026-03-24 00:50:00,DN-03,Nguyen Van Linh,Hai Chau,16.0595,108.2115,motorbike,37.1,E,CAM-03-1
OBS-0001042,2026-03-26 16:57:00,DN-05,2 September Street,Hai Chau,16.0481,108.223,bus,28.9,S,CAM-05-2
OBS-0001043,2026-01-03 11:21:00,DN-01,Dragon Bridge,Hai Chau,16.0611,108.2273,motorbike,35.3,N,CAM-01-2
OBS-0001044,2026-01-03 11:02:00,DN-06,Ngo Quyen,Son Tra,16.0644,108.2358,motorbike,43.3,W,CAM-06-3
OBS-0001045,2026-01-05 00:57:00,DN-02,Han River Bridge,Hai Chau,16.0718,108.2268,motorbike,25.6,W,CAM-02-2
OBS-0001046,2026-01-24 16:21:00,DN-01,Dragon Bridge,Hai Chau,16.0611,108.2273,motorbike,10.9,E,CAM-01-3
OBS-0001047,2026-02-07 09:07:00,DN-02,Han River Bridge,Hai Chau,16.0718,108.2268,car,30.5,N,CAM-02-1
OBS-0001048,2026-03-07 08:25:00,DN-01,Dragon Bridge,Hai Chau,16.0611,108.2273,motorbike,10.0,S,CAM-01-1
OBS-0001049,2026-03-10 18:06:00,DN-05,2 September Street,Hai Chau,16.0481,108.223,motorbike,22.7,W,CAM-05-2
OBS-0001050,2026-03-29 08:49:00,DN-05,2 September Street,Hai Chau,16.0481,108.223,motorbike,27.9,W,CAM-05-3
OBS-0001051,2026-03-21 12:11:00,DN-01,Dragon Bridge,Hai Chau,16.0611,108.2273,bus,16.9,E,CAM-01-1
OBS-0001052,2026-01-05 10:48:00,DN-02,Han River Bridge,Hai Chau,16.0718,108.2268,motorbike,38.9,S,CAM-02-3
OBS-0001053,2026-03-01 20:39:00,DN-01,Dragon Bridge,Hai Chau,16.0611,108.2273,motorbike,39.0,E,CAM-01-2
OBS-0001054,2026-02-14 11:36:00,DN-01,Dragon Bridge,Hai Chau,16.0611,108.2273,car,36.7,E,CAM-01-2
OBS-0001055,2026-02-15 20:56:00,DN-01,Dragon Bridge,Hai Chau,16.0611,108.2273,motorbike,41.2,E,CAM-01-1
OBS-0001056,2026-03-17 07:36:00,DN-03,Nguyen Van Linh,Hai Chau,16.0595,108.2115,motorbike,34.0,E,CAM-03-1
OBS-0001057,2026-02-05 23:40:00,DN-04,Dien Bien Phu,Thanh Khe,16.0666,108.1912,motorbike,36.8,N,CAM-04-1
OBS-0001058,2026-01-11 10:35:00,DN-03,Nguyen Van Linh,Hai Chau,16.0595,108.2115,motorbike,41.4,S,CAM-03-3
OBS-0001059,2026-02-03 16:17:00,DN-02,Han River Bridge,Hai Chau,16.0718,108.2268,motorbike,31.9,W,CAM-02-3
OBS-0001060,2026-01-22 06:45:00,DN-05,2 September Street,Hai Chau,16.0481,108.223,motorbike,41.9,E,CAM-05-3
OBS-0001061,2026-03-27 11:01:00,DN-01,Dragon Bridge,Hai Chau,16.0611,108.2273,truck,39.7,S,CAM-01-1
OBS-0001062,2026-02-10 12:26:00,DN-01,Dragon Bridge,Hai Chau,16.0611,108.2273,motorbike,32.7,N,CAM-01-2
OBS-0001063,2026-02-27 10:33:00,DN-02,Han River Bridge,Hai Chau,16.0718,108.2268,motorbike,24.5,E,CAM-02-2
OBS-0001064,2026-03-09 19:19:00,DN-02,Han River Bridge,Hai Chau,16.0718,108.2268,motorbike,20.8,E,CAM-02-2
OBS-0001065,2026-02-06 18:58:00,DN-04,Dien Bien Phu,Thanh Khe,16.0666,108.1912,car,23.5,E,CAM-04-1
OBS-0001066,2026-03-11 04:00:00,DN-06,Ngo Quyen,Son Tra,16.0644,108.2358,motorbike,40.1,S,CAM-06-3
OBS-0001067,2026-01-04 06:27:00,DN-06,Ngo Quyen,Son Tra,16.0644,108.2358,truck,30.4,W,CAM-06-3
OBS-0001068,2026-02-07 22:56:00,DN-04,Dien Bien Phu,Thanh Khe,16.0666,108.1912,motorbike,39.8,W,CAM-04-3
OBS-0001069,2026-03-12 09:40:00,DN-03,Nguyen Van Linh,Hai Chau,16.0595,108.2115,bus,5.1,N,CAM-03-2
OBS-0001070,2026-01-28 10:31:00,DN-01,Dragon Bridge,Hai Chau,16.0611,108.2273,motorbike,51.5,E,CAM-01-1
OBS-0001071,2026-01-21 06:48:00,DN-05,2 September Street,Hai Chau,16.0481,108.223,car,33.5,W,CAM-05-3
OBS-0001072,2026-01-05 14:46:00,DN-06,Ngo Quyen,Son Tra,16.0644,108.2358,car,44.1,W,CAM-06-1
OBS-0001073,2026-03-22 06:35:00,DN-06,Ngo Quyen,Son Tra,16.0644,108.2358,motorbike,24.7,W,CAM-06-2
OBS-0001074,2026-02-02 18:12:00,DN-06,Ngo Quyen,Son Tra,16.0644,108.2358,car,26.8,N,CAM-06-2
OBS-0001075,2026-03-15 23:44:00,DN-06,Ngo Quyen,Son Tra,16.0644,108.2358,motorbike,43.9,E,CAM-06-1
OBS-0001076,2026-03-29 05:34:00,DN-05,2 September Street,Hai Chau,16.0481,108.223,motorbike,32.3,E,CAM-05-2
OBS-0001077,2026-02-25 21:22:00,DN-05,2 September Street,Hai Chau,16.0481,108.223,bus,50.8,S,CAM-05-2
OBS-0001078,2026-01-25 22:41:00,DN-05,2 September Street,Hai Chau,16.0481,108.223,car,35.9,E,CAM-05-2
OBS-0001079,2026-01-20 20:43:00,DN-02,Han River Bridge,Hai Chau,16.0718,108.2268,motorbike,43.9,S,CAM-02-3
OBS-0001080,2026-03-17 02:30:00,DN-02,Han River Bridge,Hai Chau,16.0718,108.2268,motorbike,43.6,N,CAM-02-3
OBS-0001081,2026-02-02 17:20:00,DN-04,Dien Bien Phu,Thanh Khe,16.0666,108.1912,truck,10.3,S,CAM-04-1
OBS-0001082,2026-03-13 20:21:00,DN-03,Nguyen Van Linh,Hai Chau,16.0595,108.2115,car,41.8,S,CAM-03-3
OBS-0001083,2026-01-13 04:10:00,DN-04,Dien Bien Phu,Thanh Khe,16.0666,108.1912,bus,42.0,N,CAM-04-1
OBS-0001084,2026-02-10 10:35:00,DN-04,Dien Bien Phu,Thanh Khe,16.0666,108.1912,motorbike,37.7,W,CAM-04-1
OBS-0001085,2026-02-10 14:34:00,DN-03,Nguyen Van Linh,Hai Chau,16.0595,108.2115,motorbike,22.7,E,CAM-03-2
OBS-0001086,2026-01-16 03:29:00,DN-04,Dien Bien Phu,Thanh Khe,16.0666,108.1912,motorbike,36.9,W,CAM-04-1
OBS-0001087,2026-03-15 14:27:00,DN-02,Han River Bridge,Hai Chau,16.0718,108.2268,motorbike,28.2,S,CAM-02-1
OBS-0001088,2026-02-15 08:03:00,DN-05,2 September Street,Hai Chau,16.0481,108.223,car,5.7,W,CAM-05-1
OBS-0001089,2026-02-26 07:18:00,DN-01,Dragon Bridge,Hai Chau,16.0611,108.2273,motorbike,22.1,S,CAM-01-1
OBS-0001090,2026-02-21 05:47:00,DN-05,2 September Street,Hai Chau,16.0481,108.223,motorbike,20.5,W,CAM-05-3
OBS-0001091,2026-01-12 08:13:00,DN-03,Nguyen Van Linh,Hai Chau,16.0595,108.2115,motorbike,11.1,E,CAM-03-1
OBS-0001092,2026-03-16 23:34:00,DN-04,Dien Bien Phu,Thanh Khe,16.0666,108.1912,bus,37.5,E,CAM-04-1
OBS-0001093,2026-03-16 12:47:00,DN-06,Ngo Quyen,Son Tra,16.0644,108.2358,motorbike,42.9,S,CAM-06-2
OBS-0001094,2026-03-28 10:23:00,DN-01,Dragon Bridge,Hai Chau,16.0611,108.2273,car,37.8,N,CAM-01-3
OBS-0001095,2026-01-25 06:44:00,DN-04,Dien Bien Phu,Thanh Khe,16.0666,108.1912,motorbike,36.2,W,CAM-04-3
OBS-0001096,2026-02-18 18:40:00,DN-02,Han River Bridge,Hai Chau,16.0718,108.2268,car,33.1,E,CAM-02-1
OBS-0001097,2026-03-24 23:45:00,DN-06,Ngo Quyen,Son Tra,16.0644,108.2358,bus,40.9,W,CAM-06-3
OBS-0001098,2026-02-13 14:22:00,DN-03,Nguyen Van Linh,Hai Chau,16.0595,108.2115,motorbike,35.6,S,CAM-03-1
OBS-0001099,2026-02-10 17:10:00,DN-03,Nguyen Van Linh,Hai Chau,16.0595,108.2115,motorbike,22.7,E,CAM-03-3
OBS-0001100,2026-02-01 03:37:00,DN-05,2 September Street,Hai Chau,16.0481,108.223,motorbike,40.1,W,CAM-05-2
OBS-0001101,2026-01-16 16:46:00,DN-05,2 September Street,Hai Chau,16.0481,108.223,bus,21.6,N,CAM-05-3
OBS-0001102,2026-02-10 00:50:00,DN-06,Ngo Quyen,Son Tra,16.0644,108.2358,car,50.9,E,CAM-06-1
OBS-0001103,2026-01-15 04:44:00,DN-03,Nguyen Van Linh,Hai Chau,16.0595,108.2115,motorbike,26.3,E,CAM-03-1
OBS-0001104,2026-02-11 13:43:00,DN-06,Ngo Quyen,Son Tra,16.0644,108.2358,car,58.9,E,CAM-06-1
OBS-0001105,2026-01-08 09:11:00,DN-04,Dien Bien Phu,Thanh Khe,16.0666,108.1912,motorbike,17.2,S,CAM-04-1
OBS-0001106,2026-01-30 08:03:00,DN-03,Nguyen Van Linh,Hai Chau,16.0595,108.2115,motorbike,15.6,E,CAM-03-1
OBS-0001107,2026-03-13 22:07:00,DN-05,2 September Street,Hai Chau,16.0481,108.223,car,32.4,W,CAM-05-1
OBS-0001108,2026-02-24 05:45:00,DN-03,Nguyen Van Linh,Hai Chau,16.0595,108.2115,motorbike,25.8,W,CAM-03-1
OBS-0001109,2026-02-03 03:24:00,DN-04,Dien Bien Phu,Thanh Khe,16.0666,108.1912,car,42.4,N,CAM-04-1
OBS-0001110,2026-02-19 08:16:00,DN-06,Ngo Quyen,Son Tra,16.0644,108.2358,car,26.3,E,CAM-06-3
OBS-0001111,2026-02-03 16:57:00,DN-06,Ngo Quyen,Son Tra,16.0644,108.2358,truck,28.1,S,CAM-06-3
OBS-0001112,2026-01-26 13:41:00,DN-04,Dien Bien Phu,Thanh Khe,16.0666,108.1912,car,31.2,N,CAM-04-1
OBS-0001113,2026-03-24 04:29:00,DN-06,Ngo Quyen,Son Tra,16.0644,108.2358,car,35.2,E,CAM-06-2
OBS-0001114,2026-01-01 01:51:00,DN-01,Dragon Bridge,Hai Chau,16.0611,108.2273,truck,39.7,W,CAM-01-2
OBS-0001115,2026-02-05 03:01:00,DN-04,Dien Bien Phu,Thanh Khe,16.0666,108.1912,motorbike,24.7,N,CAM-04-2
OBS-0001116,2026-03-31 03:26:00,DN-03,Nguyen Van Linh,Hai Chau,16.0595,108.2115,car,26.2,E,CAM-03-3
OBS-0001117,2026-02-08 08:11:00,DN-06,Ngo Quyen,Son Tra,16.0644,108.2358,motorbike,22.1,S,CAM-06-3
OBS-0001118,2026-03-21 11:47:00,DN-01,Dragon Bridge,Hai Chau,16.0611,108.2273,motorbike,36.0,E,CAM-01-1
OBS-0001119,2026-03-29 03:59:00,DN-01,Dragon Bridge,Hai Chau,16.0611,108.2273,motorbike,30.8,S,CAM-01-2
OBS-0001120,2026-03-14 02:19:00,DN-02,Han River Bridge,Hai Chau,16.0718,108.2268,motorbike,34.0,E,CAM-02-3
OBS-0001121,2026-01-19 13:12:00,DN-05,2 September Street,Hai Chau,16.0481,108.223,car,33.7,N,CAM-05-1
OBS-0001122,2026-02-15 18:06:00,DN-06,Ngo Quyen,Son Tra,16.0644,108.2358,motorbike,22.2,E,CAM-06-3
OBS-0001123,2026-02-11 07:18:00,DN-02,Han River Bridge,Hai Chau,16.0718,108.2268,motorbike,18.4,E,CAM-02-1
OBS-0001124,2026-03-19 22:58:00,DN-02,Han River Bridge,Hai Chau,16.0718,108.2268,motorbike,36.2,E,CAM-02-1
OBS-0001125,2026-02-06 11:38:00,DN-04,Dien Bien Phu,Thanh Khe,16.0666,108.1912,motorbike,24.2,S,CAM-04-1
OBS-0001126,2026-01-08 04:04:00,DN-02,Han River Bridge,Hai Chau,16.0718,108.2268,car,41.7,S,CAM-02-3
OBS-0001127,2026-01-22 02:06:00,DN-05,2 September Street,Hai Chau,16.0481,108.223,motorbike,38.9,S,CAM-05-3
OBS-0001128,2026-01-12 23:33:00,DN-01,Dragon Bridge,Hai Chau,16.0611,108.2273,motorbike,45.7,W,CAM-01-1
OBS-0001129,2026-03-22 04:03:00,DN-04,Dien Bien Phu,Thanh Khe,16.0666,108.1912,motorbike,37.1,S,CAM-04-1
OBS-0001130,2026-01-22 14:42:00,DN-04,Dien Bien Phu,Thanh Khe,16.0666,108.1912,motorbike,45.9,W,CAM-04-1
OBS-0001131,2026-03-24 09:09:00,DN-02,Han River Bridge,Hai Chau,16.0718,108.2268,car,23.3,S,CAM-02-1
OBS-0001132,2026-03-21 01:38:00,DN-02,Han River Bridge,Hai Chau,16.0718,108.2268,motorbike,37.5,S,CAM-02-3
OBS-0001133,2026-01-22 00:40:00,DN-02,Han River Bridge,Hai Chau,16.0718,108.2268,motorbike,45.5,S,CAM-02-2
OBS-0001134,2026-03-09 00:50:00,DN-01,Dragon Bridge,Hai Chau,16.0611,108.2273,motorbike,42.1,S,CAM-01-1
OBS-0001135,2026-03-31 05:33:00,DN-02,Han River Bridge,Hai Chau,16.0718,108.2268,motorbike,52.6,W,CAM-02-2
OBS-0001136,2026-01-28 22:51:00,DN-01,Dragon Bridge,Hai Chau,16.0611,108.2273,motorbike,38.3,W,CAM-01-3
OBS-0001137,2026-02-14 22:59:00,DN-04,Dien Bien Phu,Thanh Khe,16.0666,108.1912,car,18.6,N,CAM-04-2
OBS-0001138,2026-03-11 18:39:00,DN-02,Han River Bridge,Hai Chau,16.0718,108.2268,motorbike,23.8,N,CAM-02-3
OBS-0001139,2026-02-14 04:10:00,DN-05,2 September Street,Hai Chau,16.0481,108.223,car,36.2,N,CAM-05-1
OBS-0001140,2026-02-24 16:51:00,DN-05,2 September Street,Hai Chau,16.0481,108.223,motorbike,13.8,E,CAM-05-2
OBS-0001141,2026-02-24 20:15:00,DN-05,2 September Street,Hai Chau,16.0481,108.223,motorbike,35.8,E,CAM-05-1
OBS-0001142,2026-03-04 00:15:00,DN-04,Dien Bien Phu,Thanh Khe,16.0666,108.1912,motorbike,50.9,S,CAM-04-2
OBS-0001143,2026-03-15 16:32:00,DN-05,2 September Street,Hai Chau,16.0481,108.223,car,24.2,N,CAM-05-2
OBS-0001144,2026-01-03 02:02:00,DN-01,Dragon Bridge,Hai Chau,16.0611,108.2273,bus,29.5,E,CAM-01-1
OBS-0001145,2026-03-01 22:38:00,DN-03,Nguyen Van Linh,Hai Chau,16.0595,108.2115,car,33.0,E,CAM-03-2
OBS-0001146,2026-02-17 19:52:00,DN-06,Ngo Quyen,Son Tra,16.0644,108.2358,motorbike,30.5,E,CAM-06-2
OBS-0001147,2026-01-29 19:47:00,DN-03,Nguyen Van Linh,Hai Chau,16.0595,108.2115,motorbike,14.0,S,CAM-03-2
OBS-0001148,2026-03-09 22:27:00,DN-06,Ngo Quyen,Son Tra,16.0644,108.2358,car,38.5,W,CAM-06-3
OBS-0001149,2026-03-18 15:19:00,DN-05,2 September Street,Hai Chau,16.0481,108.223,motorbike,40.1,E,CAM-05-1
OBS-0001150,2026-01-08 08:13:00,DN-06,Ngo Quyen,Son Tra,16.0644,108.2358,bus,28.8,W,CAM-06-3
OBS-0001151,2026-01-08 23:12:00,DN-04,Dien Bien Phu,Thanh Khe,16.0666,108.1912,bus,33.8,W,CAM-04-1
OBS-0001152,2026-01-12 06:20:00,DN-04,Dien Bien Phu,Thanh Khe,16.0666,108.1912,car,46.9,S,CAM-04-2
OBS-0001153,2026-03-22 20:28:00,DN-03,Nguyen Van Linh,Hai Chau,16.0595,108.2115,motorbike,33.7,N,CAM-03-3
OBS-0001154,2026-01-12 12:59:00,DN-06,Ngo Quyen,Son Tra,16.0644,108.2358,motorbike,47.0,E,CAM-06-1
OBS-0001155,2026-03-29 17:04:00,DN-02,Han River Bridge,Hai Chau,16.0718,108.2268,motorbike,11.5,N,CAM-02-1
OBS-0001156,2026-03-30 20:30:00,DN-04,Dien Bien Phu,Thanh Khe,16.0666,108.1912,car,42.3,N,CAM-04-2
OBS-0001157,2026-01-02 02:40:00,DN-02,Han River Bridge,Hai Chau,16.0718,108.2268,motorbike,33.3,W,CAM-02-3
OBS-0001158,2026-03-11 02:06:00,DN-03,Nguyen Van Linh,Hai Chau,16.0595,108.2115,motorbike,42.1,N,CAM-03-2
OBS-0001159,2026-02-19 12:19:00,DN-03,Nguyen Van Linh,Hai Chau,16.0595,108.2115,motorbike,47.1,S,CAM-03-2
OBS-0001160,2026-01-24 15:51:00,DN-04,Dien Bien Phu,Thanh Khe,16.0666,108.1912,motorbike,24.5,S,CAM-04-3
OBS-0001161,2026-02-10 09:40:00,DN-04,Dien Bien Phu,Thanh Khe,16.0666,108.1912,car,14.8,N,CAM-04-3
OBS-0001162,2026-01-13 22:01:00,DN-06,Ngo Quyen,Son Tra,16.0644,108.2358,motorbike,40.7,N,CAM-06-1
OBS-0001163,2026-03-13 18:43:00,DN-05,2 September Street,Hai Chau,16.0481,108.223,motorbike,13.2,N,CAM-05-2
OBS-0001164,2026-01-07 07:08:00,DN-05,2 September Street,Hai Chau,16.0481,108.223,motorbike,17.6,S,CAM-05-2
OBS-0001165,2026-02-09 19:11:00,DN-03,Nguyen Van Linh,Hai Chau,16.0595,108.2115,motorbike,4.0,E,CAM-03-1
OBS-0001166,2026-01-20 21:22:00,DN-04,Dien Bien Phu,Thanh Khe,16.0666,108.1912,motorbike,32.2,E,CAM-04-3
OBS-0001167,2026-02-22 20:02:00,DN-02,Han River Bridge,Hai Chau,16.0718,108.2268,motorbike,36.2,W,CAM-02-1
OBS-0001168,2026-01-11 11:29:00,DN-02,Han River Bridge,Hai Chau,16.0718,108.2268,motorbike,32.9,S,CAM-02-1
OBS-0001169,2026-01-12 00:18:00,DN-01,Dragon Bridge,Hai Chau,16.0611,108.2273,car,35.1,W,CAM-01-1
OBS-0001170,2026-02-01 12:37:00,DN-02,Han River Bridge,Hai Chau,16.0718,108.2268,motorbike,39.4,W,CAM-02-1
OBS-0001171,2026-02-01 01:08:00,DN-05,2 September Street,Hai Chau,16.0481,108.223,motorbike,36.6,W,CAM-05-3
OBS-0001172,2026-03-24 19:41:00,DN-02,Han River Bridge,Hai Chau,16.0718,108.2268,motorbike,31.7,S,CAM-02-2
OBS-0001173,2026-03-13 06:09:00,DN-03,Nguyen Van Linh,Hai Chau,16.0595,108.2115,car,31.0,E,CAM-03-2
OBS-0001174,2026-03-20 08:26:00,DN-06,Ngo Quyen,Son Tra,16.0644,108.2358,car,25.0,N,CAM-06-1
OBS-0001175,2026-02-07 16:36:00,DN-01,Dragon Bridge,Hai Chau,16.0611,108.2273,car,32.4,S,CAM-01-1
OBS-0001176,2026-03-19 02:43:00,DN-02,Han River Bridge,Hai Chau,16.0718,108.2268,motorbike,37.0,W,CAM-02-3
OBS-0001177,2026-01-25 07:36:00,DN-01,Dragon Bridge,Hai Chau,16.0611,108.2273,motorbike,13.7,E,CAM-01-3
OBS-0001178,2026-01-16 15:30:00,DN-04,Dien Bien Phu,Thanh Khe,16.0666,108.1912,motorbike,29.5,W,CAM-04-3
OBS-0001179,2026-03-11 18:38:00,DN-06,Ngo Quyen,Son Tra,16.0644,108.2358,motorbike,31.2,S,CAM-06-1
OBS-0001180,2026-02-24 15:05:00,DN-06,Ngo Quyen,Son Tra,16.0644,108.2358,bus,35.3,W,CAM-06-3
OBS-0001181,2026-02-09 05:33:00,DN-02,Han River Bridge,Hai Chau,16.0718,108.2268,motorbike,43.9,N,CAM-02-3
OBS-0001182,2026-03-18 11:09:00,DN-01,Dragon Bridge,Hai Chau,16.0611,108.2273,motorbike,43.4,E,CAM-01-3
OBS-0001183,2026-03-22 07:59:00,DN-05,2 September Street,Hai Chau,16.0481,108.223,motorbike,18.6,E,CAM-05-2
OBS-0001184,2026-01-09 14:01:00,DN-06,Ngo Quyen,Son Tra,16.0644,108.2358,motorbike,38.3,E,CAM-06-2
OBS-0001185,2026-01-23 00:23:00,DN-04,Dien Bien Phu,Thanh Khe,16.0666,108.1912,motorbike,30.2,S,CAM-04-1
OBS-0001186,2026-03-26 19:56:00,DN-02,Han River Bridge,Hai Chau,16.0718,108.2268,motorbike,15.0,S,CAM-02-1
OBS-0001187,2026-01-25 01:11:00,DN-05,2 September Street,Hai Chau,16.0481,108.223,motorbike,31.2,N,CAM-05-1
OBS-0001188,2026-03-25 21:47:00,DN-06,Ngo Quyen,Son Tra,16.0644,108.2358,motorbike,36.1,S,CAM-06-1
OBS-0001189,2026-03-30 03:21:00,DN-02,Han River Bridge,Hai Chau,16.0718,108.2268,car,32.3,W,CAM-02-3
OBS-0001190,2026-03-22 22:28:00,DN-05,2 September Street,Hai Chau,16.0481,108.223,bus,40.7,N,CAM-05-1
OBS-0001191,2026-02-08 01:53:00,DN-06,Ngo Quyen,Son Tra,16.0644,108.2358,car,35.8,N,CAM-06-2
OBS-0001192,2026-01-07 00:38:00,DN-06,Ngo Quyen,Son Tra,16.0644,108.2358,motorbike,40.4,S,CAM-06-2
OBS-0001193,2026-02-15 21:52:00,DN-03,Nguyen Van Linh,Hai Chau,16.0595,108.2115,motorbike,32.5,E,CAM-03-1
OBS-0001194,2026-01-20 08:25:00,DN-01,Dragon Bridge,Hai Chau,16.0611,108.2273,car,22.2,E,CAM-01-3
OBS-0001195,2026-01-19 08:46:00,DN-05,2 September Street,Hai Chau,16.0481,108.223,car,31.3,E,CAM-05-2
OBS-0001196,2026-01-07 03:19:00,DN-06,Ngo Quyen,Son Tra,16.0644,108.2358,motorbike,43.9,N,CAM-06-3
OBS-0001197,2026-02-14 20:17:00,DN-03,Nguyen Van Linh,Hai Chau,16.0595,108.2115,bus,23.5,W,CAM-03-1
OBS-0001198,2026-01-11 08:27:00,DN-02,Han River Bridge,Hai Chau,16.0718,108.2268,car,20.0,E,CAM-02-1
OBS-0001199,2026-03-01 23:55:00,DN-02,Han River Bridge,Hai Chau,16.0718,108.2268,car,28.1,W,CAM-02-1
OBS-0001200,2026-03-28 00:05:00,DN-02,Han River Bridge,Hai Chau,16.0718,108.2268,motorbike,44.5,N,CAM-02-2
OBS-0001201,2026-03-19 17:19:00,DN-01,Dragon Bridge,Hai Chau,16.0611,108.2273,car,22.7,S,CAM-01-1
OBS-0001202,2026-02-25 02:20:00,DN-02,Han River Bridge,Hai Chau,16.0718,108.2268,motorbike,48.9,S,CAM-02-1
OBS-0001203,2026-02-19 08:18:00,DN-05,2 September Street,Hai Chau,16.0481,108.223,car,29.4,E,CAM-05-1
OBS-0001204,2026-02-19 20:39:00,DN-01,Dragon Bridge,Hai Chau,16.0611,108.2273,motorbike,22.3,E,CAM-01-2
OBS-0001205,2026-01-14 16:50:00,DN-06,Ngo Quyen,Son Tra,16.0644,108.2358,motorbike,20.2,S,CAM-06-1
OBS-0001206,2026-03-23 03:19:00,DN-02,Han River Bridge,Hai Chau,16.0718,108.2268,car,35.3,W,CAM-02-3
OBS-0001207,2026-01-31 10:40:00,DN-01,Dragon Bridge,Hai Chau,16.0611,108.2273,motorbike,40.2,N,CAM-01-2
OBS-0001208,2026-02-02 11:13:00,DN-05,2 September Street,Hai Chau,16.0481,108.223,motorbike,38.3,E,CAM-05-2
OBS-0001209,2026-03-09 02:21:00,DN-04,Dien Bien Phu,Thanh Khe,16.0666,108.1912,motorbike,35.7,W,CAM-04-2
OBS-0001210,2026-03-09 11:45:00,DN-03,Nguyen Van Linh,Hai Chau,16.0595,108.2115,motorbike,42.5,W,CAM-03-1
OBS-0001211,2026-02-18 14:13:00,DN-02,Han River Bridge,Hai Chau,16.0718,108.2268,motorbike,37.9,S,CAM-02-3
OBS-0001212,2026-03-28 15:15:00,DN-02,Han River Bridge,Hai Chau,16.0718,108.2268,truck,33.5,E,CAM-02-1
OBS-0001213,2026-02-26 05:43:00,DN-01,Dragon Bridge,Hai Chau,16.0611,108.2273,truck,49.7,W,CAM-01-2
OBS-0001214,2026-01-09 10:31:00,DN-02,Han River Bridge,Hai Chau,16.0718,108.2268,motorbike,40.6,E,CAM-02-3
OBS-0001215,2026-03-16 16:09:00,DN-03,Nguyen Van Linh,Hai Chau,16.0595,108.2115,motorbike,7.7,N,CAM-03-2
OBS-0001216,2026-01-23 19:40:00,DN-06,Ngo Quyen,Son Tra,16.0644,108.2358,motorbike,20.0,N,CAM-06-2
OBS-0001217,2026-02-04 20:52:00,DN-04,Dien Bien Phu,Thanh Khe,16.0666,108.1912,car,28.6,N,CAM-04-2
OBS-0001218,2026-01-24 09:15:00,DN-05,2 September Street,Hai Chau,16.0481,108.223,car,9.7,E,CAM-05-3
OBS-0001219,2026-03-21 12:44:00,DN-03,Nguyen Van Linh,Hai Chau,16.0595,108.2115,motorbike,28.3,E,CAM-03-2
OBS-0001220,2026-02-25 11:20:00,DN-04,Dien Bien Phu,Thanh Khe,16.0666,108.1912,car,35.6,S,CAM-04-3
OBS-0001221,2026-03-06 00:21:00,DN-01,Dragon Bridge,Hai Chau,16.0611,108.2273,car,30.6,N,CAM-01-1
OBS-0001222,2026-03-19 00:30:00,DN-01,Dragon Bridge,Hai Chau,16.0611,108.2273,car,40.3,E,CAM-01-1
OBS-0001223,2026-02-14 02:53:00,DN-01,Dragon Bridge,Hai Chau,16.0611,108.2273,motorbike,39.0,E,CAM-01-2
OBS-0001224,2026-03-05 09:13:00,DN-05,2 September Street,Hai Chau,16.0481,108.223,motorbike,26.5,E,CAM-05-1
OBS-0001225,2026-01-14 13:25:00,DN-03,Nguyen Van Linh,Hai Chau,16.0595,108.2115,motorbike,46.7,S,CAM-03-1
OBS-0001226,2026-03-23 13:35:00,DN-06,Ngo Quyen,Son Tra,16.0644,108.2358,car,45.2,W,CAM-06-2
OBS-0001227,2026-01-22 10:56:00,DN-03,Nguyen Van Linh,Hai Chau,16.0595,108.2115,car,28.6,W,CAM-03-1
OBS-0001228,2026-01-29 20:09:00,DN-04,Dien Bien Phu,Thanh Khe,16.0666,108.1912,car,47.9,S,CAM-04-2
OBS-0001229,2026-01-06 20:45:00,DN-01,Dragon Bridge,Hai Chau,16.0611,108.2273,motorbike,45.9,S,CAM-01-1
OBS-0001230,2026-03-18 12:03:00,DN-04,Dien Bien Phu,Thanh Khe,16.0666,108.1912,motorbike,23.4,S,CAM-04-2
OBS-0001231,2026-03-04 16:07:00,DN-02,Han River Bridge,Hai Chau,16.0718,108.2268,car,30.7,E,CAM-02-1
OBS-0001232,2026-03-19 16:34:00,DN-05,2 September Street,Hai Chau,16.0481,108.223,truck,25.4,E,CAM-05-3
OBS-0001233,2026-02-12 13:25:00,DN-03,Nguyen Van Linh,Hai Chau,16.0595,108.2115,motorbike,28.7,W,CAM-03-1
OBS-0001234,2026-01-24 10:12:00,DN-03,Nguyen Van Linh,Hai Chau,16.0595,108.2115,car,22.7,S,CAM-03-1
OBS-0001235,2026-01-03 08:48:00,DN-03,Nguyen Van Linh,Hai Chau,16.0595,108.2115,motorbike,20.1,S,CAM-03-2
OBS-0001236,2026-03-02 09:14:00,DN-04,Dien Bien Phu,Thanh Khe,16.0666,108.1912,car,15.1,N,CAM-04-1
OBS-0001237,2026-03-03 23:23:00,DN-02,Han River Bridge,Hai Chau,16.0718,108.2268,car,45.9,N,CAM-02-3
OBS-0001238,2026-03-07 13:00:00,DN-04,Dien Bien Phu,Thanh Khe,16.0666,108.1912,motorbike,39.0,E,CAM-04-1
OBS-0001239,2026-03-01 10:29:00,DN-05,2 September Street,Hai Chau,16.0481,108.223,motorbike,41.6,W,CAM-05-1
OBS-0001240,2026-03-19 16:32:00,DN-03,Nguyen Van Linh,Hai Chau,16.0595,108.2115,car,7.5,S,CAM-03-1
OBS-0001241,2026-01-09 07:29:00,DN-04,Dien Bien Phu,Thanh Khe,16.0666,108.1912,car,29.6,W,CAM-04-2
OBS-0001242,2026-03-10 19:42:00,DN-05,2 September Street,Hai Chau,16.0481,108.223,car,14.8,S,CAM-05-3
OBS-0001243,2026-01-08 23:27:00,DN-06,Ngo Quyen,Son Tra,16.0644,108.2358,motorbike,32.9,S,CAM-06-2
OBS-0001244,2026-02-13 07:01:00,DN-05,2 September Street,Hai Chau,16.0481,108.223,motorbike,23.9,N,CAM-05-1
OBS-0001245,2026-01-01 10:00:00,DN-04,Dien Bien Phu,Thanh Khe,16.0666,108.1912,motorbike,33.7,S,CAM-04-3
OBS-0001246,2026-01-01 10:37:00,DN-02,Han River Bridge,Hai Chau,16.0718,108.2268,motorbike,41.7,W,CAM-02-2
OBS-0001247,2026-01-04 03:04:00,DN-05,2 September Street,Hai Chau,16.0481,108.223,motorbike,43.9,N,CAM-05-3
OBS-0001248,2026-02-08 18:07:00,DN-01,Dragon Bridge,Hai Chau,16.0611,108.2273,bus,11.3,S,CAM-01-2
OBS-0001249,2026-03-29 22:56:00,DN-03,Nguyen Van Linh,Hai Chau,16.0595,108.2115,car,37.0,S,CAM-03-3
OBS-0001250,2026-01-10 20:37:00,DN-02,Han River Bridge,Hai Chau,16.0718,108.2268,truck,33.9,W,CAM-02-3
OBS-0001251,2026-02-18 06:39:00,DN-03,Nguyen Van Linh,Hai Chau,16.0595,108.2115,car,30.4,N,CAM-03-1
OBS-0001252,2026-03-12 16:42:00,DN-02,Han River Bridge,Hai Chau,16.0718,108.2268,car,15.1,S,CAM-02-3
OBS-0001253,2026-01-27 20:31:00,DN-05,2 September Street,Hai Chau,16.0481,108.223,motorbike,33.1,E,CAM-05-2
OBS-0001254,2026-03-14 11:32:00,DN-05,2 September Street,Hai Chau,16.0481,108.223,motorbike,37.2,S,CAM-05-2
OBS-0001255,2026-02-17 00:18:00,DN-04,Dien Bien Phu,Thanh Khe,16.0666,108.1912,motorbike,38.4,E,CAM-04-3
OBS-0001256,2026-01-07 19:54:00,DN-03,Nguyen Van Linh,Hai Chau,16.0595,108.2115,truck,21.0,E,CAM-03-3
OBS-0001257,2026-01-14 11:57:00,DN-02,Han River Bridge,Hai Chau,16.0718,108.2268,motorbike,38.1,E,CAM-02-1
OBS-0001258,2026-02-01 18:16:00,DN-03,Nguyen Van Linh,Hai Chau,16.0595,108.2115,bus,12.9,N,CAM-03-3
OBS-0001259,2026-02-01 00:43:00,DN-05,2 September Street,Hai Chau,16.0481,108.223,motorbike,44.0,W,CAM-05-2
OBS-0001260,2026-02-25 01:13:00,DN-02,Han River Bridge,Hai Chau,16.0718,108.2268,bus,62.5,E,CAM-02-1
OBS-0001261,2026-02-21 09:09:00,DN-04,Dien Bien Phu,Thanh Khe,16.0666,108.1912,car,13.4,W,CAM-04-2
OBS-0001262,2026-03-10 12:59:00,DN-04,Dien Bien Phu,Thanh Khe,16.0666,108.1912,motorbike,41.2,S,CAM-04-2
OBS-0001263,2026-03-08 17:07:00,DN-06,Ngo Quyen,Son Tra,16.0644,108.2358,motorbike,13.4,S,CAM-06-2
OBS-0001264,2026-02-18 16:39:00,DN-04,Dien Bien Phu,Thanh Khe,16.0666,108.1912,car,15.2,S,CAM-04-3
OBS-0001265,2026-03-14 00:31:00,DN-01,Dragon Bridge,Hai Chau,16.0611,108.2273,motorbike,25.4,E,CAM-01-1
OBS-0001266,2026-02-18 03:48:00,DN-01,Dragon Bridge,Hai Chau,16.0611,108.2273,motorbike,50.1,N,CAM-01-1
OBS-0001267,2026-02-13 22:54:00,DN-03,Nguyen Van Linh,Hai Chau,16.0595,108.2115,motorbike,39.5,S,CAM-03-2
OBS-0001268,2026-03-27 21:26:00,DN-02,Han River Bridge,Hai Chau,16.0718,108.2268,motorbike,45.6,E,CAM-02-3
OBS-0001269,2026-02-19 18:09:00,DN-03,Nguyen Van Linh,Hai Chau,16.0595,108.2115,motorbike,5.1,S,CAM-03-3
OBS-0001270,2026-01-01 13:28:00,DN-06,Ngo Quyen,Son Tra,16.0644,108.2358,motorbike,45.1,W,CAM-06-1
OBS-0001271,2026-02-07 13:18:00,DN-01,Dragon Bridge,Hai Chau,16.0611,108.2273,car,38.4,E,CAM-01-3
OBS-0001272,2026-01-22 11:23:00,DN-01,Dragon Bridge,Hai Chau,16.0611,108.2273,motorbike,30.1,E,CAM-01-3
OBS-0001273,2026-03-13 19:34:00,DN-03,Nguyen Van Linh,Hai Chau,16.0595,108.2115,bus,7.9,E,CAM-03-2
OBS-0001274,2026-03-05 12:59:00,DN-06,Ngo Quyen,Son Tra,16.0644,108.2358,motorbike,32.9,S,CAM-06-3
OBS-0001275,2026-01-14 05:39:00,DN-01,Dragon Bridge,Hai Chau,16.0611,108.2273,motorbike,30.6,E,CAM-01-2
OBS-0001276,2026-01-31 11:19:00,DN-04,Dien Bien Phu,Thanh Khe,16.0666,108.1912,car,25.8,E,CAM-04-1
OBS-0001277,2026-01-24 03:19:00,DN-05,2 September Street,Hai Chau,16.0481,108.223,motorbike,49.1,N,CAM-05-1
OBS-0001278,2026-01-11 02:07:00,DN-06,Ngo Quyen,Son Tra,16.0644,108.2358,car,36.2,S,CAM-06-3
OBS-0001279,2026-01-27 17:55:00,DN-04,Dien Bien Phu,Thanh Khe,16.0666,108.1912,car,25.7,N,CAM-04-1
OBS-0001280,2026-02-03 22:46:00,DN-02,Han River Bridge,Hai Chau,16.0718,108.2268,motorbike,25.3,S,CAM-02-1
OBS-0001281,2026-03-17 06:30:00,DN-04,Dien Bien Phu,Thanh Khe,16.0666,108.1912,car,31.0,S,CAM-04-1
OBS-0001282,2026-02-10 20:46:00,DN-03,Nguyen Van Linh,Hai Chau,16.0595,108.2115,motorbike,40.2,S,CAM-03-2
OBS-0001283,2026-03-24 23:14:00,DN-05,2 September Street,Hai Chau,16.0481,108.223,motorbike,29.7,W,CAM-05-1
OBS-0001284,2026-01-20 21:03:00,DN-06,Ngo Quyen,Son Tra,16.0644,108.2358,motorbike,50.7,S,CAM-06-1
OBS-0001285,2026-01-17 06:10:00,DN-04,Dien Bien Phu,Thanh Khe,16.0666,108.1912,car,22.4,E,CAM-04-1
OBS-0001286,2026-01-22 19:36:00,DN-01,Dragon Bridge,Hai Chau,16.0611,108.2273,truck,16.3,S,CAM-01-1
OBS-0001287,2026-01-07 13:45:00,DN-03,Nguyen Van Linh,Hai Chau,16.0595,108.2115,car,25.2,N,CAM-03-1
OBS-0001288,2026-01-26 20:30:00,DN-03,Nguyen Van Linh,Hai Chau,16.0595,108.2115,motorbike,37.9,E,CAM-03-1
OBS-0001289,2026-03-30 01:25:00,DN-03,Nguyen Van Linh,Hai Chau,16.0595,108.2115,truck,34.2,E,CAM-03-3
OBS-0001290,2026-03-17 07:00:00,DN-04,Dien Bien Phu,Thanh Khe,16.0666,108.1912,bus,21.7,S,CAM-04-3
OBS-0001291,2026-03-04 12:30:00,DN-04,Dien Bien Phu,Thanh Khe,16.0666,108.1912,motorbike,22.0,E,CAM-04-1
OBS-0001292,2026-03-21 15:33:00,DN-06,Ngo Quyen,Son Tra,16.0644,108.2358,motorbike,31.1,N,CAM-06-1
OBS-0001293,2026-03-28 02:28:00,DN-01,Dragon Bridge,Hai Chau,16.0611,108.2273,motorbike,32.0,E,CAM-01-1
OBS-0001294,2026-01-28 01:34:00,DN-06,Ngo Quyen,Son Tra,16.0644,108.2358,motorbike,39.5,N,CAM-06-1
OBS-0001295,2026-03-29 17:14:00,DN-04,Dien Bien Phu,Thanh Khe,16.0666,108.1912,car,6.9,N,CAM-04-3
OBS-0001296,2026-02-18 13:28:00,DN-03,Nguyen Van Linh,Hai Chau,16.0595,108.2115,car,23.0,N,CAM-03-2
OBS-0001297,2026-02-23 19:08:00,DN-01,Dragon Bridge,Hai Chau,16.0611,108.2273,car,21.4,N,CAM-01-3
OBS-0001298,2026-02-04 17:13:00,DN-01,Dragon Bridge,Hai Chau,16.0611,108.2273,car,29.2,E,CAM-01-3
OBS-0001299,2026-02-10 06:47:00,DN-04,Dien Bien Phu,Thanh Khe,16.0666,108.1912,motorbike,40.5,N,CAM-04-3
OBS-0001300,2026-01-24 14:41:00,DN-03,Nguyen Van Linh,Hai Chau,16.0595,108.2115,motorbike,22.1,N,CAM-03-1
OBS-0001301,2026-02-28 22:38:00,DN-02,Han River Bridge,Hai Chau,16.0718,108.2268,motorbike,37.6,N,CAM-02-1
OBS-0001302,2026-01-14 06:47:00,DN-06,Ngo Quyen,Son Tra,16.0644,108.2358,motorbike,51.8,E,CAM-06-2
OBS-0001303,2026-01-05 02:40:00,DN-02,Han River Bridge,Hai Chau,16.0718,108.2268,truck,30.2,W,CAM-02-2
OBS-0001304,2026-02-07 02:15:00,DN-04,Dien Bien Phu,Thanh Khe,16.0666,108.1912,car,29.1,N,CAM-04-2
OBS-0001305,2026-01-05 12:38:00,DN-01,Dragon Bridge,Hai Chau,16.0611,108.2273,motorbike,37.2,E,CAM-01-3
OBS-0001306,2026-01-07 10:04:00,DN-02,Han River Bridge,Hai Chau,16.0718,108.2268,bus,44.8,E,CAM-02-2
OBS-0001307,2026-01-07 13:15:00,DN-04,Dien Bien Phu,Thanh Khe,16.0666,108.1912,car,32.1,N,CAM-04-2
OBS-0001308,2026-02-10 06:27:00,DN-06,Ngo Quyen,Son Tra,16.0644,108.2358,motorbike,26.3,W,CAM-06-1
OBS-0001309,2026-02-09 11:07:00,DN-01,Dragon Bridge,Hai Chau,16.0611,108.2273,bus,47.4,E,CAM-01-1
OBS-0001310,2026-01-02 16:38:00,DN-03,Nguyen Van Linh,Hai Chau,16.0595,108.2115,motorbike,17.2,W,CAM-03-1
OBS-0001311,2026-02-05 23:12:00,DN-04,Dien Bien Phu,Thanh Khe,16.0666,108.1912,motorbike,31.8,S,CAM-04-2
OBS-0001312,2026-01-25 20:35:00,DN-06,Ngo Quyen,Son Tra,16.0644,108.2358,motorbike,34.1,W,CAM-06-2
OBS-0001313,2026-02-19 04:59:00,DN-02,Han River Bridge,Hai Chau,16.0718,108.2268,car,31.2,W,CAM-02-3
OBS-0001314,2026-02-20 08:02:00,DN-06,Ngo Quyen,Son Tra,16.0644,108.2358,car,22.4,E,CAM-06-2
OBS-0001315,2026-01-15 19:06:00,DN-04,Dien Bien Phu,Thanh Khe,16.0666,108.1912,bus,18.1,S,CAM-04-3
OBS-0001316,2026-02-24 10:02:00,DN-04,Dien Bien Phu,Thanh Khe,16.0666,108.1912,motorbike,36.3,N,CAM-04-2
OBS-0001317,2026-01-17 15:31:00,DN-02,Han River Bridge,Hai Chau,16.0718,108.2268,motorbike,31.6,E,CAM-02-1
OBS-0001318,2026-03-22 13:50:00,DN-06,Ngo Quyen,Son Tra,16.0644,108.2358,car,42.9,N,CAM-06-2
OBS-0001319,2026-03-11 08:23:00,DN-03,Nguyen Van Linh,Hai Chau,16.0595,108.2115,motorbike,30.7,E,CAM-03-2
OBS-0001320,2026-03-03 07:41:00,DN-03,Nguyen Van Linh,Hai Chau,16.0595,108.2115,motorbike,18.7,S,CAM-03-3
OBS-0001321,2026-02-02 06:19:00,DN-03,Nguyen Van Linh,Hai Chau,16.0595,108.2115,car,38.1,N,CAM-03-3
OBS-0001322,2026-03-23 22:02:00,DN-06,Ngo Quyen,Son Tra,16.0644,108.2358,motorbike,31.4,E,CAM-06-3
OBS-0001323,2026-03-21 09:39:00,DN-03,Nguyen Van Linh,Hai Chau,16.0595,108.2115,motorbike,17.0,N,CAM-03-2
OBS-0001324,2026-03-06 22:53:00,DN-03,Nguyen Van Linh,Hai Chau,16.0595,108.2115,motorbike,22.1,S,CAM-03-1
OBS-0001325,2026-03-28 17:09:00,DN-03,Nguyen Van Linh,Hai Chau,16.0595,108.2115,motorbike,3.8,S,CAM-03-2
OBS-0001326,2026-02-08 01:27:00,DN-03,Nguyen Van Linh,Hai Chau,16.0595,108.2115,car,32.4,N,CAM-03-3
OBS-0001327,2026-01-16 16:24:00,DN-05,2 September Street,Hai Chau,16.0481,108.223,car,22.5,W,CAM-05-1
OBS-0001328,2026-01-10 11:44:00,DN-05,2 September Street,Hai Chau,16.0481,108.223,car,37.9,E,CAM-05-2
OBS-0001329,2026-02-18 12:10:00,DN-03,Nguyen Van Linh,Hai Chau,16.0595,108.2115,motorbike,49.9,S,CAM-03-3
OBS-0001330,2026-01-22 17:19:00,DN-03,Nguyen Van Linh,Hai Chau,16.0595,108.2115,car,21.7,W,CAM-03-1
OBS-0001331,2026-02-10 14:34:00,DN-02,Han River Bridge,Hai Chau,16.0718,108.2268,car,43.3,N,CAM-02-1
OBS-0001332,2026-03-19 10:03:00,DN-03,Nguyen Van Linh,Hai Chau,16.0595,108.2115,motorbike,30.1,W,CAM-03-3
OBS-0001333,2026-02-24 19:22:00,DN-06,Ngo Quyen,Son Tra,16.0644,108.2358,bus,20.5,W,CAM-06-3
OBS-0001334,2026-03-03 22:45:00,DN-05,2 September Street,Hai Chau,16.0481,108.223,car,39.5,W,CAM-05-2
OBS-0001335,2026-03-01 21:52:00,DN-03,Nguyen Van Linh,Hai Chau,16.0595,108.2115,motorbike,39.9,W,CAM-03-1
OBS-0001336,2026-02-20 00:15:00,DN-02,Han River Bridge,Hai Chau,16.0718,108.2268,motorbike,28.3,N,CAM-02-3
OBS-0001337,2026-01-06 18:33:00,DN-05,2 September Street,Hai Chau,16.0481,108.223,car,32.0,E,CAM-05-3
OBS-0001338,2026-03-29 19:49:00,DN-01,Dragon Bridge,Hai Chau,16.0611,108.2273,motorbike,32.0,N,CAM-01-1
OBS-0001339,2026-03-22 01:23:00,DN-06,Ngo Quyen,Son Tra,16.0644,108.2358,motorbike,26.0,W,CAM-06-3
OBS-0001340,2026-02-19 21:10:00,DN-05,2 September Street,Hai Chau,16.0481,108.223,motorbike,35.4,E,CAM-05-3
OBS-0001341,2026-02-15 19:30:00,DN-05,2 September Street,Hai Chau,16.0481,108.223,car,32.5,N,CAM-05-1
OBS-0001342,2026-01-26 05:10:00,DN-04,Dien Bien Phu,Thanh Khe,16.0666,108.1912,car,39.0,N,CAM-04-3
OBS-0001343,2026-03-24 03:30:00,DN-04,Dien Bien Phu,Thanh Khe,16.0666,108.1912,car,36.1,W,CAM-04-1
OBS-0001344,2026-03-15 00:25:00,DN-03,Nguyen Van Linh,Hai Chau,16.0595,108.2115,motorbike,22.1,S,CAM-03-3
OBS-0001345,2026-03-03 15:42:00,DN-01,Dragon Bridge,Hai Chau,16.0611,108.2273,motorbike,41.4,S,CAM-01-3
OBS-0001346,2026-01-08 18:30:00,DN-01,Dragon Bridge,Hai Chau,16.0611,108.2273,motorbike,23.6,N,CAM-01-2
OBS-0001347,2026-03-30 19:06:00,DN-04,Dien Bien Phu,Thanh Khe,16.0666,108.1912,motorbike,29.4,S,CAM-04-2
OBS-0001348,2026-02-02 05:05:00,DN-01,Dragon Bridge,Hai Chau,16.0611,108.2273,bus,30.6,W,CAM-01-2
OBS-0001349,2026-03-18 06:48:00,DN-02,Han River Bridge,Hai Chau,16.0718,108.2268,motorbike,47.3,E,CAM-02-2
OBS-0001350,2026-03-29 22:29:00,DN-04,Dien Bien Phu,Thanh Khe,16.0666,108.1912,motorbike,32.4,E,CAM-04-2
OBS-0001351,2026-03-03 22:14:00,DN-06,Ngo Quyen,Son Tra,16.0644,108.2358,motorbike,37.3,E,CAM-06-2
OBS-0001352,2026-03-01 02:12:00,DN-01,Dragon Bridge,Hai Chau,16.0611,108.2273,motorbike,28.4,E,CAM-01-3
OBS-0001353,2026-01-17 02:45:00,DN-06,Ngo Quyen,Son Tra,16.0644,108.2358,motorbike,29.0,N,CAM-06-1
OBS-0001354,2026-03-04 17:45:00,DN-05,2 September Street,Hai Chau,16.0481,108.223,motorbike,13.4,N,CAM-05-3
OBS-0001355,2026-03-12 19:15:00,DN-05,2 September Street,Hai Chau,16.0481,108.223,motorbike,15.6,S,CAM-05-3
OBS-0001356,2026-02-13 07:43:00,DN-05,2 September Street,Hai Chau,16.0481,108.223,motorbike,15.5,N,CAM-05-2
OBS-0001357,2026-03-16 15:19:00,DN-01,Dragon Bridge,Hai Chau,16.0611,108.2273,motorbike,50.5,S,CAM-01-1
OBS-0001358,2026-03-21 07:40:00,DN-04,Dien Bien Phu,Thanh Khe,16.0666,108.1912,motorbike,19.7,S,CAM-04-1
OBS-0001359,2026-03-20 22:42:00,DN-05,2 September Street,Hai Chau,16.0481,108.223,car,29.7,E,CAM-05-3
OBS-0001360,2026-03-06 01:23:00,DN-05,2 September Street,Hai Chau,16.0481,108.223,motorbike,43.2,N,CAM-05-1
OBS-0001361,2026-03-18 01:07:00,DN-05,2 September Street,Hai Chau,16.0481,108.223,car,48.8,N,CAM-05-2
OBS-0001362,2026-01-03 22:50:00,DN-05,2 September Street,Hai Chau,16.0481,108.223,truck,39.5,E,CAM-05-2
OBS-0001363,2026-02-05 04:41:00,DN-01,Dragon Bridge,Hai Chau,16.0611,108.2273,motorbike,37.7,W,CAM-01-1
OBS-0001364,2026-02-03 14:17:00,DN-02,Han River Bridge,Hai Chau,16.0718,108.2268,car,38.3,N,CAM-02-2
OBS-0001365,2026-01-14 01:24:00,DN-06,Ngo Quyen,Son Tra,16.0644,108.2358,motorbike,48.6,W,CAM-06-2
OBS-0001366,2026-01-24 09:07:00,DN-04,Dien Bien Phu,Thanh Khe,16.0666,108.1912,motorbike,5.0,N,CAM-04-2
OBS-0001367,2026-03-30 16:00:00,DN-02,Han River Bridge,Hai Chau,16.0718,108.2268,motorbike,10.0,N,CAM-02-3
OBS-0001368,2026-01-26 23:46:00,DN-03,Nguyen Van Linh,Hai Chau,16.0595,108.2115,motorbike,35.7,W,CAM-03-1
OBS-0001369,2026-01-02 01:27:00,DN-04,Dien Bien Phu,Thanh Khe,16.0666,108.1912,motorbike,37.7,W,CAM-04-3
OBS-0001370,2026-01-09 23:46:00,DN-02,Han River Bridge,Hai Chau,16.0718,108.2268,motorbike,43.6,N,CAM-02-1
OBS-0001371,2026-02-20 18:54:00,DN-06,Ngo Quyen,Son Tra,16.0644,108.2358,car,19.7,E,CAM-06-2
OBS-0001372,2026-03-19 04:59:00,DN-01,Dragon Bridge,Hai Chau,16.0611,108.2273,motorbike,36.9,N,CAM-01-3
OBS-0001373,2026-02-01 13:05:00,DN-01,Dragon Bridge,Hai Chau,16.0611,108.2273,motorbike,38.5,N,CAM-01-2
OBS-0001374,2026-03-13 07:49:00,DN-04,Dien Bien Phu,Thanh Khe,16.0666,108.1912,motorbike,9.1,E,CAM-04-2
OBS-0001375,2026-01-25 00:52:00,DN-01,Dragon Bridge,Hai Chau,16.0611,108.2273,motorbike,37.8,W,CAM-01-2
OBS-0001376,2026-02-05 07:53:00,DN-02,Han River Bridge,Hai Chau,16.0718,108.2268,motorbike,15.4,E,CAM-02-2
OBS-0001377,2026-03-11 05:43:00,DN-05,2 September Street,Hai Chau,16.0481,108.223,motorbike,41.4,N,CAM-05-1
OBS-0001378,2026-01-23 02:01:00,DN-06,Ngo Quyen,Son Tra,16.0644,108.2358,car,44.1,E,CAM-06-2
OBS-0001379,2026-03-28 05:38:00,DN-01,Dragon Bridge,Hai Chau,16.0611,108.2273,car,25.6,E,CAM-01-3
OBS-0001380,2026-03-18 13:39:00,DN-05,2 September Street,Hai Chau,16.0481,108.223,motorbike,35.8,S,CAM-05-2
OBS-0001381,2026-02-04 10:44:00,DN-04,Dien Bien Phu,Thanh Khe,16.0666,108.1912,motorbike,35.5,S,CAM-04-2
OBS-0001382,2026-02-21 23:58:00,DN-06,Ngo Quyen,Son Tra,16.0644,108.2358,car,34.5,E,CAM-06-2
OBS-0001383,2026-03-24 21:24:00,DN-05,2 September Street,Hai Chau,16.0481,108.223,motorbike,33.4,W,CAM-05-1
OBS-0001384,2026-02-01 19:35:00,DN-02,Han River Bridge,Hai Chau,16.0718,108.2268,motorbike,24.2,S,CAM-02-3
OBS-0001385,2026-03-23 19:08:00,DN-06,Ngo Quyen,Son Tra,16.0644,108.2358,motorbike,17.6,W,CAM-06-3
OBS-0001386,2026-03-30 17:16:00,DN-05,2 September Street,Hai Chau,16.0481,108.223,car,29.7,E,CAM-05-2
OBS-0001387,2026-02-14 17:32:00,DN-03,Nguyen Van Linh,Hai Chau,16.0595,108.2115,motorbike,5.5,E,CAM-03-3
OBS-0001388,2026-03-02 21:30:00,DN-06,Ngo Quyen,Son Tra,16.0644,108.2358,bus,23.2,N,CAM-06-2
OBS-0001389,2026-01-08 15:42:00,DN-06,Ngo Quyen,Son Tra,16.0644,108.2358,truck,44.5,E,CAM-06-2
OBS-0001390,2026-03-05 04:24:00,DN-05,2 September Street,Hai Chau,16.0481,108.223,motorbike,43.6,E,CAM-05-3
OBS-0001391,2026-03-23 19:39:00,DN-05,2 September Street,Hai Chau,16.0481,108.223,car,15.8,S,CAM-05-1
OBS-0001392,2026-03-11 14:21:00,DN-04,Dien Bien Phu,Thanh Khe,16.0666,108.1912,bus,29.6,N,CAM-04-1
OBS-0001393,2026-03-19 12:24:00,DN-01,Dragon Bridge,Hai Chau,16.0611,108.2273,motorbike,36.2,S,CAM-01-1
OBS-0001394,2026-02-25 14:22:00,DN-05,2 September Street,Hai Chau,16.0481,108.223,motorbike,32.9,E,CAM-05-3
OBS-0001395,2026-01-29 01:31:00,DN-06,Ngo Quyen,Son Tra,16.0644,108.2358,car,40.9,E,CAM-06-3
OBS-0001396,2026-02-11 09:58:00,DN-04,Dien Bien Phu,Thanh Khe,16.0666,108.1912,motorbike,20.8,E,CAM-04-3
OBS-0001397,2026-03-28 21:47:00,DN-05,2 September Street,Hai Chau,16.0481,108.223,motorbike,32.6,S,CAM-05-3
OBS-0001398,2026-02-03 13:37:00,DN-06,Ngo Quyen,Son Tra,16.0644,108.2358,car,46.8,S,CAM-06-2
OBS-0001399,2026-01-08 01:43:00,DN-03,Nguyen Van Linh,Hai Chau,16.0595,108.2115,bus,30.6,S,CAM-03-2
OBS-0001400,2026-01-30 13:29:00,DN-03,Nguyen Van Linh,Hai Chau,16.0595,108.2115,car,22.2,N,CAM-03-1
OBS-0001401,2026-01-06 03:17:00,DN-01,Dragon Bridge,Hai Chau,16.0611,108.2273,truck,44.8,S,CAM-01-2
OBS-0001402,2026-01-26 13:52:00,DN-02,Han River Bridge,Hai Chau,16.0718,108.2268,car,29.1,W,CAM-02-1
OBS-0001403,2026-03-15 18:20:00,DN-03,Nguyen Van Linh,Hai Chau,16.0595,108.2115,car,9.6,S,CAM-03-1
OBS-0001404,2026-02-13 10:47:00,DN-04,Dien Bien Phu,Thanh Khe,16.0666,108.1912,motorbike,39.6,E,CAM-04-3
OBS-0001405,2026-01-31 02:17:00,DN-01,Dragon Bridge,Hai Chau,16.0611,108.2273,motorbike,40.5,N,CAM-01-2
OBS-0001406,2026-03-11 21:06:00,DN-01,Dragon Bridge,Hai Chau,16.0611,108.2273,motorbike,43.8,E,CAM-01-1
OBS-0001407,2026-01-13 21:07:00,DN-03,Nguyen Van Linh,Hai Chau,16.0595,108.2115,car,35.6,S,CAM-03-1
OBS-0001408,2026-02-20 10:42:00,DN-02,Han River Bridge,Hai Chau,16.0718,108.2268,motorbike,40.9,N,CAM-02-2
OBS-0001409,2026-02-26 21:52:00,DN-06,Ngo Quyen,Son Tra,16.0644,108.2358,motorbike,31.4,E,CAM-06-1
OBS-0001410,2026-03-05 14:50:00,DN-05,2 September Street,Hai Chau,16.0481,108.223,motorbike,44.0,E,CAM-05-1
OBS-0001411,2026-01-21 07:09:00,DN-03,Nguyen Van Linh,Hai Chau,16.0595,108.2115,car,26.7,S,CAM-03-3
OBS-0001412,2026-03-27 17:58:00,DN-05,2 September Street,Hai Chau,16.0481,108.223,motorbike,21.4,W,CAM-05-2
OBS-0001413,2026-02-09 11:38:00,DN-05,2 September Street,Hai Chau,16.0481,108.223,car,33.4,W,CAM-05-3
OBS-0001414,2026-01-20 02:43:00,DN-02,Han River Bridge,Hai Chau,16.0718,108.2268,motorbike,40.7,W,CAM-02-3
OBS-0001415,2026-01-10 07:12:00,DN-03,Nguyen Van Linh,Hai Chau,16.0595,108.2115,motorbike,19.9,N,CAM-03-3
OBS-0001416,2026-01-25 19:04:00,DN-04,Dien Bien Phu,Thanh Khe,16.0666,108.1912,motorbike,25.9,N,CAM-04-2
OBS-0001417,2026-02-12 21:42:00,DN-01,Dragon Bridge,Hai Chau,16.0611,108.2273,motorbike,43.6,S,CAM-01-1
OBS-0001418,2026-02-07 19:22:00,DN-04,Dien Bien Phu,Thanh Khe,16.0666,108.1912,motorbike,14.4,S,CAM-04-2
OBS-0001419,2026-01-29 00:54:00,DN-04,Dien Bien Phu,Thanh Khe,16.0666,108.1912,car,49.0,S,CAM-04-2
OBS-0001420,2026-01-14 13:25:00,DN-05,2 September Street,Hai Chau,16.0481,108.223,bus,50.1,W,CAM-05-2
OBS-0001421,2026-01-24 07:53:00,DN-04,Dien Bien Phu,Thanh Khe,16.0666,108.1912,truck,18.6,N,CAM-04-2
OBS-0001422,2026-03-28 09:42:00,DN-06,Ngo Quyen,Son Tra,16.0644,108.2358,truck,31.4,S,CAM-06-3
OBS-0001423,2026-01-09 20:19:00,DN-01,Dragon Bridge,Hai Chau,16.0611,108.2273,motorbike,34.4,W,CAM-01-3
OBS-0001424,2026-03-27 10:38:00,DN-04,Dien Bien Phu,Thanh Khe,16.0666,108.1912,motorbike,22.5,W,CAM-04-3
OBS-0001425,2026-02-05 01:26:00,DN-04,Dien Bien Phu,Thanh Khe,16.0666,108.1912,motorbike,45.8,W,CAM-04-3
OBS-0001426,2026-01-26 11:06:00,DN-03,Nguyen Van Linh,Hai Chau,16.0595,108.2115,motorbike,43.8,N,CAM-03-1
OBS-0001427,2026-02-21 19:07:00,DN-04,Dien Bien Phu,Thanh Khe,16.0666,108.1912,motorbike,15.9,S,CAM-04-3
OBS-0001428,2026-02-13 22:48:00,DN-04,Dien Bien Phu,Thanh Khe,16.0666,108.1912,motorbike,31.3,E,CAM-04-3
OBS-0001429,2026-02-22 19:09:00,DN-06,Ngo Quyen,Son Tra,16.0644,108.2358,motorbike,30.0,W,CAM-06-1
OBS-0001430,2026-01-08 10:50:00,DN-03,Nguyen Van Linh,Hai Chau,16.0595,108.2115,motorbike,38.6,S,CAM-03-3
OBS-0001431,2026-02-20 12:22:00,DN-01,Dragon Bridge,Hai Chau,16.0611,108.2273,bus,42.1,W,CAM-01-2
OBS-0001432,2026-02-12 22:30:00,DN-05,2 September Street,Hai Chau,16.0481,108.223,motorbike,56.9,S,CAM-05-1
OBS-0001433,2026-01-04 12:41:00,DN-03,Nguyen Van Linh,Hai Chau,16.0595,108.2115,motorbike,39.3,W,CAM-03-2
OBS-0001434,2026-02-10 12:25:00,DN-02,Han River Bridge,Hai Chau,16.0718,108.2268,car,35.6,S,CAM-02-2
OBS-0001435,2026-02-04 12:58:00,DN-04,Dien Bien Phu,Thanh Khe,16.0666,108.1912,motorbike,32.9,E,CAM-04-3
OBS-0001436,2026-02-10 22:47:00,DN-04,Dien Bien Phu,Thanh Khe,16.0666,108.1912,motorbike,43.2,W,CAM-04-2
OBS-0001437,2026-03-28 19:56:00,DN-01,Dragon Bridge,Hai Chau,16.0611,108.2273,motorbike,18.1,W,CAM-01-1
OBS-0001438,2026-01-17 11:30:00,DN-01,Dragon Bridge,Hai Chau,16.0611,108.2273,motorbike,42.1,E,CAM-01-3
OBS-0001439,2026-01-30 02:30:00,DN-05,2 September Street,Hai Chau,16.0481,108.223,car,28.5,S,CAM-05-1
OBS-0001440,2026-02-22 23:44:00,DN-03,Nguyen Van Linh,Hai Chau,16.0595,108.2115,car,25.4,E,CAM-03-2
OBS-0001441,2026-02-11 03:34:00,DN-04,Dien Bien Phu,Thanh Khe,16.0666,108.1912,motorbike,25.7,S,CAM-04-1
OBS-0001442,2026-03-16 14:36:00,DN-01,Dragon Bridge,Hai Chau,16.0611,108.2273,motorbike,27.3,E,CAM-01-2
OBS-0001443,2026-01-05 07:43:00,DN-03,Nguyen Van Linh,Hai Chau,16.0595,108.2115,motorbike,12.8,N,CAM-03-3
OBS-0001444,2026-03-21 13:46:00,DN-05,2 September Street,Hai Chau,16.0481,108.223,motorbike,33.4,S,CAM-05-1
OBS-0001445,2026-03-16 22:43:00,DN-01,Dragon Bridge,Hai Chau,16.0611,108.2273,car,37.4,N,CAM-01-1
OBS-0001446,2026-02-10 08:00:00,DN-05,2 September Street,Hai Chau,16.0481,108.223,motorbike,37.0,W,CAM-05-1
OBS-0001447,2026-01-19 00:45:00,DN-03,Nguyen Van Linh,Hai Chau,16.0595,108.2115,motorbike,42.0,S,CAM-03-1
OBS-0001448,2026-03-20 06:46:00,DN-04,Dien Bien Phu,Thanh Khe,16.0666,108.1912,motorbike,33.2,S,CAM-04-1
OBS-0001449,2026-03-14 15:28:00,DN-06,Ngo Quyen,Son Tra,16.0644,108.2358,motorbike,39.7,E,CAM-06-3
OBS-0001450,2026-03-29 05:35:00,DN-04,Dien Bien Phu,Thanh Khe,16.0666,108.1912,car,30.5,E,CAM-04-3
OBS-0001451,2026-01-05 00:31:00,DN-01,Dragon Bridge,Hai Chau,16.0611,108.2273,car,29.4,W,CAM-01-1
OBS-0001452,2026-01-17 17:50:00,DN-01,Dragon Bridge,Hai Chau,16.0611,108.2273,motorbike,20.7,S,CAM-01-3
OBS-0001453,2026-03-19 05:47:00,DN-02,Han River Bridge,Hai Chau,16.0718,108.2268,car,27.3,N,CAM-02-3
OBS-0001454,2026-03-15 18:12:00,DN-04,Dien Bien Phu,Thanh Khe,16.0666,108.1912,car,5.3,S,CAM-04-3
OBS-0001455,2026-03-18 01:11:00,DN-06,Ngo Quyen,Son Tra,16.0644,108.2358,car,33.5,E,CAM-06-2
OBS-0001456,2026-01-26 16:32:00,DN-05,2 September Street,Hai Chau,16.0481,108.223,car,16.8,E,CAM-05-1
OBS-0001457,2026-01-22 19:37:00,DN-02,Han River Bridge,Hai Chau,16.0718,108.2268,motorbike,23.7,E,CAM-02-1
OBS-0001458,2026-03-23 13:11:00,DN-05,2 September Street,Hai Chau,16.0481,108.223,motorbike,40.6,W,CAM-05-1
OBS-0001459,2026-02-05 23:17:00,DN-02,Han River Bridge,Hai Chau,16.0718,108.2268,motorbike,36.0,S,CAM-02-2
OBS-0001460,2026-01-21 02:35:00,DN-02,Han River Bridge,Hai Chau,16.0718,108.2268,motorbike,49.8,N,CAM-02-2
OBS-0001461,2026-03-12 10:07:00,DN-06,Ngo Quyen,Son Tra,16.0644,108.2358,motorbike,37.7,S,CAM-06-3
OBS-0001462,2026-01-05 22:18:00,DN-05,2 September Street,Hai Chau,16.0481,108.223,motorbike,39.5,W,CAM-05-2
OBS-0001463,2026-01-26 03:05:00,DN-04,Dien Bien Phu,Thanh Khe,16.0666,108.1912,motorbike,28.6,E,CAM-04-1
OBS-0001464,2026-01-15 05:14:00,DN-06,Ngo Quyen,Son Tra,16.0644,108.2358,motorbike,37.1,W,CAM-06-2
OBS-0001465,2026-02-26 01:27:00,DN-03,Nguyen Van Linh,Hai Chau,16.0595,108.2115,car,33.2,E,CAM-03-2
OBS-0001466,2026-01-06 19:17:00,DN-04,Dien Bien Phu,Thanh Khe,16.0666,108.1912,car,17.2,N,CAM-04-1
OBS-0001467,2026-02-25 17:00:00,DN-04,Dien Bien Phu,Thanh Khe,16.0666,108.1912,motorbike,21.7,N,CAM-04-3
OBS-0001468,2026-02-26 12:52:00,DN-01,Dragon Bridge,Hai Chau,16.0611,108.2273,motorbike,32.5,W,CAM-01-2
OBS-0001469,2026-03-18 16:17:00,DN-04,Dien Bien Phu,Thanh Khe,16.0666,108.1912,car,24.7,S,CAM-04-3
OBS-0001470,2026-03-06 10:08:00,DN-01,Dragon Bridge,Hai Chau,16.0611,108.2273,bus,32.0,S,CAM-01-1
OBS-0001471,2026-01-26 04:47:00,DN-04,Dien Bien Phu,Thanh Khe,16.0666,108.1912,motorbike,49.1,N,CAM-04-2
OBS-0001472,2026-02-26 23:29:00,DN-03,Nguyen Van Linh,Hai Chau,16.0595,108.2115,motorbike,32.9,E,CAM-03-3
OBS-0001473,2026-02-15 13:17:00,DN-02,Han River Bridge,Hai Chau,16.0718,108.2268,car,37.3,S,CAM-02-3
OBS-0001474,2026-03-01 14:35:00,DN-03,Nguyen Van Linh,Hai Chau,16.0595,108.2115,bus,25.2,E,CAM-03-2
OBS-0001475,2026-03-18 10:34:00,DN-02,Han River Bridge,Hai Chau,16.0718,108.2268,motorbike,35.2,S,CAM-02-2
OBS-0001476,2026-02-15 08:50:00,DN-06,Ngo Quyen,Son Tra,16.0644,108.2358,car,26.0,E,CAM-06-3
OBS-0001477,2026-01-23 13:32:00,DN-04,Dien Bien Phu,Thanh Khe,16.0666,108.1912,motorbike,31.1,S,CAM-04-1
OBS-0001478,2026-02-27 03:37:00,DN-05,2 September Street,Hai Chau,16.0481,108.223,bus,28.8,W,CAM-05-1
OBS-0001479,2026-01-08 12:06:00,DN-05,2 September Street,Hai Chau,16.0481,108.223,motorbike,30.4,S,CAM-05-1
OBS-0001480,2026-03-20 15:20:00,DN-04,Dien Bien Phu,Thanh Khe,16.0666,108.1912,motorbike,27.5,E,CAM-04-1
OBS-0001481,2026-03-04 14:19:00,DN-04,Dien Bien Phu,Thanh Khe,16.0666,108.1912,car,35.7,N,CAM-04-2
OBS-0001482,2026-03-05 19:36:00,DN-03,Nguyen Van Linh,Hai Chau,16.0595,108.2115,motorbike,32.0,S,CAM-03-3
OBS-0001483,2026-03-03 15:28:00,DN-06,Ngo Quyen,Son Tra,16.0644,108.2358,motorbike,41.7,W,CAM-06-2
OBS-0001484,2026-03-15 15:33:00,DN-03,Nguyen Van Linh,Hai Chau,16.0595,108.2115,motorbike,35.1,S,CAM-03-1
OBS-0001485,2026-02-12 06:19:00,DN-05,2 September Street,Hai Chau,16.0481,108.223,car,39.7,N,CAM-05-2
OBS-0001486,2026-01-13 01:08:00,DN-03,Nguyen Van Linh,Hai Chau,16.0595,108.2115,motorbike,36.4,W,CAM-03-1
OBS-0001487,2026-02-28 13:26:00,DN-06,Ngo Quyen,Son Tra,16.0644,108.2358,motorbike,36.7,W,CAM-06-2
OBS-0001488,2026-03-08 08:16:00,DN-05,2 September Street,Hai Chau,16.0481,108.223,motorbike,8.0,W,CAM-05-3
OBS-0001489,2026-01-29 21:07:00,DN-04,Dien Bien Phu,Thanh Khe,16.0666,108.1912,motorbike,27.2,S,CAM-04-2
OBS-0001490,2026-02-03 16:55:00,DN-05,2 September Street,Hai Chau,16.0481,108.223,car,34.5,E,CAM-05-1
OBS-0001491,2026-01-10 06:28:00,DN-04,Dien Bien Phu,Thanh Khe,16.0666,108.1912,motorbike,28.9,S,CAM-04-2
OBS-0001492,2026-03-10 07:06:00,DN-06,Ngo Quyen,Son Tra,16.0644,108.2358,motorbike,21.8,N,CAM-06-3
OBS-0001493,2026-02-05 01:50:00,DN-01,Dragon Bridge,Hai Chau,16.0611,108.2273,car,54.8,N,CAM-01-3
OBS-0001494,2026-02-25 11:15:00,DN-05,2 September Street,Hai Chau,16.0481,108.223,motorbike,37.8,S,CAM-05-1
OBS-0001495,2026-01-24 12:11:00,DN-06,Ngo Quyen,Son Tra,16.0644,108.2358,motorbike,27.8,W,CAM-06-2
OBS-0001496,2026-01-12 11:51:00,DN-03,Nguyen Van Linh,Hai Chau,16.0595,108.2115,car,36.4,W,CAM-03-3
OBS-0001497,2026-01-08 04:58:00,DN-01,Dragon Bridge,Hai Chau,16.0611,108.2273,motorbike,37.2,E,CAM-01-1
OBS-0001498,2026-01-21 18:18:00,DN-05,2 September Street,Hai Chau,16.0481,108.223,motorbike,13.3,S,CAM-05-3
OBS-0001499,2026-03-22 16:48:00,DN-04,Dien Bien Phu,Thanh Khe,16.0666,108.1912,motorbike,25.5,W,CAM-04-2
OBS-0001500,2026-03-09 06:02:00,DN-05,2 September Street,Hai Chau,16.0481,108.223,car,40.3,E,CAM-05-2
OBS-0001501,2026-03-08 07:53:00,DN-04,Dien Bien Phu,Thanh Khe,16.0666,108.1912,motorbike,11.2,S,CAM-04-1
OBS-0001502,2026-02-14 02:01:00,DN-02,Han River Bridge,Hai Chau,16.0718,108.2268,motorbike,23.2,S,CAM-02-1
OBS-0001503,2026-03-28 06:18:00,DN-04,Dien Bien Phu,Thanh Khe,16.0666,108.1912,car,36.1,E,CAM-04-3
OBS-0001504,2026-02-05 09:45:00,DN-05,2 September Street,Hai Chau,16.0481,108.223,motorbike,22.3,S,CAM-05-2
OBS-0001505,2026-02-01 09:41:00,DN-01,Dragon Bridge,Hai Chau,16.0611,108.2273,truck,22.5,W,CAM-01-1
OBS-0001506,2026-01-15 13:04:00,DN-02,Han River Bridge,Hai Chau,16.0718,108.2268,car,33.6,W,CAM-02-1
OBS-0001507,2026-01-06 20:46:00,DN-04,Dien Bien Phu,Thanh Khe,16.0666,108.1912,car,39.4,E,CAM-04-3
OBS-0001508,2026-01-10 12:27:00,DN-02,Han River Bridge,Hai Chau,16.0718,108.2268,bus,29.0,E,CAM-02-1
OBS-0001509,2026-02-11 20:12:00,DN-03,Nguyen Van Linh,Hai Chau,16.0595,108.2115,car,38.1,N,CAM-03-1
OBS-0001510,2026-01-26 17:36:00,DN-06,Ngo Quyen,Son Tra,16.0644,108.2358,motorbike,34.0,S,CAM-06-2
OBS-0001511,2026-01-06 10:17:00,DN-01,Dragon Bridge,Hai Chau,16.0611,108.2273,motorbike,57.3,S,CAM-01-2
OBS-0001512,2026-01-11 11:22:00,DN-05,2 September Street,Hai Chau,16.0481,108.223,car,33.2,N,CAM-05-2
OBS-0001513,2026-02-24 11:09:00,DN-06,Ngo Quyen,Son Tra,16.0644,108.2358,car,31.6,E,CAM-06-1
OBS-0001514,2026-01-31 19:14:00,DN-06,Ngo Quyen,Son Tra,16.0644,108.2358,motorbike,23.9,W,CAM-06-2
OBS-0001515,2026-02-15 06:42:00,DN-02,Han River Bridge,Hai Chau,16.0718,108.2268,motorbike,37.7,N,CAM-02-2
OBS-0001516,2026-03-22 19:37:00,DN-05,2 September Street,Hai Chau,16.0481,108.223,motorbike,23.2,S,CAM-05-2
OBS-0001517,2026-03-02 16:06:00,DN-01,Dragon Bridge,Hai Chau,16.0611,108.2273,motorbike,20.5,W,CAM-01-3
OBS-0001518,2026-01-20 02:11:00,DN-05,2 September Street,Hai Chau,16.0481,108.223,motorbike,42.4,E,CAM-05-2
OBS-0001519,2026-02-27 17:10:00,DN-02,Han River Bridge,Hai Chau,16.0718,108.2268,motorbike,5.6,W,CAM-02-2
OBS-0001520,2026-02-25 09:47:00,DN-06,Ngo Quyen,Son Tra,16.0644,108.2358,car,22.4,E,CAM-06-2
OBS-0001521,2026-02-04 03:39:00,DN-06,Ngo Quyen,Son Tra,16.0644,108.2358,truck,44.2,E,CAM-06-1
OBS-0001522,2026-02-13 23:17:00,DN-01,Dragon Bridge,Hai Chau,16.0611,108.2273,motorbike,41.2,N,CAM-01-3
OBS-0001523,2026-02-27 13:56:00,DN-03,Nguyen Van Linh,Hai Chau,16.0595,108.2115,car,35.9,E,CAM-03-3
OBS-0001524,2026-01-26 16:07:00,DN-06,Ngo Quyen,Son Tra,16.0644,108.2358,motorbike,13.2,W,CAM-06-3
OBS-0001525,2026-03-28 11:42:00,DN-01,Dragon Bridge,Hai Chau,16.0611,108.2273,car,34.3,W,CAM-01-1
OBS-0001526,2026-01-06 08:56:00,DN-05,2 September Street,Hai Chau,16.0481,108.223,bus,19.5,W,CAM-05-3
OBS-0001527,2026-02-17 15:21:00,DN-05,2 September Street,Hai Chau,16.0481,108.223,bus,48.2,W,CAM-05-1
OBS-0001528,2026-02-07 01:49:00,DN-04,Dien Bien Phu,Thanh Khe,16.0666,108.1912,car,32.7,N,CAM-04-1
OBS-0001529,2026-02-27 19:59:00,DN-03,Nguyen Van Linh,Hai Chau,16.0595,108.2115,car,24.9,E,CAM-03-2
OBS-0001530,2026-03-04 04:58:00,DN-06,Ngo Quyen,Son Tra,16.0644,108.2358,car,27.2,N,CAM-06-3
OBS-0001531,2026-02-26 13:57:00,DN-03,Nguyen Van Linh,Hai Chau,16.0595,108.2115,car,38.4,S,CAM-03-2
OBS-0001532,2026-01-26 20:58:00,DN-04,Dien Bien Phu,Thanh Khe,16.0666,108.1912,car,33.5,N,CAM-04-2
OBS-0001533,2026-01-16 05:15:00,DN-02,Han River Bridge,Hai Chau,16.0718,108.2268,bus,44.9,W,CAM-02-1
OBS-0001534,2026-03-19 20:43:00,DN-05,2 September Street,Hai Chau,16.0481,108.223,motorbike,29.6,E,CAM-05-1
OBS-0001535,2026-02-18 04:07:00,DN-02,Han River Bridge,Hai Chau,16.0718,108.2268,motorbike,42.1,W,CAM-02-3
OBS-0001536,2026-01-15 17:46:00,DN-06,Ngo Quyen,Son Tra,16.0644,108.2358,motorbike,26.9,S,CAM-06-3
OBS-0001537,2026-02-23 09:36:00,DN-05,2 September Street,Hai Chau,16.0481,108.223,motorbike,23.0,W,CAM-05-2
OBS-0001538,2026-01-14 16:47:00,DN-03,Nguyen Van Linh,Hai Chau,16.0595,108.2115,motorbike,22.2,S,CAM-03-3
OBS-0001539,2026-02-03 05:29:00,DN-06,Ngo Quyen,Son Tra,16.0644,108.2358,motorbike,27.9,S,CAM-06-3
OBS-0001540,2026-01-20 23:37:00,DN-04,Dien Bien Phu,Thanh Khe,16.0666,108.1912,motorbike,23.5,W,CAM-04-2
OBS-0001541,2026-03-09 20:51:00,DN-03,Nguyen Van Linh,Hai Chau,16.0595,108.2115,motorbike,45.5,N,CAM-03-2
OBS-0001542,2026-01-18 00:22:00,DN-04,Dien Bien Phu,Thanh Khe,16.0666,108.1912,motorbike,35.7,N,CAM-04-3
OBS-0001543,2026-03-12 19:50:00,DN-03,Nguyen Van Linh,Hai Chau,16.0595,108.2115,motorbike,13.8,W,CAM-03-1
OBS-0001544,2026-03-03 01:41:00,DN-01,Dragon Bridge,Hai Chau,16.0611,108.2273,motorbike,28.4,N,CAM-01-3
OBS-0001545,2026-03-22 08:48:00,DN-05,2 September Street,Hai Chau,16.0481,108.223,motorbike,19.2,S,CAM-05-2
OBS-0001546,2026-03-22 08:05:00,DN-05,2 September Street,Hai Chau,16.0481,108.223,motorbike,26.4,E,CAM-05-3
OBS-0001547,2026-03-15 02:40:00,DN-05,2 September Street,Hai Chau,16.0481,108.223,motorbike,30.0,S,CAM-05-1
OBS-0001548,2026-03-25 10:14:00,DN-03,Nguyen Van Linh,Hai Chau,16.0595,108.2115,car,49.9,S,CAM-03-1
OBS-0001549,2026-03-23 20:11:00,DN-04,Dien Bien Phu,Thanh Khe,16.0666,108.1912,motorbike,27.2,E,CAM-04-1
OBS-0001550,2026-01-11 01:47:00,DN-01,Dragon Bridge,Hai Chau,16.0611,108.2273,motorbike,49.4,W,CAM-01-2
OBS-0001551,2026-01-18 16:56:00,DN-03,Nguyen Van Linh,Hai Chau,16.0595,108.2115,car,24.9,W,CAM-03-3
OBS-0001552,2026-03-01 01:35:00,DN-04,Dien Bien Phu,Thanh Khe,16.0666,108.1912,car,37.4,N,CAM-04-3
OBS-0001553,2026-03-04 21:49:00,DN-04,Dien Bien Phu,Thanh Khe,16.0666,108.1912,motorbike,36.6,N,CAM-04-3
OBS-0001554,2026-01-20 12:20:00,DN-04,Dien Bien Phu,Thanh Khe,16.0666,108.1912,motorbike,33.2,W,CAM-04-3
OBS-0001555,2026-03-02 13:10:00,DN-02,Han River Bridge,Hai Chau,16.0718,108.2268,motorbike,27.8,N,CAM-02-2
OBS-0001556,2026-01-16 18:36:00,DN-04,Dien Bien Phu,Thanh Khe,16.0666,108.1912,motorbike,4.9,N,CAM-04-3
OBS-0001557,2026-02-18 06:07:00,DN-06,Ngo Quyen,Son Tra,16.0644,108.2358,motorbike,26.8,S,CAM-06-1
OBS-0001558,2026-03-16 08:11:00,DN-03,Nguyen Van Linh,Hai Chau,16.0595,108.2115,motorbike,9.3,S,CAM-03-3
OBS-0001559,2026-03-22 13:46:00,DN-01,Dragon Bridge,Hai Chau,16.0611,108.2273,motorbike,31.3,W,CAM-01-3
OBS-0001560,2026-01-18 11:25:00,DN-03,Nguyen Van Linh,Hai Chau,16.0595,108.2115,truck,22.2,E,CAM-03-2
OBS-0001561,2026-01-30 16:12:00,DN-03,Nguyen Van Linh,Hai Chau,16.0595,108.2115,car,23.2,N,CAM-03-2
OBS-0001562,2026-02-25 12:36:00,DN-01,Dragon Bridge,Hai Chau,16.0611,108.2273,motorbike,49.8,N,CAM-01-3
OBS-0001563,2026-03-03 16:09:00,DN-06,Ngo Quyen,Son Tra,16.0644,108.2358,truck,19.9,N,CAM-06-3
OBS-0001564,2026-03-17 09:31:00,DN-05,2 September Street,Hai Chau,16.0481,108.223,car,16.1,W,CAM-05-3
OBS-0001565,2026-02-01 06:23:00,DN-02,Han River Bridge,Hai Chau,16.0718,108.2268,car,37.5,N,CAM-02-2
OBS-0001566,2026-03-15 09:23:00,DN-03,Nguyen Van Linh,Hai Chau,16.0595,108.2115,motorbike,29.2,S,CAM-03-3
OBS-0001567,2026-03-15 19:41:00,DN-02,Han River Bridge,Hai Chau,16.0718,108.2268,car,20.8,E,CAM-02-3
OBS-0001568,2026-01-29 17:58:00,DN-06,Ngo Quyen,Son Tra,16.0644,108.2358,bus,33.6,N,CAM-06-2
OBS-0001569,2026-02-10 15:36:00,DN-05,2 September Street,Hai Chau,16.0481,108.223,motorbike,43.8,N,CAM-05-2
OBS-0001570,2026-03-10 05:04:00,DN-06,Ngo Quyen,Son Tra,16.0644,108.2358,motorbike,45.0,E,CAM-06-2
OBS-0001571,2026-02-27 08:29:00,DN-06,Ngo Quyen,Son Tra,16.0644,108.2358,motorbike,25.8,W,CAM-06-2
OBS-0001572,2026-02-21 00:22:00,DN-04,Dien Bien Phu,Thanh Khe,16.0666,108.1912,car,30.3,W,CAM-04-2
OBS-0001573,2026-02-08 14:02:00,DN-01,Dragon Bridge,Hai Chau,16.0611,108.2273,motorbike,15.6,N,CAM-01-1
OBS-0001574,2026-02-20 07:53:00,DN-04,Dien Bien Phu,Thanh Khe,16.0666,108.1912,motorbike,12.9,N,CAM-04-1
OBS-0001575,2026-01-27 17:28:00,DN-02,Han River Bridge,Hai Chau,16.0718,108.2268,car,27.4,E,CAM-02-2
OBS-0001576,2026-02-28 19:16:00,DN-04,Dien Bien Phu,Thanh Khe,16.0666,108.1912,motorbike,27.3,S,CAM-04-2
OBS-0001577,2026-03-12 00:14:00,DN-06,Ngo Quyen,Son Tra,16.0644,108.2358,car,30.7,W,CAM-06-1
OBS-0001578,2026-02-09 08:31:00,DN-02,Han River Bridge,Hai Chau,16.0718,108.2268,motorbike,19.7,N,CAM-02-1
OBS-0001579,2026-03-14 06:51:00,DN-02,Han River Bridge,Hai Chau,16.0718,108.2268,bus,25.0,N,CAM-02-1
OBS-0001580,2026-01-23 20:10:00,DN-04,Dien Bien Phu,Thanh Khe,16.0666,108.1912,motorbike,31.1,S,CAM-04-1
OBS-0001581,2026-01-18 03:13:00,DN-05,2 September Street,Hai Chau,16.0481,108.223,motorbike,27.0,S,CAM-05-3
OBS-0001582,2026-02-14 22:07:00,DN-05,2 September Street,Hai Chau,16.0481,108.223,motorbike,32.0,S,CAM-05-2
OBS-0001583,2026-02-24 05:38:00,DN-03,Nguyen Van Linh,Hai Chau,16.0595,108.2115,car,38.7,E,CAM-03-3
OBS-0001584,2026-01-08 07:23:00,DN-02,Han River Bridge,Hai Chau,16.0718,108.2268,car,18.8,N,CAM-02-2
OBS-0001585,2026-01-28 12:10:00,DN-03,Nguyen Van Linh,Hai Chau,16.0595,108.2115,motorbike,43.5,W,CAM-03-1
OBS-0001586,2026-03-29 05:34:00,DN-04,Dien Bien Phu,Thanh Khe,16.0666,108.1912,motorbike,46.0,S,CAM-04-1
OBS-0001587,2026-01-21 23:41:00,DN-05,2 September Street,Hai Chau,16.0481,108.223,motorbike,53.6,W,CAM-05-2
OBS-0001588,2026-03-15 15:11:00,DN-05,2 September Street,Hai Chau,16.0481,108.223,motorbike,42.5,N,CAM-05-3
OBS-0001589,2026-01-27 14:37:00,DN-02,Han River Bridge,Hai Chau,16.0718,108.2268,motorbike,20.6,N,CAM-02-2
OBS-0001590,2026-01-02 13:37:00,DN-06,Ngo Quyen,Son Tra,16.0644,108.2358,motorbike,43.2,S,CAM-06-1
OBS-0001591,2026-01-07 11:55:00,DN-02,Han River Bridge,Hai Chau,16.0718,108.2268,motorbike,32.2,S,CAM-02-2
OBS-0001592,2026-01-04 13:40:00,DN-01,Dragon Bridge,Hai Chau,16.0611,108.2273,motorbike,49.4,N,CAM-01-3
OBS-0001593,2026-03-29 04:46:00,DN-02,Han River Bridge,Hai Chau,16.0718,108.2268,car,33.7,N,CAM-02-2
OBS-0001594,2026-01-23 13:22:00,DN-03,Nguyen Van Linh,Hai Chau,16.0595,108.2115,motorbike,25.3,N,CAM-03-3
OBS-0001595,2026-01-23 14:55:00,DN-05,2 September Street,Hai Chau,16.0481,108.223,motorbike,37.8,E,CAM-05-1
OBS-0001596,2026-02-24 13:31:00,DN-05,2 September Street,Hai Chau,16.0481,108.223,motorbike,33.7,W,CAM-05-2
OBS-0001597,2026-01-23 06:06:00,DN-01,Dragon Bridge,Hai Chau,16.0611,108.2273,bus,27.2,W,CAM-01-3
OBS-0001598,2026-01-28 11:30:00,DN-04,Dien Bien Phu,Thanh Khe,16.0666,108.1912,motorbike,40.3,W,CAM-04-3
OBS-0001599,2026-02-24 20:35:00,DN-05,2 September Street,Hai Chau,16.0481,108.223,motorbike,37.0,S,CAM-05-3
OBS-0001600,2026-03-15 12:03:00,DN-04,Dien Bien Phu,Thanh Khe,16.0666,108.1912,motorbike,23.1,W,CAM-04-1
OBS-0001601,2026-03-22 01:09:00,DN-01,Dragon Bridge,Hai Chau,16.0611,108.2273,motorbike,30.5,E,CAM-01-3
OBS-0001602,2026-02-26 07:53:00,DN-05,2 September Street,Hai Chau,16.0481,108.223,motorbike,17.8,W,CAM-05-1
OBS-0001603,2026-01-28 23:40:00,DN-06,Ngo Quyen,Son Tra,16.0644,108.2358,bus,36.7,N,CAM-06-2
OBS-0001604,2026-03-08 19:04:00,DN-03,Nguyen Van Linh,Hai Chau,16.0595,108.2115,motorbike,17.4,S,CAM-03-2
OBS-0001605,2026-03-05 08:18:00,DN-06,Ngo Quyen,Son Tra,16.0644,108.2358,motorbike,29.9,E,CAM-06-1
OBS-0001606,2026-01-01 02:03:00,DN-03,Nguyen Van Linh,Hai Chau,16.0595,108.2115,bus,38.3,N,CAM-03-2
OBS-0001607,2026-03-18 16:23:00,DN-04,Dien Bien Phu,Thanh Khe,16.0666,108.1912,car,18.4,N,CAM-04-2
OBS-0001608,2026-03-03 06:25:00,DN-04,Dien Bien Phu,Thanh Khe,16.0666,108.1912,motorbike,42.8,W,CAM-04-3
OBS-0001609,2026-01-31 17:49:00,DN-01,Dragon Bridge,Hai Chau,16.0611,108.2273,motorbike,12.2,W,CAM-01-2
OBS-0001610,2026-01-28 10:40:00,DN-04,Dien Bien Phu,Thanh Khe,16.0666,108.1912,car,28.7,N,CAM-04-3
OBS-0001611,2026-03-21 22:55:00,DN-03,Nguyen Van Linh,Hai Chau,16.0595,108.2115,car,19.4,E,CAM-03-3
OBS-0001612,2026-03-06 03:39:00,DN-06,Ngo Quyen,Son Tra,16.0644,108.2358,motorbike,25.3,E,CAM-06-2
OBS-0001613,2026-03-20 22:10:00,DN-06,Ngo Quyen,Son Tra,16.0644,108.2358,car,31.1,S,CAM-06-3
OBS-0001614,2026-03-31 13:37:00,DN-04,Dien Bien Phu,Thanh Khe,16.0666,108.1912,motorbike,37.5,E,CAM-04-1
OBS-0001615,2026-02-13 17:52:00,DN-06,Ngo Quyen,Son Tra,16.0644,108.2358,motorbike,28.8,N,CAM-06-2
OBS-0001616,2026-02-24 07:00:00,DN-04,Dien Bien Phu,Thanh Khe,16.0666,108.1912,car,25.2,W,CAM-04-3
OBS-0001617,2026-02-26 12:17:00,DN-05,2 September Street,Hai Chau,16.0481,108.223,motorbike,41.1,E,CAM-05-2
OBS-0001618,2026-02-16 21:26:00,DN-05,2 September Street,Hai Chau,16.0481,108.223,car,37.9,S,CAM-05-3
OBS-0001619,2026-01-20 23:23:00,DN-01,Dragon Bridge,Hai Chau,16.0611,108.2273,car,36.6,E,CAM-01-2
OBS-0001620,2026-01-31 15:50:00,DN-01,Dragon Bridge,Hai Chau,16.0611,108.2273,motorbike,35.1,S,CAM-01-1
OBS-0001621,2026-01-28 14:39:00,DN-04,Dien Bien Phu,Thanh Khe,16.0666,108.1912,motorbike,34.6,S,CAM-04-2
OBS-0001622,2026-01-04 02:16:00,DN-05,2 September Street,Hai Chau,16.0481,108.223,motorbike,30.3,S,CAM-05-3
OBS-0001623,2026-01-27 20:04:00,DN-05,2 September Street,Hai Chau,16.0481,108.223,car,26.6,E,CAM-05-2
OBS-0001624,2026-02-06 23:17:00,DN-01,Dragon Bridge,Hai Chau,16.0611,108.2273,car,42.9,E,CAM-01-3
OBS-0001625,2026-03-07 12:40:00,DN-05,2 September Street,Hai Chau,16.0481,108.223,car,35.1,S,CAM-05-2
OBS-0001626,2026-02-20 04:25:00,DN-01,Dragon Bridge,Hai Chau,16.0611,108.2273,motorbike,53.1,S,CAM-01-1
OBS-0001627,2026-01-19 22:11:00,DN-02,Han River Bridge,Hai Chau,16.0718,108.2268,motorbike,31.1,N,CAM-02-1
OBS-0001628,2026-03-27 18:14:00,DN-04,Dien Bien Phu,Thanh Khe,16.0666,108.1912,motorbike,9.6,S,CAM-04-2
OBS-0001629,2026-02-28 14:04:00,DN-02,Han River Bridge,Hai Chau,16.0718,108.2268,car,30.2,S,CAM-02-1
OBS-0001630,2026-03-21 16:34:00,DN-04,Dien Bien Phu,Thanh Khe,16.0666,108.1912,car,9.9,N,CAM-04-3
OBS-0001631,2026-01-12 06:42:00,DN-06,Ngo Quyen,Son Tra,16.0644,108.2358,car,33.2,E,CAM-06-1
OBS-0001632,2026-01-23 01:56:00,DN-03,Nguyen Van Linh,Hai Chau,16.0595,108.2115,car,34.4,W,CAM-03-2
OBS-0001633,2026-01-21 05:50:00,DN-05,2 September Street,Hai Chau,16.0481,108.223,motorbike,38.1,W,CAM-05-2
OBS-0001634,2026-03-25 09:39:00,DN-04,Dien Bien Phu,Thanh Khe,16.0666,108.1912,motorbike,13.4,S,CAM-04-2
OBS-0001635,2026-01-15 06:25:00,DN-03,Nguyen Van Linh,Hai Chau,16.0595,108.2115,car,48.0,W,CAM-03-2
OBS-0001636,2026-02-27 09:09:00,DN-02,Han River Bridge,Hai Chau,16.0718,108.2268,motorbike,25.2,S,CAM-02-2
OBS-0001637,2026-02-02 02:56:00,DN-02,Han River Bridge,Hai Chau,16.0718,108.2268,motorbike,35.7,W,CAM-02-1
OBS-0001638,2026-01-25 08:32:00,DN-05,2 September Street,Hai Chau,16.0481,108.223,motorbike,19.8,S,CAM-05-1
OBS-0001639,2026-01-31 18:04:00,DN-05,2 September Street,Hai Chau,16.0481,108.223,motorbike,17.9,E,CAM-05-3
OBS-0001640,2026-03-07 13:14:00,DN-01,Dragon Bridge,Hai Chau,16.0611,108.2273,motorbike,37.2,S,CAM-01-3
OBS-0001641,2026-02-05 09:41:00,DN-04,Dien Bien Phu,Thanh Khe,16.0666,108.1912,car,21.6,W,CAM-04-1
OBS-0001642,2026-01-29 23:30:00,DN-03,Nguyen Van Linh,Hai Chau,16.0595,108.2115,motorbike,42.0,N,CAM-03-3
OBS-0001643,2026-03-09 01:29:00,DN-03,Nguyen Van Linh,Hai Chau,16.0595,108.2115,car,40.5,E,CAM-03-1
OBS-0001644,2026-01-03 04:29:00,DN-02,Han River Bridge,Hai Chau,16.0718,108.2268,motorbike,37.6,W,CAM-02-3
OBS-0001645,2026-01-07 22:15:00,DN-01,Dragon Bridge,Hai Chau,16.0611,108.2273,car,33.9,S,CAM-01-2
OBS-0001646,2026-03-06 20:51:00,DN-05,2 September Street,Hai Chau,16.0481,108.223,car,35.2,S,CAM-05-3
OBS-0001647,2026-01-31 02:19:00,DN-04,Dien Bien Phu,Thanh Khe,16.0666,108.1912,motorbike,46.3,S,CAM-04-1
OBS-0001648,2026-01-06 17:50:00,DN-04,Dien Bien Phu,Thanh Khe,16.0666,108.1912,motorbike,15.5,E,CAM-04-3
OBS-0001649,2026-01-23 01:00:00,DN-02,Han River Bridge,Hai Chau,16.0718,108.2268,motorbike,43.4,E,CAM-02-3
OBS-0001650,2026-02-09 00:41:00,DN-02,Han River Bridge,Hai Chau,16.0718,108.2268,truck,40.4,S,CAM-02-1
OBS-0001651,2026-02-27 21:14:00,DN-02,Han River Bridge,Hai Chau,16.0718,108.2268,motorbike,39.0,S,CAM-02-3
OBS-0001652,2026-01-15 06:47:00,DN-01,Dragon Bridge,Hai Chau,16.0611,108.2273,car,29.7,S,CAM-01-2
OBS-0001653,2026-01-06 01:05:00,DN-05,2 September Street,Hai Chau,16.0481,108.223,car,41.4,N,CAM-05-1
OBS-0001654,2026-01-22 10:25:00,DN-06,Ngo Quyen,Son Tra,16.0644,108.2358,motorbike,31.6,E,CAM-06-1
OBS-0001655,2026-03-28 01:53:00,DN-01,Dragon Bridge,Hai Chau,16.0611,108.2273,motorbike,26.0,N,CAM-01-3
OBS-0001656,2026-01-30 22:18:00,DN-05,2 September Street,Hai Chau,16.0481,108.223,motorbike,37.6,E,CAM-05-1
OBS-0001657,2026-02-03 22:53:00,DN-06,Ngo Quyen,Son Tra,16.0644,108.2358,car,29.9,S,CAM-06-3
OBS-0001658,2026-03-20 18:18:00,DN-03,Nguyen Van Linh,Hai Chau,16.0595,108.2115,motorbike,23.1,N,CAM-03-3
OBS-0001659,2026-02-14 02:38:00,DN-06,Ngo Quyen,Son Tra,16.0644,108.2358,car,30.0,S,CAM-06-2
OBS-0001660,2026-02-23 16:18:00,DN-01,Dragon Bridge,Hai Chau,16.0611,108.2273,car,13.6,N,CAM-01-2
OBS-0001661,2026-02-07 08:32:00,DN-02,Han River Bridge,Hai Chau,16.0718,108.2268,motorbike,20.2,S,CAM-02-3
OBS-0001662,2026-02-22 23:02:00,DN-04,Dien Bien Phu,Thanh Khe,16.0666,108.1912,motorbike,27.1,S,CAM-04-3
OBS-0001663,2026-03-19 14:11:00,DN-06,Ngo Quyen,Son Tra,16.0644,108.2358,motorbike,44.7,S,CAM-06-1
OBS-0001664,2026-03-19 08:20:00,DN-03,Nguyen Van Linh,Hai Chau,16.0595,108.2115,car,6.9,S,CAM-03-1
OBS-0001665,2026-01-21 21:57:00,DN-01,Dragon Bridge,Hai Chau,16.0611,108.2273,motorbike,48.2,S,CAM-01-2
OBS-0001666,2026-01-17 17:45:00,DN-04,Dien Bien Phu,Thanh Khe,16.0666,108.1912,motorbike,11.1,N,CAM-04-2
OBS-0001667,2026-01-02 05:37:00,DN-03,Nguyen Van Linh,Hai Chau,16.0595,108.2115,motorbike,50.4,S,CAM-03-1
OBS-0001668,2026-03-10 10:34:00,DN-02,Han River Bridge,Hai Chau,16.0718,108.2268,truck,49.0,N,CAM-02-2
OBS-0001669,2026-01-08 17:57:00,DN-04,Dien Bien Phu,Thanh Khe,16.0666,108.1912,car,25.1,S,CAM-04-2
OBS-0001670,2026-02-04 10:10:00,DN-06,Ngo Quyen,Son Tra,16.0644,108.2358,motorbike,49.7,N,CAM-06-3
OBS-0001671,2026-03-08 20:00:00,DN-06,Ngo Quyen,Son Tra,16.0644,108.2358,motorbike,41.9,S,CAM-06-1
OBS-0001672,2026-01-19 02:30:00,DN-06,Ngo Quyen,Son Tra,16.0644,108.2358,car,40.1,E,CAM-06-1
OBS-0001673,2026-03-12 18:16:00,DN-06,Ngo Quyen,Son Tra,16.0644,108.2358,motorbike,20.3,W,CAM-06-2
OBS-0001674,2026-01-02 10:15:00,DN-04,Dien Bien Phu,Thanh Khe,16.0666,108.1912,motorbike,47.6,W,CAM-04-3
OBS-0001675,2026-03-04 18:19:00,DN-02,Han River Bridge,Hai Chau,16.0718,108.2268,car,28.6,W,CAM-02-1
OBS-0001676,2026-01-22 19:22:00,DN-03,Nguyen Van Linh,Hai Chau,16.0595,108.2115,car,9.0,W,CAM-03-3
OBS-0001677,2026-02-07 06:45:00,DN-05,2 September Street,Hai Chau,16.0481,108.223,motorbike,37.4,N,CAM-05-1
OBS-0001678,2026-03-19 22:20:00,DN-01,Dragon Bridge,Hai Chau,16.0611,108.2273,motorbike,35.9,E,CAM-01-2
OBS-0001679,2026-02-25 01:22:00,DN-02,Han River Bridge,Hai Chau,16.0718,108.2268,motorbike,40.7,S,CAM-02-2
OBS-0001680,2026-01-24 19:11:00,DN-01,Dragon Bridge,Hai Chau,16.0611,108.2273,motorbike,14.7,W,CAM-01-3
OBS-0001681,2026-02-03 04:53:00,DN-03,Nguyen Van Linh,Hai Chau,16.0595,108.2115,motorbike,37.4,N,CAM-03-3
OBS-0001682,2026-03-01 20:43:00,DN-04,Dien Bien Phu,Thanh Khe,16.0666,108.1912,motorbike,35.8,S,CAM-04-2
OBS-0001683,2026-03-27 03:30:00,DN-04,Dien Bien Phu,Thanh Khe,16.0666,108.1912,motorbike,45.2,W,CAM-04-1
OBS-0001684,2026-01-29 03:30:00,DN-01,Dragon Bridge,Hai Chau,16.0611,108.2273,motorbike,37.9,N,CAM-01-1
OBS-0001685,2026-01-16 13:00:00,DN-01,Dragon Bridge,Hai Chau,16.0611,108.2273,motorbike,34.2,E,CAM-01-3
OBS-0001686,2026-02-18 02:41:00,DN-06,Ngo Quyen,Son Tra,16.0644,108.2358,motorbike,39.0,S,CAM-06-2
OBS-0001687,2026-01-20 10:34:00,DN-02,Han River Bridge,Hai Chau,16.0718,108.2268,car,37.7,S,CAM-02-2
OBS-0001688,2026-01-25 13:10:00,DN-01,Dragon Bridge,Hai Chau,16.0611,108.2273,car,27.0,W,CAM-01-1
OBS-0001689,2026-03-14 15:25:00,DN-01,Dragon Bridge,Hai Chau,16.0611,108.2273,motorbike,34.1,E,CAM-01-3
OBS-0001690,2026-03-27 13:42:00,DN-06,Ngo Quyen,Son Tra,16.0644,108.2358,car,46.7,S,CAM-06-3
OBS-0001691,2026-01-26 06:18:00,DN-01,Dragon Bridge,Hai Chau,16.0611,108.2273,motorbike,38.4,N,CAM-01-1
OBS-0001692,2026-03-13 11:40:00,DN-02,Han River Bridge,Hai Chau,16.0718,108.2268,motorbike,31.3,N,CAM-02-1
OBS-0001693,2026-02-03 07:08:00,DN-05,2 September Street,Hai Chau,16.0481,108.223,motorbike,27.5,S,CAM-05-1
OBS-0001694,2026-03-05 05:10:00,DN-05,2 September Street,Hai Chau,16.0481,108.223,car,31.8,S,CAM-05-1
OBS-0001695,2026-01-24 22:10:00,DN-02,Han River Bridge,Hai Chau,16.0718,108.2268,motorbike,37.8,E,CAM-02-3
OBS-0001696,2026-03-23 16:11:00,DN-06,Ngo Quyen,Son Tra,16.0644,108.2358,car,28.5,W,CAM-06-2
OBS-0001697,2026-02-09 07:34:00,DN-03,Nguyen Van Linh,Hai Chau,16.0595,108.2115,car,24.4,E,CAM-03-2
OBS-0001698,2026-01-04 08:13:00,DN-06,Ngo Quyen,Son Tra,16.0644,108.2358,motorbike,20.2,W,CAM-06-2
OBS-0001699,2026-02-16 04:04:00,DN-05,2 September Street,Hai Chau,16.0481,108.223,car,51.3,W,CAM-05-2
OBS-0001700,2026-03-13 22:49:00,DN-04,Dien Bien Phu,Thanh Khe,16.0666,108.1912,motorbike,43.1,E,CAM-04-2
OBS-0001701,2026-02-06 21:22:00,DN-01,Dragon Bridge,Hai Chau,16.0611,108.2273,car,36.9,N,CAM-01-2
OBS-0001702,2026-02-26 12:05:00,DN-04,Dien Bien Phu,Thanh Khe,16.0666,108.1912,motorbike,37.6,N,CAM-04-2
OBS-0001703,2026-03-26 13:39:00,DN-01,Dragon Bridge,Hai Chau,16.0611,108.2273,motorbike,37.3,S,CAM-01-1
OBS-0001704,2026-03-31 00:01:00,DN-04,Dien Bien Phu,Thanh Khe,16.0666,108.1912,bus,30.9,N,CAM-04-1
OBS-0001705,2026-02-01 20:55:00,DN-04,Dien Bien Phu,Thanh Khe,16.0666,108.1912,motorbike,32.0,S,CAM-04-3
OBS-0001706,2026-03-21 18:55:00,DN-04,Dien Bien Phu,Thanh Khe,16.0666,108.1912,motorbike,28.2,S,CAM-04-1
OBS-0001707,2026-01-25 07:54:00,DN-06,Ngo Quyen,Son Tra,16.0644,108.2358,car,18.8,E,CAM-06-3
OBS-0001708,2026-01-31 09:23:00,DN-03,Nguyen Van Linh,Hai Chau,16.0595,108.2115,motorbike,24.4,S,CAM-03-2
OBS-0001709,2026-03-19 20:06:00,DN-01,Dragon Bridge,Hai Chau,16.0611,108.2273,motorbike,47.0,E,CAM-01-1
OBS-0001710,2026-03-02 17:51:00,DN-03,Nguyen Van Linh,Hai Chau,16.0595,108.2115,motorbike,13.7,S,CAM-03-2
OBS-0001711,2026-01-12 14:05:00,DN-04,Dien Bien Phu,Thanh Khe,16.0666,108.1912,truck,43.0,S,CAM-04-3
OBS-0001712,2026-01-05 15:55:00,DN-02,Han River Bridge,Hai Chau,16.0718,108.2268,motorbike,39.2,S,CAM-02-1
OBS-0001713,2026-02-12 14:10:00,DN-05,2 September Street,Hai Chau,16.0481,108.223,bus,38.8,W,CAM-05-1
OBS-0001714,2026-03-03 15:51:00,DN-05,2 September Street,Hai Chau,16.0481,108.223,motorbike,39.3,N,CAM-05-1
OBS-0001715,2026-03-14 04:55:00,DN-06,Ngo Quyen,Son Tra,16.0644,108.2358,motorbike,36.0,W,CAM-06-3
OBS-0001716,2026-02-06 21:44:00,DN-05,2 September Street,Hai Chau,16.0481,108.223,car,23.3,S,CAM-05-1
OBS-0001717,2026-01-30 23:15:00,DN-01,Dragon Bridge,Hai Chau,16.0611,108.2273,motorbike,36.1,W,CAM-01-1
OBS-0001718,2026-03-25 06:24:00,DN-03,Nguyen Van Linh,Hai Chau,16.0595,108.2115,car,38.3,W,CAM-03-3
OBS-0001719,2026-03-30 19:21:00,DN-04,Dien Bien Phu,Thanh Khe,16.0666,108.1912,motorbike,29.7,N,CAM-04-1
OBS-0001720,2026-02-16 16:57:00,DN-03,Nguyen Van Linh,Hai Chau,16.0595,108.2115,truck,16.5,S,CAM-03-2
OBS-0001721,2026-01-12 14:51:00,DN-01,Dragon Bridge,Hai Chau,16.0611,108.2273,car,43.4,N,CAM-01-2
OBS-0001722,2026-03-10 04:38:00,DN-03,Nguyen Van Linh,Hai Chau,16.0595,108.2115,car,39.6,S,CAM-03-1
OBS-0001723,2026-03-21 06:21:00,DN-02,Han River Bridge,Hai Chau,16.0718,108.2268,motorbike,42.0,W,CAM-02-2
OBS-0001724,2026-03-26 01:38:00,DN-06,Ngo Quyen,Son Tra,16.0644,108.2358,motorbike,30.4,N,CAM-06-2
OBS-0001725,2026-01-08 18:16:00,DN-02,Han River Bridge,Hai Chau,16.0718,108.2268,motorbike,25.3,W,CAM-02-1
OBS-0001726,2026-02-16 01:28:00,DN-05,2 September Street,Hai Chau,16.0481,108.223,motorbike,30.5,W,CAM-05-2
OBS-0001727,2026-02-05 13:01:00,DN-02,Han River Bridge,Hai Chau,16.0718,108.2268,motorbike,35.8,W,CAM-02-3
OBS-0001728,2026-01-23 15:03:00,DN-04,Dien Bien Phu,Thanh Khe,16.0666,108.1912,car,21.6,S,CAM-04-3
OBS-0001729,2026-01-17 05:41:00,DN-01,Dragon Bridge,Hai Chau,16.0611,108.2273,motorbike,44.8,N,CAM-01-3
OBS-0001730,2026-03-06 08:59:00,DN-02,Han River Bridge,Hai Chau,16.0718,108.2268,motorbike,12.7,E,CAM-02-3
OBS-0001731,2026-02-10 13:36:00,DN-05,2 September Street,Hai Chau,16.0481,108.223,motorbike,32.1,E,CAM-05-2
OBS-0001732,2026-03-21 11:33:00,DN-05,2 September Street,Hai Chau,16.0481,108.223,car,30.4,W,CAM-05-3
OBS-0001733,2026-01-13 02:25:00,DN-05,2 September Street,Hai Chau,16.0481,108.223,motorbike,28.6,S,CAM-05-3
OBS-0001734,2026-03-18 23:58:00,DN-03,Nguyen Van Linh,Hai Chau,16.0595,108.2115,motorbike,36.6,S,CAM-03-2
OBS-0001735,2026-02-17 21:59:00,DN-06,Ngo Quyen,Son Tra,16.0644,108.2358,motorbike,39.1,S,CAM-06-1
OBS-0001736,2026-02-04 13:15:00,DN-05,2 September Street,Hai Chau,16.0481,108.223,motorbike,41.4,E,CAM-05-3
OBS-0001737,2026-03-31 14:02:00,DN-01,Dragon Bridge,Hai Chau,16.0611,108.2273,motorbike,42.1,E,CAM-01-3
OBS-0001738,2026-03-07 15:57:00,DN-06,Ngo Quyen,Son Tra,16.0644,108.2358,motorbike,40.5,N,CAM-06-2
OBS-0001739,2026-02-02 04:51:00,DN-06,Ngo Quyen,Son Tra,16.0644,108.2358,motorbike,45.9,S,CAM-06-2
OBS-0001740,2026-02-20 19:42:00,DN-05,2 September Street,Hai Chau,16.0481,108.223,motorbike,27.0,N,CAM-05-3
OBS-0001741,2026-03-12 15:25:00,DN-05,2 September Street,Hai Chau,16.0481,108.223,car,37.8,E,CAM-05-3
OBS-0001742,2026-03-10 03:46:00,DN-06,Ngo Quyen,Son Tra,16.0644,108.2358,bus,49.6,E,CAM-06-1
OBS-0001743,2026-01-02 14:50:00,DN-04,Dien Bien Phu,Thanh Khe,16.0666,108.1912,motorbike,41.7,E,CAM-04-1
OBS-0001744,2026-01-01 10:25:00,DN-02,Han River Bridge,Hai Chau,16.0718,108.2268,motorbike,36.2,N,CAM-02-2
OBS-0001745,2026-03-09 01:24:00,DN-02,Han River Bridge,Hai Chau,16.0718,108.2268,car,26.5,W,CAM-02-1
OBS-0001746,2026-03-27 21:52:00,DN-03,Nguyen Van Linh,Hai Chau,16.0595,108.2115,car,47.0,S,CAM-03-3
OBS-0001747,2026-01-05 19:40:00,DN-02,Han River Bridge,Hai Chau,16.0718,108.2268,car,16.8,E,CAM-02-2
OBS-0001748,2026-02-24 16:06:00,DN-06,Ngo Quyen,Son Tra,16.0644,108.2358,motorbike,29.5,W,CAM-06-2
OBS-0001749,2026-03-04 14:31:00,DN-06,Ngo Quyen,Son Tra,16.0644,108.2358,car,32.9,S,CAM-06-2
OBS-0001750,2026-02-05 03:38:00,DN-04,Dien Bien Phu,Thanh Khe,16.0666,108.1912,car,31.6,S,CAM-04-3
OBS-0001751,2026-01-24 18:53:00,DN-02,Han River Bridge,Hai Chau,16.0718,108.2268,motorbike,6.9,E,CAM-02-1
OBS-0001752,2026-02-19 03:06:00,DN-02,Han River Bridge,Hai Chau,16.0718,108.2268,car,37.4,S,CAM-02-1
OBS-0001753,2026-02-09 20:07:00,DN-02,Han River Bridge,Hai Chau,16.0718,108.2268,motorbike,37.1,E,CAM-02-3
OBS-0001754,2026-01-06 04:35:00,DN-02,Han River Bridge,Hai Chau,16.0718,108.2268,car,46.7,E,CAM-02-3
OBS-0001755,2026-02-16 08:56:00,DN-03,Nguyen Van Linh,Hai Chau,16.0595,108.2115,car,18.4,E,CAM-03-1
OBS-0001756,2026-02-16 22:10:00,DN-06,Ngo Quyen,Son Tra,16.0644,108.2358,motorbike,38.7,E,CAM-06-2
OBS-0001757,2026-01-05 11:09:00,DN-05,2 September Street,Hai Chau,16.0481,108.223,truck,37.2,W,CAM-05-1
OBS-0001758,2026-01-19 07:46:00,DN-04,Dien Bien Phu,Thanh Khe,16.0666,108.1912,motorbike,12.9,N,CAM-04-2
OBS-0001759,2026-01-06 15:28:00,DN-05,2 September Street,Hai Chau,16.0481,108.223,bus,31.8,S,CAM-05-3
OBS-0001760,2026-01-08 05:25:00,DN-02,Han River Bridge,Hai Chau,16.0718,108.2268,motorbike,34.8,W,CAM-02-3
OBS-0001761,2026-01-23 02:42:00,DN-05,2 September Street,Hai Chau,16.0481,108.223,car,43.7,N,CAM-05-3
OBS-0001762,2026-02-20 06:07:00,DN-04,Dien Bien Phu,Thanh Khe,16.0666,108.1912,car,40.5,E,CAM-04-2
OBS-0001763,2026-01-26 06:09:00,DN-02,Han River Bridge,Hai Chau,16.0718,108.2268,motorbike,32.9,W,CAM-02-1
OBS-0001764,2026-01-17 03:16:00,DN-03,Nguyen Van Linh,Hai Chau,16.0595,108.2115,car,36.6,W,CAM-03-3
OBS-0001765,2026-03-05 19:44:00,DN-01,Dragon Bridge,Hai Chau,16.0611,108.2273,motorbike,27.4,W,CAM-01-1
OBS-0001766,2026-01-24 13:10:00,DN-05,2 September Street,Hai Chau,16.0481,108.223,motorbike,39.5,W,CAM-05-3
OBS-0001767,2026-03-05 00:08:00,DN-06,Ngo Quyen,Son Tra,16.0644,108.2358,motorbike,31.7,W,CAM-06-2
OBS-0001768,2026-01-24 11:34:00,DN-02,Han River Bridge,Hai Chau,16.0718,108.2268,car,33.3,S,CAM-02-1
OBS-0001769,2026-01-04 15:40:00,DN-05,2 September Street,Hai Chau,16.0481,108.223,motorbike,29.4,N,CAM-05-3
OBS-0001770,2026-03-10 05:17:00,DN-02,Han River Bridge,Hai Chau,16.0718,108.2268,motorbike,31.8,S,CAM-02-1
OBS-0001771,2026-03-30 11:38:00,DN-04,Dien Bien Phu,Thanh Khe,16.0666,108.1912,car,35.4,N,CAM-04-2
OBS-0001772,2026-01-14 05:37:00,DN-02,Han River Bridge,Hai Chau,16.0718,108.2268,motorbike,45.4,N,CAM-02-3
OBS-0001773,2026-01-16 22:24:00,DN-06,Ngo Quyen,Son Tra,16.0644,108.2358,motorbike,37.7,N,CAM-06-2
OBS-0001774,2026-03-25 07:49:00,DN-05,2 September Street,Hai Chau,16.0481,108.223,motorbike,27.3,N,CAM-05-2
OBS-0001775,2026-03-16 16:30:00,DN-02,Han River Bridge,Hai Chau,16.0718,108.2268,car,14.5,E,CAM-02-2
OBS-0001776,2026-01-10 15:37:00,DN-03,Nguyen Van Linh,Hai Chau,16.0595,108.2115,bus,33.7,S,CAM-03-3
OBS-0001777,2026-03-04 09:38:00,DN-01,Dragon Bridge,Hai Chau,16.0611,108.2273,truck,20.5,E,CAM-01-3
OBS-0001778,2026-03-25 19:50:00,DN-02,Han River Bridge,Hai Chau,16.0718,108.2268,motorbike,16.7,S,CAM-02-3
OBS-0001779,2026-01-02 23:38:00,DN-02,Han River Bridge,Hai Chau,16.0718,108.2268,motorbike,34.0,W,CAM-02-2
OBS-0001780,2026-02-04 17:18:00,DN-06,Ngo Quyen,Son Tra,16.0644,108.2358,motorbike,42.5,E,CAM-06-1
OBS-0001781,2026-01-20 23:19:00,DN-02,Han River Bridge,Hai Chau,16.0718,108.2268,car,36.7,W,CAM-02-2
OBS-0001782,2026-02-14 06:57:00,DN-02,Han River Bridge,Hai Chau,16.0718,108.2268,car,37.1,E,CAM-02-3
OBS-0001783,2026-02-18 09:19:00,DN-04,Dien Bien Phu,Thanh Khe,16.0666,108.1912,car,16.5,N,CAM-04-3
OBS-0001784,2026-03-10 07:14:00,DN-05,2 September Street,Hai Chau,16.0481,108.223,truck,28.2,E,CAM-05-2
OBS-0001785,2026-02-18 13:56:00,DN-01,Dragon Bridge,Hai Chau,16.0611,108.2273,motorbike,38.0,N,CAM-01-2
OBS-0001786,2026-03-27 11:29:00,DN-02,Han River Bridge,Hai Chau,16.0718,108.2268,motorbike,40.0,W,CAM-02-2
OBS-0001787,2026-02-27 21:47:00,DN-01,Dragon Bridge,Hai Chau,16.0611,108.2273,motorbike,34.5,N,CAM-01-1
OBS-0001788,2026-03-14 11:01:00,DN-03,Nguyen Van Linh,Hai Chau,16.0595,108.2115,motorbike,39.2,W,CAM-03-3
OBS-0001789,2026-03-01 09:07:00,DN-04,Dien Bien Phu,Thanh Khe,16.0666,108.1912,motorbike,21.5,N,CAM-04-1
OBS-0001790,2026-02-26 12:18:00,DN-02,Han River Bridge,Hai Chau,16.0718,108.2268,motorbike,36.6,S,CAM-02-1
OBS-0001791,2026-02-22 20:01:00,DN-01,Dragon Bridge,Hai Chau,16.0611,108.2273,motorbike,34.3,E,CAM-01-1
OBS-0001792,2026-02-18 10:33:00,DN-06,Ngo Quyen,Son Tra,16.0644,108.2358,motorbike,47.3,E,CAM-06-1
OBS-0001793,2026-03-28 16:32:00,DN-01,Dragon Bridge,Hai Chau,16.0611,108.2273,motorbike,20.4,N,CAM-01-1
OBS-0001794,2026-03-31 08:03:00,DN-02,Han River Bridge,Hai Chau,16.0718,108.2268,motorbike,22.5,N,CAM-02-2
OBS-0001795,2026-02-05 09:58:00,DN-06,Ngo Quyen,Son Tra,16.0644,108.2358,motorbike,34.0,W,CAM-06-1
OBS-0001796,2026-03-26 04:39:00,DN-01,Dragon Bridge,Hai Chau,16.0611,108.2273,motorbike,26.2,N,CAM-01-3
OBS-0001797,2026-02-14 07:27:00,DN-02,Han River Bridge,Hai Chau,16.0718,108.2268,car,37.3,S,CAM-02-2
OBS-0001798,2026-03-02 23:13:00,DN-04,Dien Bien Phu,Thanh Khe,16.0666,108.1912,motorbike,30.3,E,CAM-04-1
OBS-0001799,2026-01-16 00:49:00,DN-01,Dragon Bridge,Hai Chau,16.0611,108.2273,car,22.8,W,CAM-01-1
OBS-0001800,2026-01-03 07:35:00,DN-03,Nguyen Van Linh,Hai Chau,16.0595,108.2115,car,7.7,W,CAM-03-2
OBS-0001801,2026-01-20 06:41:00,DN-04,Dien Bien Phu,Thanh Khe,16.0666,108.1912,motorbike,39.7,E,CAM-04-3
OBS-0001802,2026-03-13 08:23:00,DN-05,2 September Street,Hai Chau,16.0481,108.223,car,31.0,N,CAM-05-3
OBS-0001803,2026-01-02 22:43:00,DN-02,Han River Bridge,Hai Chau,16.0718,108.2268,motorbike,48.4,W,CAM-02-2
OBS-0001804,2026-03-25 19:49:00,DN-05,2 September Street,Hai Chau,16.0481,108.223,car,24.0,N,CAM-05-2
OBS-0001805,2026-03-28 19:53:00,DN-06,Ngo Quyen,Son Tra,16.0644,108.2358,car,15.8,S,CAM-06-1
OBS-0001806,2026-01-12 02:36:00,DN-03,Nguyen Van Linh,Hai Chau,16.0595,108.2115,motorbike,33.7,N,CAM-03-3
OBS-0001807,2026-01-09 03:02:00,DN-03,Nguyen Van Linh,Hai Chau,16.0595,108.2115,motorbike,29.6,S,CAM-03-1
OBS-0001808,2026-01-26 00:17:00,DN-04,Dien Bien Phu,Thanh Khe,16.0666,108.1912,truck,19.6,E,CAM-04-2
OBS-0001809,2026-01-19 23:49:00,DN-05,2 September Street,Hai Chau,16.0481,108.223,motorbike,35.1,W,CAM-05-3
OBS-0001810,2026-03-20 18:21:00,DN-06,Ngo Quyen,Son Tra,16.0644,108.2358,bus,10.5,N,CAM-06-1
OBS-0001811,2026-01-15 06:50:00,DN-03,Nguyen Van Linh,Hai Chau,16.0595,108.2115,car,26.3,W,CAM-03-1
OBS-0001812,2026-02-15 11:19:00,DN-05,2 September Street,Hai Chau,16.0481,108.223,motorbike,40.4,S,CAM-05-1
OBS-0001813,2026-03-08 01:08:00,DN-05,2 September Street,Hai Chau,16.0481,108.223,car,23.5,W,CAM-05-2
OBS-0001814,2026-02-19 06:39:00,DN-04,Dien Bien Phu,Thanh Khe,16.0666,108.1912,truck,38.4,W,CAM-04-2
OBS-0001815,2026-02-22 23:23:00,DN-04,Dien Bien Phu,Thanh Khe,16.0666,108.1912,motorbike,36.0,E,CAM-04-1
OBS-0001816,2026-03-20 09:54:00,DN-03,Nguyen Van Linh,Hai Chau,16.0595,108.2115,motorbike,12.2,S,CAM-03-1
OBS-0001817,2026-02-06 15:11:00,DN-01,Dragon Bridge,Hai Chau,16.0611,108.2273,car,38.2,W,CAM-01-1
OBS-0001818,2026-03-03 19:39:00,DN-04,Dien Bien Phu,Thanh Khe,16.0666,108.1912,bus,26.7,W,CAM-04-2
OBS-0001819,2026-03-16 06:00:00,DN-06,Ngo Quyen,Son Tra,16.0644,108.2358,bus,45.2,S,CAM-06-3
OBS-0001820,2026-02-07 18:07:00,DN-04,Dien Bien Phu,Thanh Khe,16.0666,108.1912,bus,9.2,N,CAM-04-3
OBS-0001821,2026-03-08 04:35:00,DN-03,Nguyen Van Linh,Hai Chau,16.0595,108.2115,bus,35.7,W,CAM-03-1
OBS-0001822,2026-02-19 15:00:00,DN-06,Ngo Quyen,Son Tra,16.0644,108.2358,motorbike,39.7,N,CAM-06-3
OBS-0001823,2026-03-10 00:40:00,DN-02,Han River Bridge,Hai Chau,16.0718,108.2268,car,38.6,E,CAM-02-1
OBS-0001824,2026-01-19 18:06:00,DN-03,Nguyen Van Linh,Hai Chau,16.0595,108.2115,motorbike,21.7,W,CAM-03-3
OBS-0001825,2026-02-14 23:52:00,DN-06,Ngo Quyen,Son Tra,16.0644,108.2358,motorbike,27.8,S,CAM-06-1
OBS-0001826,2026-02-12 01:56:00,DN-05,2 September Street,Hai Chau,16.0481,108.223,motorbike,33.3,E,CAM-05-2
OBS-0001827,2026-01-21 22:34:00,DN-04,Dien Bien Phu,Thanh Khe,16.0666,108.1912,motorbike,36.6,N,CAM-04-2
OBS-0001828,2026-03-15 22:18:00,DN-02,Han River Bridge,Hai Chau,16.0718,108.2268,car,41.6,N,CAM-02-3
OBS-0001829,2026-01-21 01:05:00,DN-04,Dien Bien Phu,Thanh Khe,16.0666,108.1912,car,35.1,N,CAM-04-1
OBS-0001830,2026-03-10 09:09:00,DN-02,Han River Bridge,Hai Chau,16.0718,108.2268,car,29.4,S,CAM-02-2
OBS-0001831,2026-01-14 09:42:00,DN-03,Nguyen Van Linh,Hai Chau,16.0595,108.2115,motorbike,15.0,S,CAM-03-1
OBS-0001832,2026-01-07 02:17:00,DN-04,Dien Bien Phu,Thanh Khe,16.0666,108.1912,car,34.9,S,CAM-04-1
OBS-0001833,2026-02-05 12:20:00,DN-01,Dragon Bridge,Hai Chau,16.0611,108.2273,car,46.3,N,CAM-01-1
OBS-0001834,2026-01-01 02:23:00,DN-02,Han River Bridge,Hai Chau,16.0718,108.2268,motorbike,40.4,W,CAM-02-1
OBS-0001835,2026-01-16 21:27:00,DN-05,2 September Street,Hai Chau,16.0481,108.223,motorbike,44.3,W,CAM-05-1
OBS-0001836,2026-01-13 11:46:00,DN-06,Ngo Quyen,Son Tra,16.0644,108.2358,motorbike,45.3,N,CAM-06-1
OBS-0001837,2026-02-13 04:52:00,DN-06,Ngo Quyen,Son Tra,16.0644,108.2358,car,37.4,N,CAM-06-2
OBS-0001838,2026-01-26 21:50:00,DN-02,Han River Bridge,Hai Chau,16.0718,108.2268,car,33.9,W,CAM-02-2
OBS-0001839,2026-02-13 10:38:00,DN-06,Ngo Quyen,Son Tra,16.0644,108.2358,motorbike,41.2,E,CAM-06-2
OBS-0001840,2026-03-08 01:29:00,DN-06,Ngo Quyen,Son Tra,16.0644,108.2358,car,36.3,N,CAM-06-2
OBS-0001841,2026-01-15 08:01:00,DN-05,2 September Street,Hai Chau,16.0481,108.223,motorbike,15.7,E,CAM-05-1
OBS-0001842,2026-02-02 17:56:00,DN-02,Han River Bridge,Hai Chau,16.0718,108.2268,motorbike,21.6,S,CAM-02-1
OBS-0001843,2026-01-09 08:07:00,DN-01,Dragon Bridge,Hai Chau,16.0611,108.2273,car,23.8,N,CAM-01-2
OBS-0001844,2026-03-18 02:33:00,DN-02,Han River Bridge,Hai Chau,16.0718,108.2268,truck,40.9,S,CAM-02-2
OBS-0001845,2026-02-12 22:24:00,DN-02,Han River Bridge,Hai Chau,16.0718,108.2268,motorbike,42.3,E,CAM-02-1
OBS-0001846,2026-03-04 14:35:00,DN-01,Dragon Bridge,Hai Chau,16.0611,108.2273,motorbike,39.5,N,CAM-01-2
OBS-0001847,2026-01-06 13:22:00,DN-01,Dragon Bridge,Hai Chau,16.0611,108.2273,motorbike,28.4,W,CAM-01-1
OBS-0001848,2026-01-26 17:20:00,DN-02,Han River Bridge,Hai Chau,16.0718,108.2268,motorbike,9.3,N,CAM-02-1
OBS-0001849,2026-01-14 16:43:00,DN-02,Han River Bridge,Hai Chau,16.0718,108.2268,motorbike,11.8,W,CAM-02-3
OBS-0001850,2026-01-20 22:15:00,DN-04,Dien Bien Phu,Thanh Khe,16.0666,108.1912,motorbike,31.9,S,CAM-04-3
OBS-0001851,2026-01-05 17:58:00,DN-06,Ngo Quyen,Son Tra,16.0644,108.2358,motorbike,8.0,E,CAM-06-2
OBS-0001852,2026-01-16 10:39:00,DN-03,Nguyen Van Linh,Hai Chau,16.0595,108.2115,bus,40.8,S,CAM-03-3
OBS-0001853,2026-03-03 21:06:00,DN-04,Dien Bien Phu,Thanh Khe,16.0666,108.1912,car,31.7,E,CAM-04-3
OBS-0001854,2026-01-31 22:52:00,DN-04,Dien Bien Phu,Thanh Khe,16.0666,108.1912,motorbike,21.5,W,CAM-04-1
OBS-0001855,2026-02-05 11:28:00,DN-05,2 September Street,Hai Chau,16.0481,108.223,motorbike,26.6,N,CAM-05-3
OBS-0001856,2026-01-13 02:22:00,DN-01,Dragon Bridge,Hai Chau,16.0611,108.2273,car,42.3,N,CAM-01-3
OBS-0001857,2026-03-17 17:41:00,DN-01,Dragon Bridge,Hai Chau,16.0611,108.2273,car,27.9,S,CAM-01-3
OBS-0001858,2026-01-19 02:31:00,DN-04,Dien Bien Phu,Thanh Khe,16.0666,108.1912,car,30.1,W,CAM-04-3
OBS-0001859,2026-03-14 12:45:00,DN-04,Dien Bien Phu,Thanh Khe,16.0666,108.1912,motorbike,28.2,W,CAM-04-3
OBS-0001860,2026-01-11 17:21:00,DN-05,2 September Street,Hai Chau,16.0481,108.223,car,15.2,N,CAM-05-3
OBS-0001861,2026-03-26 20:23:00,DN-04,Dien Bien Phu,Thanh Khe,16.0666,108.1912,car,28.2,E,CAM-04-1
OBS-0001862,2026-01-06 02:40:00,DN-01,Dragon Bridge,Hai Chau,16.0611,108.2273,motorbike,37.4,E,CAM-01-1
OBS-0001863,2026-01-08 18:24:00,DN-01,Dragon Bridge,Hai Chau,16.0611,108.2273,car,22.9,E,CAM-01-3
OBS-0001864,2026-03-18 03:54:00,DN-01,Dragon Bridge,Hai Chau,16.0611,108.2273,truck,46.2,E,CAM-01-2
OBS-0001865,2026-02-12 13:19:00,DN-05,2 September Street,Hai Chau,16.0481,108.223,motorbike,45.1,S,CAM-05-1
OBS-0001866,2026-02-17 15:49:00,DN-05,2 September Street,Hai Chau,16.0481,108.223,car,37.6,W,CAM-05-1
OBS-0001867,2026-01-18 14:20:00,DN-05,2 September Street,Hai Chau,16.0481,108.223,motorbike,25.8,W,CAM-05-1
OBS-0001868,2026-03-26 17:46:00,DN-06,Ngo Quyen,Son Tra,16.0644,108.2358,car,18.7,S,CAM-06-3
OBS-0001869,2026-03-24 23:52:00,DN-06,Ngo Quyen,Son Tra,16.0644,108.2358,motorbike,39.0,S,CAM-06-2
OBS-0001870,2026-01-19 04:13:00,DN-05,2 September Street,Hai Chau,16.0481,108.223,car,41.2,E,CAM-05-1
OBS-0001871,2026-02-13 00:58:00,DN-06,Ngo Quyen,Son Tra,16.0644,108.2358,car,39.1,S,CAM-06-2
OBS-0001872,2026-01-26 00:49:00,DN-05,2 September Street,Hai Chau,16.0481,108.223,truck,30.6,E,CAM-05-1
OBS-0001873,2026-02-13 16:20:00,DN-04,Dien Bien Phu,Thanh Khe,16.0666,108.1912,motorbike,15.4,W,CAM-04-2
OBS-0001874,2026-03-10 06:21:00,DN-03,Nguyen Van Linh,Hai Chau,16.0595,108.2115,motorbike,23.7,S,CAM-03-1
OBS-0001875,2026-03-13 15:05:00,DN-03,Nguyen Van Linh,Hai Chau,16.0595,108.2115,bus,37.5,E,CAM-03-1
OBS-0001876,2026-01-06 23:16:00,DN-01,Dragon Bridge,Hai Chau,16.0611,108.2273,motorbike,20.6,S,CAM-01-2
OBS-0001877,2026-03-19 17:16:00,DN-04,Dien Bien Phu,Thanh Khe,16.0666,108.1912,motorbike,5.1,N,CAM-04-1
OBS-0001878,2026-02-16 00:52:00,DN-02,Han River Bridge,Hai Chau,16.0718,108.2268,car,33.1,W,CAM-02-3
OBS-0001879,2026-02-28 10:29:00,DN-02,Han River Bridge,Hai Chau,16.0718,108.2268,motorbike,34.5,W,CAM-02-1
OBS-0001880,2026-02-28 15:47:00,DN-01,Dragon Bridge,Hai Chau,16.0611,108.2273,motorbike,34.0,S,CAM-01-2
OBS-0001881,2026-03-16 11:37:00,DN-06,Ngo Quyen,Son Tra,16.0644,108.2358,motorbike,41.0,W,CAM-06-2
OBS-0001882,2026-01-21 09:55:00,DN-01,Dragon Bridge,Hai Chau,16.0611,108.2273,car,19.7,N,CAM-01-1
OBS-0001883,2026-01-07 18:28:00,DN-06,Ngo Quyen,Son Tra,16.0644,108.2358,car,37.1,E,CAM-06-2
OBS-0001884,2026-02-21 17:10:00,DN-05,2 September Street,Hai Chau,16.0481,108.223,car,23.0,N,CAM-05-1
OBS-0001885,2026-03-30 11:43:00,DN-05,2 September Street,Hai Chau,16.0481,108.223,motorbike,38.3,S,CAM-05-1
OBS-0001886,2026-03-08 03:31:00,DN-06,Ngo Quyen,Son Tra,16.0644,108.2358,car,26.2,W,CAM-06-1
OBS-0001887,2026-03-25 00:18:00,DN-04,Dien Bien Phu,Thanh Khe,16.0666,108.1912,car,41.3,E,CAM-04-2
OBS-0001888,2026-03-04 13:57:00,DN-01,Dragon Bridge,Hai Chau,16.0611,108.2273,car,34.7,S,CAM-01-2
OBS-0001889,2026-03-03 14:40:00,DN-02,Han River Bridge,Hai Chau,16.0718,108.2268,car,41.5,S,CAM-02-1
OBS-0001890,2026-03-26 01:58:00,DN-02,Han River Bridge,Hai Chau,16.0718,108.2268,bus,32.0,S,CAM-02-2
OBS-0001891,2026-02-28 12:01:00,DN-02,Han River Bridge,Hai Chau,16.0718,108.2268,car,41.4,S,CAM-02-3
OBS-0001892,2026-03-14 12:46:00,DN-05,2 September Street,Hai Chau,16.0481,108.223,motorbike,43.4,S,CAM-05-3
OBS-0001893,2026-02-18 03:30:00,DN-04,Dien Bien Phu,Thanh Khe,16.0666,108.1912,bus,41.7,W,CAM-04-1
OBS-0001894,2026-03-10 09:56:00,DN-05,2 September Street,Hai Chau,16.0481,108.223,car,26.1,E,CAM-05-2
OBS-0001895,2026-03-08 04:52:00,DN-06,Ngo Quyen,Son Tra,16.0644,108.2358,motorbike,32.5,N,CAM-06-3
OBS-0001896,2026-02-05 15:36:00,DN-02,Han River Bridge,Hai Chau,16.0718,108.2268,motorbike,37.9,S,CAM-02-3
OBS-0001897,2026-01-11 19:42:00,DN-05,2 September Street,Hai Chau,16.0481,108.223,bus,13.1,S,CAM-05-2
OBS-0001898,2026-02-16 11:16:00,DN-02,Han River Bridge,Hai Chau,16.0718,108.2268,car,29.0,N,CAM-02-1
OBS-0001899,2026-03-25 00:02:00,DN-01,Dragon Bridge,Hai Chau,16.0611,108.2273,car,32.6,S,CAM-01-2
OBS-0001900,2026-01-27 23:54:00,DN-06,Ngo Quyen,Son Tra,16.0644,108.2358,bus,37.6,W,CAM-06-3
OBS-0001901,2026-02-05 04:54:00,DN-03,Nguyen Van Linh,Hai Chau,16.0595,108.2115,motorbike,40.0,E,CAM-03-3
OBS-0001902,2026-02-04 04:48:00,DN-04,Dien Bien Phu,Thanh Khe,16.0666,108.1912,motorbike,47.5,S,CAM-04-3
OBS-0001903,2026-02-05 02:42:00,DN-03,Nguyen Van Linh,Hai Chau,16.0595,108.2115,car,26.4,W,CAM-03-3
OBS-0001904,2026-03-24 20:16:00,DN-01,Dragon Bridge,Hai Chau,16.0611,108.2273,car,46.2,E,CAM-01-2
OBS-0001905,2026-03-15 14:50:00,DN-03,Nguyen Van Linh,Hai Chau,16.0595,108.2115,car,45.0,W,CAM-03-1
OBS-0001906,2026-01-13 23:37:00,DN-06,Ngo Quyen,Son Tra,16.0644,108.2358,truck,41.9,E,CAM-06-1
OBS-0001907,2026-03-06 23:44:00,DN-05,2 September Street,Hai Chau,16.0481,108.223,car,24.9,N,CAM-05-2
OBS-0001908,2026-03-06 08:40:00,DN-04,Dien Bien Phu,Thanh Khe,16.0666,108.1912,car,23.0,W,CAM-04-3
OBS-0001909,2026-01-04 15:56:00,DN-04,Dien Bien Phu,Thanh Khe,16.0666,108.1912,motorbike,39.5,W,CAM-04-1
OBS-0001910,2026-03-08 07:59:00,DN-01,Dragon Bridge,Hai Chau,16.0611,108.2273,car,10.3,W,CAM-01-2
OBS-0001911,2026-01-19 14:37:00,DN-02,Han River Bridge,Hai Chau,16.0718,108.2268,bus,30.1,N,CAM-02-3
OBS-0001912,2026-01-06 00:28:00,DN-02,Han River Bridge,Hai Chau,16.0718,108.2268,motorbike,43.5,E,CAM-02-3
OBS-0001913,2026-03-02 22:36:00,DN-02,Han River Bridge,Hai Chau,16.0718,108.2268,car,34.1,S,CAM-02-1
OBS-0001914,2026-02-01 07:35:00,DN-04,Dien Bien Phu,Thanh Khe,16.0666,108.1912,motorbike,15.6,W,CAM-04-1
OBS-0001915,2026-01-25 03:56:00,DN-01,Dragon Bridge,Hai Chau,16.0611,108.2273,motorbike,33.9,N,CAM-01-1
OBS-0001916,2026-03-01 15:25:00,DN-04,Dien Bien Phu,Thanh Khe,16.0666,108.1912,truck,26.4,E,CAM-04-3
OBS-0001917,2026-03-15 10:20:00,DN-05,2 September Street,Hai Chau,16.0481,108.223,motorbike,34.5,W,CAM-05-2
OBS-0001918,2026-03-20 15:21:00,DN-05,2 September Street,Hai Chau,16.0481,108.223,motorbike,40.0,S,CAM-05-3
OBS-0001919,2026-01-21 01:29:00,DN-04,Dien Bien Phu,Thanh Khe,16.0666,108.1912,motorbike,31.1,N,CAM-04-2
OBS-0001920,2026-02-22 11:42:00,DN-03,Nguyen Van Linh,Hai Chau,16.0595,108.2115,car,28.8,W,CAM-03-1
OBS-0001921,2026-02-22 18:25:00,DN-05,2 September Street,Hai Chau,16.0481,108.223,motorbike,28.9,E,CAM-05-2
OBS-0001922,2026-01-30 16:24:00,DN-02,Han River Bridge,Hai Chau,16.0718,108.2268,motorbike,16.1,N,CAM-02-3
OBS-0001923,2026-01-30 01:33:00,DN-04,Dien Bien Phu,Thanh Khe,16.0666,108.1912,car,38.5,E,CAM-04-1
OBS-0001924,2026-01-05 04:37:00,DN-06,Ngo Quyen,Son Tra,16.0644,108.2358,motorbike,41.0,W,CAM-06-1
OBS-0001925,2026-03-20 09:49:00,DN-04,Dien Bien Phu,Thanh Khe,16.0666,108.1912,motorbike,13.6,W,CAM-04-1
OBS-0001926,2026-03-01 04:15:00,DN-06,Ngo Quyen,Son Tra,16.0644,108.2358,motorbike,26.1,W,CAM-06-2
OBS-0001927,2026-02-09 06:29:00,DN-01,Dragon Bridge,Hai Chau,16.0611,108.2273,car,33.8,W,CAM-01-1
OBS-0001928,2026-01-25 00:00:00,DN-06,Ngo Quyen,Son Tra,16.0644,108.2358,motorbike,45.1,S,CAM-06-2
OBS-0001929,2026-01-22 01:41:00,DN-06,Ngo Quyen,Son Tra,16.0644,108.2358,car,42.2,N,CAM-06-2
OBS-0001930,2026-02-08 04:49:00,DN-02,Han River Bridge,Hai Chau,16.0718,108.2268,car,34.0,W,CAM-02-1
OBS-0001931,2026-01-26 16:13:00,DN-05,2 September Street,Hai Chau,16.0481,108.223,motorbike,4.0,S,CAM-05-1
OBS-0001932,2026-03-09 09:58:00,DN-01,Dragon Bridge,Hai Chau,16.0611,108.2273,motorbike,27.0,S,CAM-01-3
OBS-0001933,2026-01-06 17:04:00,DN-03,Nguyen Van Linh,Hai Chau,16.0595,108.2115,car,14.7,E,CAM-03-3
OBS-0001934,2026-01-23 05:49:00,DN-06,Ngo Quyen,Son Tra,16.0644,108.2358,car,49.9,E,CAM-06-2
OBS-0001935,2026-02-28 14:46:00,DN-01,Dragon Bridge,Hai Chau,16.0611,108.2273,motorbike,33.3,S,CAM-01-2
OBS-0001936,2026-03-21 18:10:00,DN-05,2 September Street,Hai Chau,16.0481,108.223,motorbike,23.0,E,CAM-05-3
OBS-0001937,2026-03-12 17:16:00,DN-04,Dien Bien Phu,Thanh Khe,16.0666,108.1912,car,25.0,W,CAM-04-2
OBS-0001938,2026-01-13 09:03:00,DN-02,Han River Bridge,Hai Chau,16.0718,108.2268,car,29.8,N,CAM-02-2
OBS-0001939,2026-02-07 01:08:00,DN-02,Han River Bridge,Hai Chau,16.0718,108.2268,car,41.6,W,CAM-02-3
OBS-0001940,2026-02-16 07:27:00,DN-05,2 September Street,Hai Chau,16.0481,108.223,motorbike,8.0,E,CAM-05-2
OBS-0001941,2026-03-06 10:39:00,DN-05,2 September Street,Hai Chau,16.0481,108.223,motorbike,17.9,S,CAM-05-2
OBS-0001942,2026-03-17 00:49:00,DN-06,Ngo Quyen,Son Tra,16.0644,108.2358,motorbike,54.7,W,CAM-06-3
OBS-0001943,2026-03-16 14:53:00,DN-05,2 September Street,Hai Chau,16.0481,108.223,motorbike,36.4,S,CAM-05-2
OBS-0001944,2026-02-12 21:15:00,DN-05,2 September Street,Hai Chau,16.0481,108.223,truck,36.5,N,CAM-05-1
OBS-0001945,2026-02-26 17:36:00,DN-06,Ngo Quyen,Son Tra,16.0644,108.2358,motorbike,30.5,N,CAM-06-2
OBS-0001946,2026-02-02 19:22:00,DN-06,Ngo Quyen,Son Tra,16.0644,108.2358,car,23.3,S,CAM-06-2
OBS-0001947,2026-03-07 00:10:00,DN-03,Nguyen Van Linh,Hai Chau,16.0595,108.2115,motorbike,25.8,S,CAM-03-3
OBS-0001948,2026-03-06 19:24:00,DN-04,Dien Bien Phu,Thanh Khe,16.0666,108.1912,car,9.5,N,CAM-04-3
OBS-0001949,2026-01-13 03:14:00,DN-06,Ngo Quyen,Son Tra,16.0644,108.2358,motorbike,43.4,W,CAM-06-1
OBS-0001950,2026-02-25 22:53:00,DN-06,Ngo Quyen,Son Tra,16.0644,108.2358,car,43.8,W,CAM-06-3
OBS-0001951,2026-02-09 03:22:00,DN-03,Nguyen Van Linh,Hai Chau,16.0595,108.2115,motorbike,39.8,N,CAM-03-1
OBS-0001952,2026-01-12 03:32:00,DN-02,Han River Bridge,Hai Chau,16.0718,108.2268,motorbike,40.3,W,CAM-02-3
OBS-0001953,2026-01-04 14:51:00,DN-05,2 September Street,Hai Chau,16.0481,108.223,motorbike,45.0,W,CAM-05-3
OBS-0001954,2026-03-13 23:22:00,DN-01,Dragon Bridge,Hai Chau,16.0611,108.2273,motorbike,36.8,E,CAM-01-2
OBS-0001955,2026-03-27 05:44:00,DN-06,Ngo Quyen,Son Tra,16.0644,108.2358,motorbike,32.8,N,CAM-06-3
OBS-0001956,2026-01-20 11:32:00,DN-02,Han River Bridge,Hai Chau,16.0718,108.2268,motorbike,44.0,S,CAM-02-3
OBS-0001957,2026-02-20 18:29:00,DN-03,Nguyen Van Linh,Hai Chau,16.0595,108.2115,motorbike,10.0,N,CAM-03-2
OBS-0001958,2026-03-24 06:58:00,DN-01,Dragon Bridge,Hai Chau,16.0611,108.2273,car,32.7,N,CAM-01-3
OBS-0001959,2026-03-27 17:47:00,DN-02,Han River Bridge,Hai Chau,16.0718,108.2268,motorbike,19.5,S,CAM-02-3
OBS-0001960,2026-01-28 14:14:00,DN-06,Ngo Quyen,Son Tra,16.0644,108.2358,car,42.2,E,CAM-06-1
OBS-0001961,2026-01-29 01:45:00,DN-06,Ngo Quyen,Son Tra,16.0644,108.2358,motorbike,47.5,W,CAM-06-3
OBS-0001962,2026-03-24 12:13:00,DN-04,Dien Bien Phu,Thanh Khe,16.0666,108.1912,car,45.7,S,CAM-04-2
OBS-0001963,2026-02-05 15:53:00,DN-02,Han River Bridge,Hai Chau,16.0718,108.2268,motorbike,41.4,W,CAM-02-1
OBS-0001964,2026-03-21 10:50:00,DN-02,Han River Bridge,Hai Chau,16.0718,108.2268,motorbike,39.6,S,CAM-02-1
OBS-0001965,2026-02-01 14:34:00,DN-03,Nguyen Van Linh,Hai Chau,16.0595,108.2115,car,30.4,W,CAM-03-2
OBS-0001966,2026-02-03 10:46:00,DN-06,Ngo Quyen,Son Tra,16.0644,108.2358,car,48.1,E,CAM-06-3
OBS-0001967,2026-01-16 16:13:00,DN-04,Dien Bien Phu,Thanh Khe,16.0666,108.1912,motorbike,18.6,E,CAM-04-1
OBS-0001968,2026-01-25 11:36:00,DN-04,Dien Bien Phu,Thanh Khe,16.0666,108.1912,car,30.9,S,CAM-04-1
OBS-0001969,2026-01-16 14:51:00,DN-03,Nguyen Van Linh,Hai Chau,16.0595,108.2115,truck,25.0,E,CAM-03-2
OBS-0001970,2026-02-07 09:34:00,DN-05,2 September Street,Hai Chau,16.0481,108.223,motorbike,11.9,N,CAM-05-2
OBS-0001971,2026-03-10 11:53:00,DN-02,Han River Bridge,Hai Chau,16.0718,108.2268,car,48.7,S,CAM-02-2
OBS-0001972,2026-03-17 09:19:00,DN-03,Nguyen Van Linh,Hai Chau,16.0595,108.2115,motorbike,8.6,E,CAM-03-2
OBS-0001973,2026-03-30 08:25:00,DN-05,2 September Street,Hai Chau,16.0481,108.223,motorbike,7.9,N,CAM-05-2
OBS-0001974,2026-01-28 22:39:00,DN-01,Dragon Bridge,Hai Chau,16.0611,108.2273,car,37.8,W,CAM-01-3
OBS-0001975,2026-01-05 23:58:00,DN-01,Dragon Bridge,Hai Chau,16.0611,108.2273,car,36.8,E,CAM-01-1
OBS-0001976,2026-01-08 14:18:00,DN-04,Dien Bien Phu,Thanh Khe,16.0666,108.1912,car,43.8,N,CAM-04-1
OBS-0001977,2026-03-04 20:31:00,DN-04,Dien Bien Phu,Thanh Khe,16.0666,108.1912,car,50.5,W,CAM-04-1
OBS-0001978,2026-02-13 08:29:00,DN-06,Ngo Quyen,Son Tra,16.0644,108.2358,motorbike,24.7,W,CAM-06-1
OBS-0001979,2026-03-22 14:19:00,DN-03,Nguyen Van Linh,Hai Chau,16.0595,108.2115,car,28.9,N,CAM-03-1
OBS-0001980,2026-03-04 02:44:00,DN-03,Nguyen Van Linh,Hai Chau,16.0595,108.2115,motorbike,37.5,S,CAM-03-1
OBS-0001981,2026-03-04 12:48:00,DN-05,2 September Street,Hai Chau,16.0481,108.223,car,28.6,S,CAM-05-3
OBS-0001982,2026-03-02 15:48:00,DN-06,Ngo Quyen,Son Tra,16.0644,108.2358,car,24.4,N,CAM-06-2
OBS-0001983,2026-01-18 12:20:00,DN-05,2 September Street,Hai Chau,16.0481,108.223,motorbike,29.1,E,CAM-05-2
OBS-0001984,2026-01-12 12:03:00,DN-01,Dragon Bridge,Hai Chau,16.0611,108.2273,motorbike,33.7,N,CAM-01-1
OBS-0001985,2026-01-25 01:41:00,DN-02,Han River Bridge,Hai Chau,16.0718,108.2268,motorbike,34.7,S,CAM-02-1
OBS-0001986,2026-03-27 23:33:00,DN-05,2 September Street,Hai Chau,16.0481,108.223,motorbike,38.3,N,CAM-05-3
OBS-0001987,2026-03-25 04:14:00,DN-04,Dien Bien Phu,Thanh Khe,16.0666,108.1912,car,44.2,E,CAM-04-3
OBS-0001988,2026-02-26 23:13:00,DN-05,2 September Street,Hai Chau,16.0481,108.223,motorbike,29.5,N,CAM-05-2
OBS-0001989,2026-03-30 23:40:00,DN-05,2 September Street,Hai Chau,16.0481,108.223,motorbike,28.2,S,CAM-05-3
OBS-0001990,2026-03-26 13:28:00,DN-01,Dragon Bridge,Hai Chau,16.0611,108.2273,car,36.7,E,CAM-01-1
OBS-0001991,2026-01-19 13:24:00,DN-05,2 September Street,Hai Chau,16.0481,108.223,bus,43.1,W,CAM-05-1
OBS-0001992,2026-01-12 11:47:00,DN-01,Dragon Bridge,Hai Chau,16.0611,108.2273,motorbike,27.9,N,CAM-01-1
OBS-0001993,2026-02-27 05:45:00,DN-05,2 September Street,Hai Chau,16.0481,108.223,car,34.6,S,CAM-05-1
OBS-0001994,2026-03-22 14:01:00,DN-01,Dragon Bridge,Hai Chau,16.0611,108.2273,motorbike,42.1,W,CAM-01-1
OBS-0001995,2026-02-19 05:49:00,DN-05,2 September Street,Hai Chau,16.0481,108.223,motorbike,43.7,S,CAM-05-2
OBS-0001996,2026-01-14 22:45:00,DN-03,Nguyen Van Linh,Hai Chau,16.0595,108.2115,car,29.0,N,CAM-03-1
OBS-0001997,2026-02-11 07:11:00,DN-05,2 September Street,Hai Chau,16.0481,108.223,motorbike,23.3,E,CAM-05-1
OBS-0001998,2026-01-22 02:40:00,DN-04,Dien Bien Phu,Thanh Khe,16.0666,108.1912,motorbike,47.9,S,CAM-04-1
OBS-0001999,2026-02-22 15:42:00,DN-05,2 September Street,Hai Chau,16.0481,108.223,car,34.7,W,CAM-05-2
OBS-0002000,2026-03-28 13:42:00,DN-02,Han River Bridge,Hai Chau,16.0718,108.2268,motorbike,35.2,S,CAM-02-2
OBS-0002001,2026-02-02 20:15:00,DN-06,Ngo Quyen,Son Tra,16.0644,108.2358,car,41.7,S,CAM-06-2
OBS-0002002,2026-03-08 19:42:00,DN-02,Han River Bridge,Hai Chau,16.0718,108.2268,motorbike,27.6,E,CAM-02-1
OBS-0002003,2026-03-11 13:07:00,DN-06,Ngo Quyen,Son Tra,16.0644,108.2358,bus,42.8,S,CAM-06-2
OBS-0002004,2026-01-04 23:33:00,DN-04,Dien Bien Phu,Thanh Khe,16.0666,108.1912,car,24.7,E,CAM-04-2
OBS-0002005,2026-02-08 06:30:00,DN-06,Ngo Quyen,Son Tra,16.0644,108.2358,motorbike,44.9,E,CAM-06-3
OBS-0002006,2026-01-27 06:06:00,DN-03,Nguyen Van Linh,Hai Chau,16.0595,108.2115,motorbike,42.6,W,CAM-03-3
OBS-0002007,2026-01-19 03:26:00,DN-04,Dien Bien Phu,Thanh Khe,16.0666,108.1912,motorbike,38.0,E,CAM-04-1
OBS-0002008,2026-03-04 08:37:00,DN-02,Han River Bridge,Hai Chau,16.0718,108.2268,motorbike,34.2,E,CAM-02-2
OBS-0002009,2026-03-26 21:59:00,DN-04,Dien Bien Phu,Thanh Khe,16.0666,108.1912,car,43.1,E,CAM-04-2
OBS-0002010,2026-02-01 11:47:00,DN-02,Han River Bridge,Hai Chau,16.0718,108.2268,motorbike,33.8,E,CAM-02-1
OBS-0002011,2026-02-23 04:17:00,DN-05,2 September Street,Hai Chau,16.0481,108.223,motorbike,27.2,E,CAM-05-2
OBS-0002012,2026-02-17 12:42:00,DN-05,2 September Street,Hai Chau,16.0481,108.223,truck,36.5,S,CAM-05-2
OBS-0002013,2026-01-31 05:42:00,DN-04,Dien Bien Phu,Thanh Khe,16.0666,108.1912,truck,18.2,E,CAM-04-2
OBS-0002014,2026-01-19 06:06:00,DN-01,Dragon Bridge,Hai Chau,16.0611,108.2273,bus,39.7,S,CAM-01-1
OBS-0002015,2026-03-09 16:39:00,DN-04,Dien Bien Phu,Thanh Khe,16.0666,108.1912,motorbike,10.3,W,CAM-04-1
OBS-0002016,2026-03-07 20:03:00,DN-04,Dien Bien Phu,Thanh Khe,16.0666,108.1912,motorbike,36.6,E,CAM-04-2
OBS-0002017,2026-03-11 05:21:00,DN-06,Ngo Quyen,Son Tra,16.0644,108.2358,car,42.5,S,CAM-06-3
OBS-0002018,2026-03-18 09:42:00,DN-06,Ngo Quyen,Son Tra,16.0644,108.2358,car,39.6,E,CAM-06-2
OBS-0002019,2026-01-28 22:27:00,DN-05,2 September Street,Hai Chau,16.0481,108.223,car,33.3,W,CAM-05-1
OBS-0002020,2026-01-17 21:24:00,DN-05,2 September Street,Hai Chau,16.0481,108.223,car,37.5,N,CAM-05-1
OBS-0002021,2026-02-20 18:15:00,DN-06,Ngo Quyen,Son Tra,16.0644,108.2358,car,20.4,S,CAM-06-2
OBS-0002022,2026-01-23 19:29:00,DN-01,Dragon Bridge,Hai Chau,16.0611,108.2273,motorbike,20.2,N,CAM-01-1
OBS-0002023,2026-03-19 04:45:00,DN-04,Dien Bien Phu,Thanh Khe,16.0666,108.1912,car,40.7,S,CAM-04-1
OBS-0002024,2026-01-21 08:08:00,DN-01,Dragon Bridge,Hai Chau,16.0611,108.2273,car,26.2,N,CAM-01-3
OBS-0002025,2026-01-14 18:21:00,DN-02,Han River Bridge,Hai Chau,16.0718,108.2268,motorbike,24.6,E,CAM-02-1
OBS-0002026,2026-02-09 17:15:00,DN-06,Ngo Quyen,Son Tra,16.0644,108.2358,motorbike,34.3,E,CAM-06-1
OBS-0002027,2026-02-24 13:29:00,DN-04,Dien Bien Phu,Thanh Khe,16.0666,108.1912,car,47.2,W,CAM-04-3
OBS-0002028,2026-02-13 23:09:00,DN-05,2 September Street,Hai Chau,16.0481,108.223,car,31.7,E,CAM-05-3
OBS-0002029,2026-01-31 02:13:00,DN-06,Ngo Quyen,Son Tra,16.0644,108.2358,car,35.2,E,CAM-06-1
OBS-0002030,2026-03-28 06:55:00,DN-04,Dien Bien Phu,Thanh Khe,16.0666,108.1912,motorbike,27.0,W,CAM-04-3
OBS-0002031,2026-03-23 09:35:00,DN-05,2 September Street,Hai Chau,16.0481,108.223,car,16.8,N,CAM-05-3
OBS-0002032,2026-03-10 17:48:00,DN-04,Dien Bien Phu,Thanh Khe,16.0666,108.1912,motorbike,30.0,S,CAM-04-1
OBS-0002033,2026-03-05 10:53:00,DN-06,Ngo Quyen,Son Tra,16.0644,108.2358,motorbike,41.3,S,CAM-06-1
OBS-0002034,2026-02-17 09:12:00,DN-02,Han River Bridge,Hai Chau,16.0718,108.2268,motorbike,25.0,N,CAM-02-3
OBS-0002035,2026-03-18 12:11:00,DN-02,Han River Bridge,Hai Chau,16.0718,108.2268,bus,34.0,N,CAM-02-1
OBS-0002036,2026-01-03 15:26:00,DN-02,Han River Bridge,Hai Chau,16.0718,108.2268,motorbike,33.7,S,CAM-02-2
OBS-0002037,2026-03-08 16:09:00,DN-02,Han River Bridge,Hai Chau,16.0718,108.2268,motorbike,17.2,E,CAM-02-1
OBS-0002038,2026-01-14 19:14:00,DN-04,Dien Bien Phu,Thanh Khe,16.0666,108.1912,motorbike,19.9,W,CAM-04-2
OBS-0002039,2026-02-04 18:12:00,DN-03,Nguyen Van Linh,Hai Chau,16.0595,108.2115,motorbike,28.2,E,CAM-03-1
OBS-0002040,2026-03-02 06:47:00,DN-02,Han River Bridge,Hai Chau,16.0718,108.2268,motorbike,40.1,W,CAM-02-2
OBS-0002041,2026-02-01 21:08:00,DN-04,Dien Bien Phu,Thanh Khe,16.0666,108.1912,motorbike,30.6,W,CAM-04-1
OBS-0002042,2026-03-04 12:28:00,DN-05,2 September Street,Hai Chau,16.0481,108.223,car,33.6,E,CAM-05-2
OBS-0002043,2026-03-05 19:25:00,DN-04,Dien Bien Phu,Thanh Khe,16.0666,108.1912,motorbike,17.9,N,CAM-04-1
OBS-0002044,2026-03-02 11:50:00,DN-02,Han River Bridge,Hai Chau,16.0718,108.2268,car,35.4,W,CAM-02-3
OBS-0002045,2026-03-18 01:07:00,DN-02,Han River Bridge,Hai Chau,16.0718,108.2268,motorbike,43.0,E,CAM-02-2
OBS-0002046,2026-02-02 14:36:00,DN-06,Ngo Quyen,Son Tra,16.0644,108.2358,motorbike,39.8,N,CAM-06-2
OBS-0002047,2026-01-06 13:20:00,DN-04,Dien Bien Phu,Thanh Khe,16.0666,108.1912,car,36.9,E,CAM-04-2
OBS-0002048,2026-02-01 18:10:00,DN-03,Nguyen Van Linh,Hai Chau,16.0595,108.2115,car,20.1,E,CAM-03-2
OBS-0002049,2026-03-26 17:37:00,DN-05,2 September Street,Hai Chau,16.0481,108.223,motorbike,11.7,S,CAM-05-2
OBS-0002050,2026-02-22 17:28:00,DN-01,Dragon Bridge,Hai Chau,16.0611,108.2273,car,22.2,N,CAM-01-2
OBS-0002051,2026-01-26 00:27:00,DN-04,Dien Bien Phu,Thanh Khe,16.0666,108.1912,motorbike,43.4,W,CAM-04-3
OBS-0002052,2026-03-05 05:46:00,DN-04,Dien Bien Phu,Thanh Khe,16.0666,108.1912,motorbike,43.4,E,CAM-04-1
OBS-0002053,2026-02-16 22:29:00,DN-05,2 September Street,Hai Chau,16.0481,108.223,car,25.5,S,CAM-05-1
OBS-0002054,2026-01-15 07:57:00,DN-04,Dien Bien Phu,Thanh Khe,16.0666,108.1912,motorbike,13.7,S,CAM-04-1
OBS-0002055,2026-01-23 16:55:00,DN-03,Nguyen Van Linh,Hai Chau,16.0595,108.2115,motorbike,14.9,S,CAM-03-2
OBS-0002056,2026-03-25 12:52:00,DN-01,Dragon Bridge,Hai Chau,16.0611,108.2273,motorbike,39.2,W,CAM-01-1
OBS-0002057,2026-02-12 16:46:00,DN-06,Ngo Quyen,Son Tra,16.0644,108.2358,motorbike,20.4,E,CAM-06-2
OBS-0002058,2026-03-21 09:42:00,DN-02,Han River Bridge,Hai Chau,16.0718,108.2268,motorbike,16.1,N,CAM-02-2
OBS-0002059,2026-02-13 04:52:00,DN-03,Nguyen Van Linh,Hai Chau,16.0595,108.2115,car,39.8,W,CAM-03-2
OBS-0002060,2026-02-16 19:54:00,DN-02,Han River Bridge,Hai Chau,16.0718,108.2268,motorbike,21.4,E,CAM-02-3
OBS-0002061,2026-03-18 13:44:00,DN-02,Han River Bridge,Hai Chau,16.0718,108.2268,car,40.4,N,CAM-02-3
OBS-0002062,2026-03-18 23:38:00,DN-03,Nguyen Van Linh,Hai Chau,16.0595,108.2115,motorbike,42.4,N,CAM-03-2
OBS-0002063,2026-02-02 01:06:00,DN-01,Dragon Bridge,Hai Chau,16.0611,108.2273,car,43.1,E,CAM-01-3
OBS-0002064,2026-02-15 14:00:00,DN-06,Ngo Quyen,Son Tra,16.0644,108.2358,motorbike,49.4,N,CAM-06-2
OBS-0002065,2026-03-20 17:39:00,DN-05,2 September Street,Hai Chau,16.0481,108.223,motorbike,11.3,W,CAM-05-1
OBS-0002066,2026-03-02 22:56:00,DN-03,Nguyen Van Linh,Hai Chau,16.0595,108.2115,motorbike,30.1,E,CAM-03-1
OBS-0002067,2026-01-21 08:55:00,DN-06,Ngo Quyen,Son Tra,16.0644,108.2358,car,30.2,S,CAM-06-2
OBS-0002068,2026-02-17 06:59:00,DN-05,2 September Street,Hai Chau,16.0481,108.223,motorbike,47.1,S,CAM-05-3
OBS-0002069,2026-02-05 04:28:00,DN-01,Dragon Bridge,Hai Chau,16.0611,108.2273,car,44.1,E,CAM-01-1
OBS-0002070,2026-01-21 09:44:00,DN-02,Han River Bridge,Hai Chau,16.0718,108.2268,motorbike,15.7,E,CAM-02-2
OBS-0002071,2026-01-08 02:54:00,DN-04,Dien Bien Phu,Thanh Khe,16.0666,108.1912,motorbike,41.9,S,CAM-04-1
OBS-0002072,2026-01-12 04:45:00,DN-05,2 September Street,Hai Chau,16.0481,108.223,motorbike,45.1,W,CAM-05-2
OBS-0002073,2026-03-07 12:13:00,DN-05,2 September Street,Hai Chau,16.0481,108.223,car,30.6,W,CAM-05-3
OBS-0002074,2026-03-03 20:52:00,DN-05,2 September Street,Hai Chau,16.0481,108.223,motorbike,27.8,E,CAM-05-1
OBS-0002075,2026-01-04 15:51:00,DN-01,Dragon Bridge,Hai Chau,16.0611,108.2273,car,26.1,S,CAM-01-1
OBS-0002076,2026-02-14 08:03:00,DN-03,Nguyen Van Linh,Hai Chau,16.0595,108.2115,motorbike,20.2,N,CAM-03-3
OBS-0002077,2026-03-04 20:05:00,DN-01,Dragon Bridge,Hai Chau,16.0611,108.2273,motorbike,29.4,E,CAM-01-2
OBS-0002078,2026-02-10 11:26:00,DN-02,Han River Bridge,Hai Chau,16.0718,108.2268,bus,38.7,E,CAM-02-2
OBS-0002079,2026-03-02 03:41:00,DN-02,Han River Bridge,Hai Chau,16.0718,108.2268,car,39.4,E,CAM-02-2
OBS-0002080,2026-02-08 13:50:00,DN-01,Dragon Bridge,Hai Chau,16.0611,108.2273,motorbike,30.3,S,CAM-01-1
OBS-0002081,2026-03-21 14:19:00,DN-05,2 September Street,Hai Chau,16.0481,108.223,motorbike,30.6,E,CAM-05-2
OBS-0002082,2026-01-19 12:12:00,DN-04,Dien Bien Phu,Thanh Khe,16.0666,108.1912,car,40.3,E,CAM-04-3
OBS-0002083,2026-02-07 11:04:00,DN-02,Han River Bridge,Hai Chau,16.0718,108.2268,motorbike,31.9,E,CAM-02-1
OBS-0002084,2026-03-25 01:51:00,DN-06,Ngo Quyen,Son Tra,16.0644,108.2358,car,35.1,N,CAM-06-2
OBS-0002085,2026-02-06 09:05:00,DN-06,Ngo Quyen,Son Tra,16.0644,108.2358,motorbike,34.4,W,CAM-06-3
OBS-0002086,2026-02-10 11:40:00,DN-04,Dien Bien Phu,Thanh Khe,16.0666,108.1912,motorbike,32.0,S,CAM-04-1
OBS-0002087,2026-01-10 07:45:00,DN-01,Dragon Bridge,Hai Chau,16.0611,108.2273,motorbike,16.4,N,CAM-01-3
OBS-0002088,2026-01-13 00:06:00,DN-05,2 September Street,Hai Chau,16.0481,108.223,car,42.4,S,CAM-05-2
OBS-0002089,2026-01-10 01:11:00,DN-05,2 September Street,Hai Chau,16.0481,108.223,motorbike,25.1,S,CAM-05-1
OBS-0002090,2026-02-23 02:54:00,DN-01,Dragon Bridge,Hai Chau,16.0611,108.2273,motorbike,35.5,N,CAM-01-3
OBS-0002091,2026-03-25 18:49:00,DN-02,Han River Bridge,Hai Chau,16.0718,108.2268,motorbike,11.0,N,CAM-02-2
OBS-0002092,2026-02-27 22:08:00,DN-05,2 September Street,Hai Chau,16.0481,108.223,motorbike,37.2,E,CAM-05-3
OBS-0002093,2026-01-27 12:58:00,DN-02,Han River Bridge,Hai Chau,16.0718,108.2268,motorbike,45.2,E,CAM-02-2
OBS-0002094,2026-01-17 12:17:00,DN-06,Ngo Quyen,Son Tra,16.0644,108.2358,car,27.7,N,CAM-06-2
OBS-0002095,2026-01-26 11:49:00,DN-05,2 September Street,Hai Chau,16.0481,108.223,car,38.1,W,CAM-05-1
OBS-0002096,2026-01-05 22:27:00,DN-03,Nguyen Van Linh,Hai Chau,16.0595,108.2115,motorbike,47.2,N,CAM-03-3
OBS-0002097,2026-02-10 17:52:00,DN-01,Dragon Bridge,Hai Chau,16.0611,108.2273,motorbike,28.6,W,CAM-01-1
OBS-0002098,2026-01-16 02:16:00,DN-05,2 September Street,Hai Chau,16.0481,108.223,bus,35.0,E,CAM-05-2
OBS-0002099,2026-02-15 02:45:00,DN-01,Dragon Bridge,Hai Chau,16.0611,108.2273,motorbike,20.7,W,CAM-01-2
OBS-0002100,2026-01-02 23:27:00,DN-06,Ngo Quyen,Son Tra,16.0644,108.2358,car,47.7,W,CAM-06-1
OBS-0002101,2026-02-22 01:15:00,DN-02,Han River Bridge,Hai Chau,16.0718,108.2268,motorbike,33.7,S,CAM-02-2
OBS-0002102,2026-02-26 15:13:00,DN-06,Ngo Quyen,Son Tra,16.0644,108.2358,motorbike,29.8,N,CAM-06-2
OBS-0002103,2026-03-06 04:06:00,DN-04,Dien Bien Phu,Thanh Khe,16.0666,108.1912,car,36.0,E,CAM-04-3
OBS-0002104,2026-01-13 11:36:00,DN-03,Nguyen Van Linh,Hai Chau,16.0595,108.2115,car,31.9,W,CAM-03-2
OBS-0002105,2026-01-22 16:45:00,DN-01,Dragon Bridge,Hai Chau,16.0611,108.2273,car,17.7,W,CAM-01-3
OBS-0002106,2026-03-23 02:17:00,DN-06,Ngo Quyen,Son Tra,16.0644,108.2358,car,41.0,E,CAM-06-1
OBS-0002107,2026-01-25 00:37:00,DN-06,Ngo Quyen,Son Tra,16.0644,108.2358,motorbike,40.0,W,CAM-06-1
OBS-0002108,2026-01-24 12:47:00,DN-05,2 September Street,Hai Chau,16.0481,108.223,motorbike,31.6,E,CAM-05-2
OBS-0002109,2026-02-12 19:47:00,DN-01,Dragon Bridge,Hai Chau,16.0611,108.2273,car,7.5,W,CAM-01-3
OBS-0002110,2026-01-20 03:51:00,DN-01,Dragon Bridge,Hai Chau,16.0611,108.2273,car,32.3,E,CAM-01-3
OBS-0002111,2026-01-07 17:16:00,DN-03,Nguyen Van Linh,Hai Chau,16.0595,108.2115,motorbike,18.9,S,CAM-03-2
OBS-0002112,2026-03-16 07:22:00,DN-02,Han River Bridge,Hai Chau,16.0718,108.2268,car,31.0,W,CAM-02-2
OBS-0002113,2026-03-22 00:16:00,DN-03,Nguyen Van Linh,Hai Chau,16.0595,108.2115,car,29.6,E,CAM-03-2
OBS-0002114,2026-03-16 16:17:00,DN-02,Han River Bridge,Hai Chau,16.0718,108.2268,motorbike,22.8,E,CAM-02-1
OBS-0002115,2026-01-31 12:56:00,DN-02,Han River Bridge,Hai Chau,16.0718,108.2268,bus,27.4,N,CAM-02-3
OBS-0002116,2026-03-10 17:50:00,DN-03,Nguyen Van Linh,Hai Chau,16.0595,108.2115,truck,16.3,E,CAM-03-1
OBS-0002117,2026-02-10 07:11:00,DN-04,Dien Bien Phu,Thanh Khe,16.0666,108.1912,motorbike,25.7,E,CAM-04-1
OBS-0002118,2026-03-18 11:12:00,DN-03,Nguyen Van Linh,Hai Chau,16.0595,108.2115,motorbike,39.1,N,CAM-03-1
OBS-0002119,2026-01-18 14:05:00,DN-01,Dragon Bridge,Hai Chau,16.0611,108.2273,motorbike,43.2,W,CAM-01-1
OBS-0002120,2026-01-20 01:21:00,DN-04,Dien Bien Phu,Thanh Khe,16.0666,108.1912,car,45.0,W,CAM-04-3
OBS-0002121,2026-02-14 03:19:00,DN-06,Ngo Quyen,Son Tra,16.0644,108.2358,motorbike,16.5,W,CAM-06-1
OBS-0002122,2026-01-31 16:09:00,DN-06,Ngo Quyen,Son Tra,16.0644,108.2358,motorbike,17.4,W,CAM-06-1
OBS-0002123,2026-01-13 12:34:00,DN-02,Han River Bridge,Hai Chau,16.0718,108.2268,truck,39.7,W,CAM-02-1
OBS-0002124,2026-01-22 09:42:00,DN-01,Dragon Bridge,Hai Chau,16.0611,108.2273,motorbike,9.1,W,CAM-01-1
OBS-0002125,2026-03-21 14:25:00,DN-03,Nguyen Van Linh,Hai Chau,16.0595,108.2115,motorbike,27.4,E,CAM-03-2
OBS-0002126,2026-01-01 08:49:00,DN-06,Ngo Quyen,Son Tra,16.0644,108.2358,motorbike,37.0,S,CAM-06-1
OBS-0002127,2026-02-07 12:12:00,DN-04,Dien Bien Phu,Thanh Khe,16.0666,108.1912,motorbike,37.4,W,CAM-04-2
OBS-0002128,2026-02-09 00:16:00,DN-01,Dragon Bridge,Hai Chau,16.0611,108.2273,motorbike,40.1,E,CAM-01-1
OBS-0002129,2026-01-28 01:07:00,DN-01,Dragon Bridge,Hai Chau,16.0611,108.2273,car,43.9,N,CAM-01-2
OBS-0002130,2026-02-10 00:17:00,DN-06,Ngo Quyen,Son Tra,16.0644,108.2358,car,34.5,E,CAM-06-3
OBS-0002131,2026-01-30 17:27:00,DN-06,Ngo Quyen,Son Tra,16.0644,108.2358,motorbike,18.0,E,CAM-06-1
OBS-0002132,2026-01-10 08:16:00,DN-01,Dragon Bridge,Hai Chau,16.0611,108.2273,truck,11.0,N,CAM-01-2
OBS-0002133,2026-02-20 00:08:00,DN-03,Nguyen Van Linh,Hai Chau,16.0595,108.2115,motorbike,46.7,W,CAM-03-2
OBS-0002134,2026-02-04 22:43:00,DN-05,2 September Street,Hai Chau,16.0481,108.223,truck,33.5,N,CAM-05-3
OBS-0002135,2026-03-29 01:22:00,DN-06,Ngo Quyen,Son Tra,16.0644,108.2358,motorbike,33.2,N,CAM-06-3
OBS-0002136,2026-01-14 11:10:00,DN-03,Nguyen Van Linh,Hai Chau,16.0595,108.2115,car,34.4,E,CAM-03-1
OBS-0002137,2026-01-30 07:20:00,DN-01,Dragon Bridge,Hai Chau,16.0611,108.2273,car,22.9,N,CAM-01-3
OBS-0002138,2026-03-10 11:36:00,DN-04,Dien Bien Phu,Thanh Khe,16.0666,108.1912,motorbike,50.2,E,CAM-04-1
OBS-0002139,2026-01-25 04:54:00,DN-05,2 September Street,Hai Chau,16.0481,108.223,motorbike,39.2,S,CAM-05-2
OBS-0002140,2026-03-23 01:40:00,DN-03,Nguyen Van Linh,Hai Chau,16.0595,108.2115,car,36.4,S,CAM-03-3
OBS-0002141,2026-02-04 00:29:00,DN-02,Han River Bridge,Hai Chau,16.0718,108.2268,car,34.4,S,CAM-02-3
OBS-0002142,2026-03-25 01:35:00,DN-03,Nguyen Van Linh,Hai Chau,16.0595,108.2115,car,50.6,E,CAM-03-1
OBS-0002143,2026-02-13 06:13:00,DN-02,Han River Bridge,Hai Chau,16.0718,108.2268,car,35.6,W,CAM-02-3
OBS-0002144,2026-02-05 02:16:00,DN-06,Ngo Quyen,Son Tra,16.0644,108.2358,car,40.0,W,CAM-06-3
OBS-0002145,2026-03-13 00:46:00,DN-03,Nguyen Van Linh,Hai Chau,16.0595,108.2115,motorbike,34.4,W,CAM-03-3
OBS-0002146,2026-01-28 19:13:00,DN-02,Han River Bridge,Hai Chau,16.0718,108.2268,car,8.0,E,CAM-02-1
OBS-0002147,2026-03-10 20:00:00,DN-02,Han River Bridge,Hai Chau,16.0718,108.2268,motorbike,47.1,N,CAM-02-1
OBS-0002148,2026-03-05 05:59:00,DN-04,Dien Bien Phu,Thanh Khe,16.0666,108.1912,motorbike,41.5,W,CAM-04-1
OBS-0002149,2026-01-22 06:27:00,DN-04,Dien Bien Phu,Thanh Khe,16.0666,108.1912,motorbike,41.4,W,CAM-04-2
OBS-0002150,2026-01-08 11:52:00,DN-06,Ngo Quyen,Son Tra,16.0644,108.2358,car,31.9,W,CAM-06-1
OBS-0002151,2026-01-08 17:59:00,DN-05,2 September Street,Hai Chau,16.0481,108.223,motorbike,21.9,S,CAM-05-1
OBS-0002152,2026-01-22 02:19:00,DN-03,Nguyen Van Linh,Hai Chau,16.0595,108.2115,motorbike,38.6,S,CAM-03-1
OBS-0002153,2026-02-22 23:07:00,DN-04,Dien Bien Phu,Thanh Khe,16.0666,108.1912,motorbike,20.6,W,CAM-04-2
OBS-0002154,2026-03-02 16:22:00,DN-03,Nguyen Van Linh,Hai Chau,16.0595,108.2115,motorbike,7.0,S,CAM-03-3
OBS-0002155,2026-02-08 12:31:00,DN-03,Nguyen Van Linh,Hai Chau,16.0595,108.2115,motorbike,26.7,S,CAM-03-1
OBS-0002156,2026-03-23 10:18:00,DN-05,2 September Street,Hai Chau,16.0481,108.223,motorbike,36.2,W,CAM-05-2
OBS-0002157,2026-03-30 16:36:00,DN-05,2 September Street,Hai Chau,16.0481,108.223,bus,35.4,W,CAM-05-1
OBS-0002158,2026-01-19 07:57:00,DN-04,Dien Bien Phu,Thanh Khe,16.0666,108.1912,car,25.9,W,CAM-04-2
OBS-0002159,2026-02-09 09:56:00,DN-05,2 September Street,Hai Chau,16.0481,108.223,car,20.0,E,CAM-05-3
OBS-0002160,2026-03-27 03:48:00,DN-06,Ngo Quyen,Son Tra,16.0644,108.2358,motorbike,27.5,E,CAM-06-3
OBS-0002161,2026-03-25 08:57:00,DN-01,Dragon Bridge,Hai Chau,16.0611,108.2273,bus,16.9,E,CAM-01-1
OBS-0002162,2026-01-19 20:53:00,DN-02,Han River Bridge,Hai Chau,16.0718,108.2268,motorbike,42.1,W,CAM-02-1
OBS-0002163,2026-02-02 11:47:00,DN-04,Dien Bien Phu,Thanh Khe,16.0666,108.1912,motorbike,34.6,S,CAM-04-3
OBS-0002164,2026-03-24 08:37:00,DN-06,Ngo Quyen,Son Tra,16.0644,108.2358,motorbike,23.4,N,CAM-06-1
OBS-0002165,2026-01-07 20:11:00,DN-05,2 September Street,Hai Chau,16.0481,108.223,motorbike,45.9,N,CAM-05-2
OBS-0002166,2026-02-24 18:48:00,DN-05,2 September Street,Hai Chau,16.0481,108.223,motorbike,17.6,S,CAM-05-1
OBS-0002167,2026-03-28 14:24:00,DN-05,2 September Street,Hai Chau,16.0481,108.223,motorbike,31.2,N,CAM-05-1
OBS-0002168,2026-02-20 09:54:00,DN-03,Nguyen Van Linh,Hai Chau,16.0595,108.2115,motorbike,16.7,S,CAM-03-2
OBS-0002169,2026-02-14 12:30:00,DN-04,Dien Bien Phu,Thanh Khe,16.0666,108.1912,car,25.1,N,CAM-04-3
OBS-0002170,2026-02-07 05:53:00,DN-03,Nguyen Van Linh,Hai Chau,16.0595,108.2115,motorbike,27.9,E,CAM-03-1
OBS-0002171,2026-03-04 09:45:00,DN-03,Nguyen Van Linh,Hai Chau,16.0595,108.2115,motorbike,24.7,E,CAM-03-1
OBS-0002172,2026-03-28 14:55:00,DN-05,2 September Street,Hai Chau,16.0481,108.223,motorbike,42.4,W,CAM-05-3
OBS-0002173,2026-02-06 15:19:00,DN-03,Nguyen Van Linh,Hai Chau,16.0595,108.2115,motorbike,25.4,S,CAM-03-2
OBS-0002174,2026-03-24 20:33:00,DN-05,2 September Street,Hai Chau,16.0481,108.223,motorbike,31.7,N,CAM-05-1
OBS-0002175,2026-01-19 01:45:00,DN-03,Nguyen Van Linh,Hai Chau,16.0595,108.2115,motorbike,46.9,E,CAM-03-2
OBS-0002176,2026-02-23 02:08:00,DN-02,Han River Bridge,Hai Chau,16.0718,108.2268,motorbike,42.3,S,CAM-02-2
OBS-0002177,2026-01-19 06:43:00,DN-04,Dien Bien Phu,Thanh Khe,16.0666,108.1912,motorbike,36.3,S,CAM-04-1
OBS-0002178,2026-02-11 09:43:00,DN-05,2 September Street,Hai Chau,16.0481,108.223,motorbike,31.2,W,CAM-05-2
OBS-0002179,2026-03-11 12:22:00,DN-05,2 September Street,Hai Chau,16.0481,108.223,car,45.5,N,CAM-05-1
OBS-0002180,2026-02-18 19:14:00,DN-02,Han River Bridge,Hai Chau,16.0718,108.2268,motorbike,24.4,N,CAM-02-1
OBS-0002181,2026-03-31 07:50:00,DN-04,Dien Bien Phu,Thanh Khe,16.0666,108.1912,car,23.8,N,CAM-04-3
OBS-0002182,2026-02-26 10:17:00,DN-05,2 September Street,Hai Chau,16.0481,108.223,motorbike,39.3,W,CAM-05-1
OBS-0002183,2026-02-17 10:40:00,DN-04,Dien Bien Phu,Thanh Khe,16.0666,108.1912,car,38.3,N,CAM-04-3
OBS-0002184,2026-01-25 09:50:00,DN-04,Dien Bien Phu,Thanh Khe,16.0666,108.1912,motorbike,16.3,N,CAM-04-2
OBS-0002185,2026-03-27 16:38:00,DN-03,Nguyen Van Linh,Hai Chau,16.0595,108.2115,car,12.8,S,CAM-03-3
OBS-0002186,2026-01-19 05:20:00,DN-05,2 September Street,Hai Chau,16.0481,108.223,motorbike,34.2,E,CAM-05-3
OBS-0002187,2026-01-04 17:49:00,DN-04,Dien Bien Phu,Thanh Khe,16.0666,108.1912,motorbike,6.7,N,CAM-04-2
OBS-0002188,2026-02-28 06:14:00,DN-06,Ngo Quyen,Son Tra,16.0644,108.2358,car,44.8,W,CAM-06-3
OBS-0002189,2026-02-10 07:23:00,DN-01,Dragon Bridge,Hai Chau,16.0611,108.2273,motorbike,16.4,S,CAM-01-1
OBS-0002190,2026-02-05 16:08:00,DN-02,Han River Bridge,Hai Chau,16.0718,108.2268,motorbike,24.8,W,CAM-02-3
OBS-0002191,2026-02-28 23:54:00,DN-01,Dragon Bridge,Hai Chau,16.0611,108.2273,truck,22.8,E,CAM-01-3
OBS-0002192,2026-01-31 05:11:00,DN-04,Dien Bien Phu,Thanh Khe,16.0666,108.1912,motorbike,41.1,S,CAM-04-1
OBS-0002193,2026-02-08 04:59:00,DN-02,Han River Bridge,Hai Chau,16.0718,108.2268,car,29.8,N,CAM-02-2
OBS-0002194,2026-03-24 05:30:00,DN-05,2 September Street,Hai Chau,16.0481,108.223,truck,28.8,W,CAM-05-1
OBS-0002195,2026-02-16 12:35:00,DN-04,Dien Bien Phu,Thanh Khe,16.0666,108.1912,motorbike,33.2,E,CAM-04-2
OBS-0002196,2026-02-16 04:41:00,DN-01,Dragon Bridge,Hai Chau,16.0611,108.2273,car,33.2,E,CAM-01-2
OBS-0002197,2026-03-31 20:10:00,DN-02,Han River Bridge,Hai Chau,16.0718,108.2268,motorbike,35.0,E,CAM-02-2
OBS-0002198,2026-01-16 20:27:00,DN-06,Ngo Quyen,Son Tra,16.0644,108.2358,car,37.0,W,CAM-06-3
OBS-0002199,2026-01-10 20:36:00,DN-01,Dragon Bridge,Hai Chau,16.0611,108.2273,car,31.4,S,CAM-01-3
OBS-0002200,2026-02-25 12:15:00,DN-06,Ngo Quyen,Son Tra,16.0644,108.2358,motorbike,46.9,E,CAM-06-1
OBS-0002201,2026-03-15 15:33:00,DN-05,2 September Street,Hai Chau,16.0481,108.223,motorbike,37.1,W,CAM-05-3
OBS-0002202,2026-03-11 05:30:00,DN-05,2 September Street,Hai Chau,16.0481,108.223,motorbike,44.7,W,CAM-05-2
OBS-0002203,2026-03-05 01:14:00,DN-04,Dien Bien Phu,Thanh Khe,16.0666,108.1912,car,45.1,S,CAM-04-1
OBS-0002204,2026-01-17 16:09:00,DN-02,Han River Bridge,Hai Chau,16.0718,108.2268,motorbike,33.7,S,CAM-02-2
OBS-0002205,2026-01-03 18:14:00,DN-03,Nguyen Van Linh,Hai Chau,16.0595,108.2115,motorbike,33.4,W,CAM-03-2
OBS-0002206,2026-03-11 06:19:00,DN-02,Han River Bridge,Hai Chau,16.0718,108.2268,motorbike,39.1,S,CAM-02-3
OBS-0002207,2026-03-12 18:11:00,DN-02,Han River Bridge,Hai Chau,16.0718,108.2268,truck,19.5,W,CAM-02-3
OBS-0002208,2026-02-28 10:37:00,DN-01,Dragon Bridge,Hai Chau,16.0611,108.2273,car,43.9,E,CAM-01-1
OBS-0002209,2026-02-02 18:13:00,DN-05,2 September Street,Hai Chau,16.0481,108.223,car,25.2,N,CAM-05-3
OBS-0002210,2026-02-17 20:46:00,DN-06,Ngo Quyen,Son Tra,16.0644,108.2358,car,45.1,W,CAM-06-3
OBS-0002211,2026-01-01 05:06:00,DN-06,Ngo Quyen,Son Tra,16.0644,108.2358,motorbike,31.4,E,CAM-06-3
OBS-0002212,2026-03-31 13:13:00,DN-06,Ngo Quyen,Son Tra,16.0644,108.2358,motorbike,37.2,N,CAM-06-3
OBS-0002213,2026-03-02 00:06:00,DN-03,Nguyen Van Linh,Hai Chau,16.0595,108.2115,motorbike,45.4,N,CAM-03-3
OBS-0002214,2026-03-02 08:06:00,DN-01,Dragon Bridge,Hai Chau,16.0611,108.2273,motorbike,28.1,N,CAM-01-2
OBS-0002215,2026-01-22 04:51:00,DN-04,Dien Bien Phu,Thanh Khe,16.0666,108.1912,car,38.5,E,CAM-04-3
OBS-0002216,2026-02-05 20:29:00,DN-04,Dien Bien Phu,Thanh Khe,16.0666,108.1912,motorbike,36.8,W,CAM-04-2
OBS-0002217,2026-03-20 02:36:00,DN-04,Dien Bien Phu,Thanh Khe,16.0666,108.1912,motorbike,33.1,W,CAM-04-1
OBS-0002218,2026-03-28 16:32:00,DN-04,Dien Bien Phu,Thanh Khe,16.0666,108.1912,car,13.0,N,CAM-04-1
OBS-0002219,2026-03-07 15:26:00,DN-05,2 September Street,Hai Chau,16.0481,108.223,motorbike,34.3,N,CAM-05-2
OBS-0002220,2026-02-21 10:41:00,DN-01,Dragon Bridge,Hai Chau,16.0611,108.2273,motorbike,38.0,N,CAM-01-3
OBS-0002221,2026-02-05 10:20:00,DN-05,2 September Street,Hai Chau,16.0481,108.223,motorbike,34.6,N,CAM-05-2
OBS-0002222,2026-02-07 21:37:00,DN-03,Nguyen Van Linh,Hai Chau,16.0595,108.2115,motorbike,38.1,S,CAM-03-1
OBS-0002223,2026-01-12 06:17:00,DN-03,Nguyen Van Linh,Hai Chau,16.0595,108.2115,motorbike,33.9,W,CAM-03-1
OBS-0002224,2026-02-23 02:14:00,DN-04,Dien Bien Phu,Thanh Khe,16.0666,108.1912,truck,44.0,N,CAM-04-3
OBS-0002225,2026-01-10 00:42:00,DN-04,Dien Bien Phu,Thanh Khe,16.0666,108.1912,car,29.7,N,CAM-04-1
OBS-0002226,2026-01-30 08:38:00,DN-06,Ngo Quyen,Son Tra,16.0644,108.2358,car,15.5,S,CAM-06-3
OBS-0002227,2026-02-10 19:50:00,DN-03,Nguyen Van Linh,Hai Chau,16.0595,108.2115,bus,14.1,S,CAM-03-1
OBS-0002228,2026-02-06 17:50:00,DN-06,Ngo Quyen,Son Tra,16.0644,108.2358,car,32.2,N,CAM-06-1
OBS-0002229,2026-01-26 21:21:00,DN-02,Han River Bridge,Hai Chau,16.0718,108.2268,motorbike,55.8,W,CAM-02-3
OBS-0002230,2026-01-05 06:21:00,DN-06,Ngo Quyen,Son Tra,16.0644,108.2358,car,38.3,E,CAM-06-3
OBS-0002231,2026-02-12 11:49:00,DN-05,2 September Street,Hai Chau,16.0481,108.223,motorbike,41.7,W,CAM-05-1
OBS-0002232,2026-03-06 00:12:00,DN-04,Dien Bien Phu,Thanh Khe,16.0666,108.1912,motorbike,37.9,S,CAM-04-2
OBS-0002233,2026-03-28 08:16:00,DN-03,Nguyen Van Linh,Hai Chau,16.0595,108.2115,motorbike,25.5,W,CAM-03-3
OBS-0002234,2026-02-28 13:46:00,DN-03,Nguyen Van Linh,Hai Chau,16.0595,108.2115,motorbike,42.1,N,CAM-03-2
OBS-0002235,2026-01-23 17:40:00,DN-04,Dien Bien Phu,Thanh Khe,16.0666,108.1912,car,23.4,S,CAM-04-3
OBS-0002236,2026-02-19 02:08:00,DN-03,Nguyen Van Linh,Hai Chau,16.0595,108.2115,motorbike,43.7,W,CAM-03-2
OBS-0002237,2026-03-21 06:32:00,DN-01,Dragon Bridge,Hai Chau,16.0611,108.2273,motorbike,21.7,N,CAM-01-2
OBS-0002238,2026-01-20 09:09:00,DN-01,Dragon Bridge,Hai Chau,16.0611,108.2273,bus,15.3,E,CAM-01-3
OBS-0002239,2026-01-08 15:27:00,DN-04,Dien Bien Phu,Thanh Khe,16.0666,108.1912,car,32.1,S,CAM-04-1
OBS-0002240,2026-03-24 11:32:00,DN-06,Ngo Quyen,Son Tra,16.0644,108.2358,motorbike,25.9,S,CAM-06-1
OBS-0002241,2026-01-10 14:06:00,DN-02,Han River Bridge,Hai Chau,16.0718,108.2268,motorbike,42.0,W,CAM-02-3
OBS-0002242,2026-03-28 10:08:00,DN-06,Ngo Quyen,Son Tra,16.0644,108.2358,motorbike,40.1,N,CAM-06-1
OBS-0002243,2026-02-02 09:55:00,DN-04,Dien Bien Phu,Thanh Khe,16.0666,108.1912,motorbike,24.8,W,CAM-04-2
OBS-0002244,2026-02-18 19:19:00,DN-02,Han River Bridge,Hai Chau,16.0718,108.2268,motorbike,35.5,N,CAM-02-3
OBS-0002245,2026-01-30 13:58:00,DN-03,Nguyen Van Linh,Hai Chau,16.0595,108.2115,motorbike,40.5,E,CAM-03-1
OBS-0002246,2026-03-09 14:49:00,DN-03,Nguyen Van Linh,Hai Chau,16.0595,108.2115,car,39.9,E,CAM-03-1
OBS-0002247,2026-03-02 17:34:00,DN-03,Nguyen Van Linh,Hai Chau,16.0595,108.2115,motorbike,5.5,W,CAM-03-1
OBS-0002248,2026-02-15 02:22:00,DN-05,2 September Street,Hai Chau,16.0481,108.223,car,24.4,N,CAM-05-3
OBS-0002249,2026-02-08 15:12:00,DN-05,2 September Street,Hai Chau,16.0481,108.223,motorbike,28.7,E,CAM-05-3
OBS-0002250,2026-03-27 05:32:00,DN-01,Dragon Bridge,Hai Chau,16.0611,108.2273,motorbike,42.7,W,CAM-01-1
OBS-0002251,2026-01-07 03:10:00,DN-01,Dragon Bridge,Hai Chau,16.0611,108.2273,motorbike,39.0,W,CAM-01-2
OBS-0002252,2026-02-24 07:20:00,DN-02,Han River Bridge,Hai Chau,16.0718,108.2268,car,24.1,N,CAM-02-3
OBS-0002253,2026-03-10 07:31:00,DN-04,Dien Bien Phu,Thanh Khe,16.0666,108.1912,motorbike,17.5,W,CAM-04-3
OBS-0002254,2026-02-22 22:27:00,DN-02,Han River Bridge,Hai Chau,16.0718,108.2268,bus,39.5,S,CAM-02-1
OBS-0002255,2026-02-12 20:19:00,DN-01,Dragon Bridge,Hai Chau,16.0611,108.2273,motorbike,40.8,W,CAM-01-2
OBS-0002256,2026-02-23 01:40:00,DN-02,Han River Bridge,Hai Chau,16.0718,108.2268,motorbike,38.9,E,CAM-02-2
OBS-0002257,2026-03-15 04:43:00,DN-04,Dien Bien Phu,Thanh Khe,16.0666,108.1912,car,34.4,E,CAM-04-2
OBS-0002258,2026-03-28 04:52:00,DN-05,2 September Street,Hai Chau,16.0481,108.223,motorbike,43.3,W,CAM-05-1
OBS-0002259,2026-03-27 09:08:00,DN-05,2 September Street,Hai Chau,16.0481,108.223,motorbike,15.5,W,CAM-05-1
OBS-0002260,2026-03-08 15:10:00,DN-05,2 September Street,Hai Chau,16.0481,108.223,motorbike,41.1,S,CAM-05-1
OBS-0002261,2026-02-06 09:15:00,DN-06,Ngo Quyen,Son Tra,16.0644,108.2358,motorbike,21.9,N,CAM-06-2
OBS-0002262,2026-02-08 08:10:00,DN-04,Dien Bien Phu,Thanh Khe,16.0666,108.1912,bus,16.0,S,CAM-04-3
OBS-0002263,2026-01-10 05:32:00,DN-06,Ngo Quyen,Son Tra,16.0644,108.2358,car,41.6,S,CAM-06-1
OBS-0002264,2026-02-16 21:35:00,DN-06,Ngo Quyen,Son Tra,16.0644,108.2358,motorbike,43.7,N,CAM-06-1
OBS-0002265,2026-01-05 13:25:00,DN-01,Dragon Bridge,Hai Chau,16.0611,108.2273,motorbike,30.4,S,CAM-01-3
OBS-0002266,2026-02-06 04:49:00,DN-05,2 September Street,Hai Chau,16.0481,108.223,motorbike,34.2,S,CAM-05-2
OBS-0002267,2026-03-13 22:45:00,DN-03,Nguyen Van Linh,Hai Chau,16.0595,108.2115,car,22.6,E,CAM-03-2
OBS-0002268,2026-01-24 13:11:00,DN-06,Ngo Quyen,Son Tra,16.0644,108.2358,motorbike,43.0,W,CAM-06-3
OBS-0002269,2026-02-01 03:18:00,DN-05,2 September Street,Hai Chau,16.0481,108.223,car,30.4,N,CAM-05-2
OBS-0002270,2026-01-12 22:47:00,DN-04,Dien Bien Phu,Thanh Khe,16.0666,108.1912,motorbike,44.3,E,CAM-04-2
OBS-0002271,2026-01-28 21:59:00,DN-04,Dien Bien Phu,Thanh Khe,16.0666,108.1912,motorbike,35.1,W,CAM-04-1
OBS-0002272,2026-01-24 03:50:00,DN-03,Nguyen Van Linh,Hai Chau,16.0595,108.2115,bus,35.4,W,CAM-03-3
OBS-0002273,2026-02-21 18:13:00,DN-02,Han River Bridge,Hai Chau,16.0718,108.2268,bus,35.3,E,CAM-02-2
OBS-0002274,2026-02-05 06:32:00,DN-05,2 September Street,Hai Chau,16.0481,108.223,motorbike,46.0,W,CAM-05-1
OBS-0002275,2026-01-01 16:21:00,DN-02,Han River Bridge,Hai Chau,16.0718,108.2268,car,25.1,W,CAM-02-3
OBS-0002276,2026-01-08 17:33:00,DN-06,Ngo Quyen,Son Tra,16.0644,108.2358,car,16.8,S,CAM-06-2
OBS-0002277,2026-03-16 01:02:00,DN-02,Han River Bridge,Hai Chau,16.0718,108.2268,motorbike,38.7,S,CAM-02-3
OBS-0002278,2026-02-09 12:39:00,DN-03,Nguyen Van Linh,Hai Chau,16.0595,108.2115,truck,36.9,W,CAM-03-3
OBS-0002279,2026-01-25 11:25:00,DN-02,Han River Bridge,Hai Chau,16.0718,108.2268,car,33.6,W,CAM-02-1
OBS-0002280,2026-03-31 17:21:00,DN-02,Han River Bridge,Hai Chau,16.0718,108.2268,motorbike,30.9,S,CAM-02-2
OBS-0002281,2026-02-16 04:44:00,DN-03,Nguyen Van Linh,Hai Chau,16.0595,108.2115,motorbike,29.3,S,CAM-03-3
OBS-0002282,2026-01-30 02:27:00,DN-06,Ngo Quyen,Son Tra,16.0644,108.2358,motorbike,38.4,N,CAM-06-2
OBS-0002283,2026-01-29 14:35:00,DN-03,Nguyen Van Linh,Hai Chau,16.0595,108.2115,truck,32.1,S,CAM-03-1
OBS-0002284,2026-03-27 12:34:00,DN-01,Dragon Bridge,Hai Chau,16.0611,108.2273,motorbike,27.6,E,CAM-01-3
OBS-0002285,2026-03-12 19:18:00,DN-04,Dien Bien Phu,Thanh Khe,16.0666,108.1912,motorbike,28.6,S,CAM-04-1
OBS-0002286,2026-01-31 08:33:00,DN-01,Dragon Bridge,Hai Chau,16.0611,108.2273,motorbike,20.5,E,CAM-01-1
OBS-0002287,2026-01-27 15:49:00,DN-06,Ngo Quyen,Son Tra,16.0644,108.2358,motorbike,46.7,S,CAM-06-2
OBS-0002288,2026-03-29 20:58:00,DN-01,Dragon Bridge,Hai Chau,16.0611,108.2273,car,42.7,S,CAM-01-3
OBS-0002289,2026-02-22 20:12:00,DN-02,Han River Bridge,Hai Chau,16.0718,108.2268,bus,36.7,W,CAM-02-3
OBS-0002290,2026-01-25 01:08:00,DN-01,Dragon Bridge,Hai Chau,16.0611,108.2273,motorbike,29.2,S,CAM-01-1
OBS-0002291,2026-02-19 14:32:00,DN-03,Nguyen Van Linh,Hai Chau,16.0595,108.2115,car,33.2,N,CAM-03-1
OBS-0002292,2026-02-05 18:18:00,DN-04,Dien Bien Phu,Thanh Khe,16.0666,108.1912,car,32.5,N,CAM-04-3
OBS-0002293,2026-01-29 11:02:00,DN-01,Dragon Bridge,Hai Chau,16.0611,108.2273,motorbike,39.1,E,CAM-01-1
OBS-0002294,2026-01-29 00:11:00,DN-05,2 September Street,Hai Chau,16.0481,108.223,motorbike,40.1,N,CAM-05-1
OBS-0002295,2026-03-16 18:39:00,DN-02,Han River Bridge,Hai Chau,16.0718,108.2268,motorbike,23.9,W,CAM-02-2
OBS-0002296,2026-03-08 15:26:00,DN-04,Dien Bien Phu,Thanh Khe,16.0666,108.1912,car,34.5,W,CAM-04-3
OBS-0002297,2026-01-31 00:26:00,DN-06,Ngo Quyen,Son Tra,16.0644,108.2358,motorbike,34.0,N,CAM-06-3
OBS-0002298,2026-02-01 00:11:00,DN-06,Ngo Quyen,Son Tra,16.0644,108.2358,motorbike,37.6,S,CAM-06-1
OBS-0002299,2026-03-14 06:19:00,DN-01,Dragon Bridge,Hai Chau,16.0611,108.2273,motorbike,30.4,S,CAM-01-3
OBS-0002300,2026-02-01 02:55:00,DN-02,Han River Bridge,Hai Chau,16.0718,108.2268,motorbike,27.7,N,CAM-02-2
OBS-0002301,2026-03-04 09:54:00,DN-02,Han River Bridge,Hai Chau,16.0718,108.2268,car,28.9,N,CAM-02-1
OBS-0002302,2026-01-22 16:51:00,DN-05,2 September Street,Hai Chau,16.0481,108.223,car,18.5,N,CAM-05-2
OBS-0002303,2026-03-22 19:02:00,DN-02,Han River Bridge,Hai Chau,16.0718,108.2268,motorbike,16.8,S,CAM-02-1
OBS-0002304,2026-03-24 00:25:00,DN-02,Han River Bridge,Hai Chau,16.0718,108.2268,car,45.3,S,CAM-02-1
OBS-0002305,2026-01-20 09:30:00,DN-04,Dien Bien Phu,Thanh Khe,16.0666,108.1912,car,15.6,E,CAM-04-2
OBS-0002306,2026-01-20 13:24:00,DN-05,2 September Street,Hai Chau,16.0481,108.223,motorbike,34.6,E,CAM-05-3
OBS-0002307,2026-03-17 08:50:00,DN-04,Dien Bien Phu,Thanh Khe,16.0666,108.1912,truck,17.8,S,CAM-04-2
OBS-0002308,2026-01-15 23:41:00,DN-03,Nguyen Van Linh,Hai Chau,16.0595,108.2115,motorbike,35.3,S,CAM-03-3
OBS-0002309,2026-03-12 12:53:00,DN-03,Nguyen Van Linh,Hai Chau,16.0595,108.2115,motorbike,28.5,N,CAM-03-3
OBS-0002310,2026-03-05 07:29:00,DN-05,2 September Street,Hai Chau,16.0481,108.223,motorbike,27.3,E,CAM-05-2
OBS-0002311,2026-03-31 06:52:00,DN-03,Nguyen Van Linh,Hai Chau,16.0595,108.2115,car,39.4,N,CAM-03-2
OBS-0002312,2026-02-11 07:47:00,DN-04,Dien Bien Phu,Thanh Khe,16.0666,108.1912,car,19.1,S,CAM-04-3
OBS-0002313,2026-02-01 20:23:00,DN-03,Nguyen Van Linh,Hai Chau,16.0595,108.2115,motorbike,45.3,E,CAM-03-3
OBS-0002314,2026-01-07 07:58:00,DN-04,Dien Bien Phu,Thanh Khe,16.0666,108.1912,motorbike,20.9,N,CAM-04-1
OBS-0002315,2026-02-23 11:46:00,DN-04,Dien Bien Phu,Thanh Khe,16.0666,108.1912,car,46.2,N,CAM-04-3
OBS-0002316,2026-03-04 00:49:00,DN-03,Nguyen Van Linh,Hai Chau,16.0595,108.2115,car,27.1,N,CAM-03-2
OBS-0002317,2026-03-11 03:12:00,DN-03,Nguyen Van Linh,Hai Chau,16.0595,108.2115,bus,31.7,E,CAM-03-3
OBS-0002318,2026-02-07 23:18:00,DN-02,Han River Bridge,Hai Chau,16.0718,108.2268,motorbike,41.1,N,CAM-02-2
OBS-0002319,2026-01-15 10:39:00,DN-01,Dragon Bridge,Hai Chau,16.0611,108.2273,motorbike,39.1,S,CAM-01-2
OBS-0002320,2026-01-13 08:12:00,DN-02,Han River Bridge,Hai Chau,16.0718,108.2268,truck,40.3,S,CAM-02-2
OBS-0002321,2026-01-14 10:16:00,DN-03,Nguyen Van Linh,Hai Chau,16.0595,108.2115,motorbike,40.6,W,CAM-03-2
OBS-0002322,2026-01-01 17:08:00,DN-04,Dien Bien Phu,Thanh Khe,16.0666,108.1912,motorbike,16.2,E,CAM-04-2
OBS-0002323,2026-03-01 11:55:00,DN-04,Dien Bien Phu,Thanh Khe,16.0666,108.1912,motorbike,32.2,E,CAM-04-3
OBS-0002324,2026-03-08 12:00:00,DN-04,Dien Bien Phu,Thanh Khe,16.0666,108.1912,motorbike,31.8,S,CAM-04-2
OBS-0002325,2026-03-18 06:25:00,DN-03,Nguyen Van Linh,Hai Chau,16.0595,108.2115,car,38.4,S,CAM-03-2
OBS-0002326,2026-02-13 22:06:00,DN-01,Dragon Bridge,Hai Chau,16.0611,108.2273,motorbike,30.7,N,CAM-01-3
OBS-0002327,2026-03-27 03:47:00,DN-02,Han River Bridge,Hai Chau,16.0718,108.2268,motorbike,38.0,N,CAM-02-3
OBS-0002328,2026-01-11 22:05:00,DN-05,2 September Street,Hai Chau,16.0481,108.223,motorbike,50.8,N,CAM-05-1
OBS-0002329,2026-03-30 04:28:00,DN-03,Nguyen Van Linh,Hai Chau,16.0595,108.2115,car,36.6,E,CAM-03-1
OBS-0002330,2026-03-02 13:57:00,DN-04,Dien Bien Phu,Thanh Khe,16.0666,108.1912,car,41.4,W,CAM-04-1
OBS-0002331,2026-03-06 21:52:00,DN-06,Ngo Quyen,Son Tra,16.0644,108.2358,motorbike,35.3,N,CAM-06-2
OBS-0002332,2026-01-07 18:11:00,DN-02,Han River Bridge,Hai Chau,16.0718,108.2268,car,25.3,W,CAM-02-3
OBS-0002333,2026-01-02 21:06:00,DN-01,Dragon Bridge,Hai Chau,16.0611,108.2273,car,35.3,N,CAM-01-2
OBS-0002334,2026-02-05 13:30:00,DN-04,Dien Bien Phu,Thanh Khe,16.0666,108.1912,car,43.7,W,CAM-04-3
OBS-0002335,2026-02-28 23:26:00,DN-01,Dragon Bridge,Hai Chau,16.0611,108.2273,motorbike,39.1,S,CAM-01-1
OBS-0002336,2026-02-14 17:57:00,DN-05,2 September Street,Hai Chau,16.0481,108.223,motorbike,20.5,E,CAM-05-1
OBS-0002337,2026-03-26 15:12:00,DN-02,Han River Bridge,Hai Chau,16.0718,108.2268,motorbike,37.0,E,CAM-02-2
OBS-0002338,2026-02-12 21:33:00,DN-02,Han River Bridge,Hai Chau,16.0718,108.2268,motorbike,35.5,S,CAM-02-1
OBS-0002339,2026-02-14 13:02:00,DN-05,2 September Street,Hai Chau,16.0481,108.223,motorbike,32.9,S,CAM-05-1
OBS-0002340,2026-01-05 12:41:00,DN-06,Ngo Quyen,Son Tra,16.0644,108.2358,motorbike,41.0,E,CAM-06-1
OBS-0002341,2026-02-20 04:14:00,DN-03,Nguyen Van Linh,Hai Chau,16.0595,108.2115,motorbike,19.7,S,CAM-03-2
OBS-0002342,2026-03-22 11:44:00,DN-03,Nguyen Van Linh,Hai Chau,16.0595,108.2115,motorbike,33.5,W,CAM-03-3
OBS-0002343,2026-01-02 18:43:00,DN-05,2 September Street,Hai Chau,16.0481,108.223,motorbike,25.5,E,CAM-05-3
OBS-0002344,2026-01-15 03:28:00,DN-02,Han River Bridge,Hai Chau,16.0718,108.2268,car,37.4,N,CAM-02-3
OBS-0002345,2026-03-16 22:03:00,DN-03,Nguyen Van Linh,Hai Chau,16.0595,108.2115,motorbike,47.5,N,CAM-03-3
OBS-0002346,2026-03-25 22:31:00,DN-01,Dragon Bridge,Hai Chau,16.0611,108.2273,motorbike,36.8,N,CAM-01-2
OBS-0002347,2026-03-15 10:06:00,DN-05,2 September Street,Hai Chau,16.0481,108.223,motorbike,27.6,N,CAM-05-1
OBS-0002348,2026-01-04 12:25:00,DN-06,Ngo Quyen,Son Tra,16.0644,108.2358,truck,27.6,W,CAM-06-2
OBS-0002349,2026-02-20 15:18:00,DN-06,Ngo Quyen,Son Tra,16.0644,108.2358,bus,49.7,E,CAM-06-1
OBS-0002350,2026-02-28 08:19:00,DN-01,Dragon Bridge,Hai Chau,16.0611,108.2273,motorbike,18.1,E,CAM-01-1
OBS-0002351,2026-03-31 03:16:00,DN-04,Dien Bien Phu,Thanh Khe,16.0666,108.1912,motorbike,42.1,S,CAM-04-2
OBS-0002352,2026-01-12 09:09:00,DN-04,Dien Bien Phu,Thanh Khe,16.0666,108.1912,motorbike,22.0,N,CAM-04-1
OBS-0002353,2026-01-07 10:52:00,DN-04,Dien Bien Phu,Thanh Khe,16.0666,108.1912,motorbike,35.2,E,CAM-04-2
OBS-0002354,2026-01-16 20:33:00,DN-01,Dragon Bridge,Hai Chau,16.0611,108.2273,car,38.2,S,CAM-01-2
OBS-0002355,2026-03-07 23:28:00,DN-02,Han River Bridge,Hai Chau,16.0718,108.2268,motorbike,28.5,W,CAM-02-1
OBS-0002356,2026-01-01 18:20:00,DN-03,Nguyen Van Linh,Hai Chau,16.0595,108.2115,car,5.1,N,CAM-03-1
OBS-0002357,2026-01-14 00:28:00,DN-05,2 September Street,Hai Chau,16.0481,108.223,truck,31.9,E,CAM-05-3
OBS-0002358,2026-02-13 09:22:00,DN-06,Ngo Quyen,Son Tra,16.0644,108.2358,car,19.6,S,CAM-06-2
OBS-0002359,2026-03-15 07:42:00,DN-05,2 September Street,Hai Chau,16.0481,108.223,motorbike,18.3,E,CAM-05-1
OBS-0002360,2026-02-04 07:26:00,DN-03,Nguyen Van Linh,Hai Chau,16.0595,108.2115,truck,15.5,E,CAM-03-2
OBS-0002361,2026-02-06 12:09:00,DN-02,Han River Bridge,Hai Chau,16.0718,108.2268,motorbike,28.3,N,CAM-02-3
OBS-0002362,2026-03-04 00:39:00,DN-02,Han River Bridge,Hai Chau,16.0718,108.2268,car,39.2,E,CAM-02-1
OBS-0002363,2026-01-13 13:10:00,DN-04,Dien Bien Phu,Thanh Khe,16.0666,108.1912,motorbike,35.9,N,CAM-04-2
OBS-0002364,2026-03-04 14:28:00,DN-04,Dien Bien Phu,Thanh Khe,16.0666,108.1912,motorbike,28.3,E,CAM-04-2
OBS-0002365,2026-03-04 23:53:00,DN-06,Ngo Quyen,Son Tra,16.0644,108.2358,truck,42.7,S,CAM-06-3
OBS-0002366,2026-01-26 13:52:00,DN-05,2 September Street,Hai Chau,16.0481,108.223,car,35.9,W,CAM-05-1
OBS-0002367,2026-01-01 07:31:00,DN-06,Ngo Quyen,Son Tra,16.0644,108.2358,motorbike,28.9,E,CAM-06-2
OBS-0002368,2026-03-17 02:19:00,DN-03,Nguyen Van Linh,Hai Chau,16.0595,108.2115,car,34.2,W,CAM-03-3
OBS-0002369,2026-03-11 05:24:00,DN-02,Han River Bridge,Hai Chau,16.0718,108.2268,car,42.4,W,CAM-02-3
OBS-0002370,2026-03-05 05:21:00,DN-02,Han River Bridge,Hai Chau,16.0718,108.2268,motorbike,49.1,E,CAM-02-2
OBS-0002371,2026-03-15 01:01:00,DN-01,Dragon Bridge,Hai Chau,16.0611,108.2273,car,32.5,S,CAM-01-3
OBS-0002372,2026-02-28 01:15:00,DN-01,Dragon Bridge,Hai Chau,16.0611,108.2273,bus,46.7,N,CAM-01-2
OBS-0002373,2026-02-07 03:51:00,DN-03,Nguyen Van Linh,Hai Chau,16.0595,108.2115,motorbike,24.1,E,CAM-03-1
OBS-0002374,2026-03-06 09:56:00,DN-05,2 September Street,Hai Chau,16.0481,108.223,motorbike,22.3,E,CAM-05-1
OBS-0002375,2026-01-08 02:50:00,DN-04,Dien Bien Phu,Thanh Khe,16.0666,108.1912,car,33.5,S,CAM-04-3
OBS-0002376,2026-02-02 09:04:00,DN-05,2 September Street,Hai Chau,16.0481,108.223,motorbike,20.3,W,CAM-05-1
OBS-0002377,2026-01-17 13:08:00,DN-03,Nguyen Van Linh,Hai Chau,16.0595,108.2115,car,44.6,W,CAM-03-1
OBS-0002378,2026-03-23 20:19:00,DN-06,Ngo Quyen,Son Tra,16.0644,108.2358,car,38.9,E,CAM-06-2
OBS-0002379,2026-03-28 22:02:00,DN-02,Han River Bridge,Hai Chau,16.0718,108.2268,truck,30.6,N,CAM-02-2
OBS-0002380,2026-01-05 13:25:00,DN-02,Han River Bridge,Hai Chau,16.0718,108.2268,car,40.7,N,CAM-02-3
OBS-0002381,2026-02-10 20:50:00,DN-06,Ngo Quyen,Son Tra,16.0644,108.2358,motorbike,27.3,N,CAM-06-1
OBS-0002382,2026-02-12 00:22:00,DN-06,Ngo Quyen,Son Tra,16.0644,108.2358,motorbike,39.0,E,CAM-06-2
OBS-0002383,2026-01-30 17:25:00,DN-05,2 September Street,Hai Chau,16.0481,108.223,motorbike,25.1,S,CAM-05-2
OBS-0002384,2026-03-27 18:06:00,DN-04,Dien Bien Phu,Thanh Khe,16.0666,108.1912,car,19.4,S,CAM-04-2
OBS-0002385,2026-03-25 11:31:00,DN-03,Nguyen Van Linh,Hai Chau,16.0595,108.2115,motorbike,43.2,N,CAM-03-2
OBS-0002386,2026-01-07 04:16:00,DN-03,Nguyen Van Linh,Hai Chau,16.0595,108.2115,motorbike,34.4,S,CAM-03-1
OBS-0002387,2026-01-03 18:09:00,DN-01,Dragon Bridge,Hai Chau,16.0611,108.2273,car,12.0,N,CAM-01-2
OBS-0002388,2026-01-05 01:43:00,DN-02,Han River Bridge,Hai Chau,16.0718,108.2268,car,42.9,N,CAM-02-3
OBS-0002389,2026-02-20 03:06:00,DN-01,Dragon Bridge,Hai Chau,16.0611,108.2273,motorbike,35.4,E,CAM-01-2
OBS-0002390,2026-02-21 11:07:00,DN-03,Nguyen Van Linh,Hai Chau,16.0595,108.2115,truck,33.0,W,CAM-03-3
OBS-0002391,2026-03-04 07:28:00,DN-01,Dragon Bridge,Hai Chau,16.0611,108.2273,car,21.4,W,CAM-01-1
OBS-0002392,2026-01-19 05:27:00,DN-03,Nguyen Van Linh,Hai Chau,16.0595,108.2115,truck,46.2,N,CAM-03-2
OBS-0002393,2026-03-31 06:38:00,DN-05,2 September Street,Hai Chau,16.0481,108.223,motorbike,26.2,N,CAM-05-2
OBS-0002394,2026-01-05 11:51:00,DN-04,Dien Bien Phu,Thanh Khe,16.0666,108.1912,car,44.2,W,CAM-04-1
OBS-0002395,2026-02-19 06:43:00,DN-05,2 September Street,Hai Chau,16.0481,108.223,motorbike,38.9,N,CAM-05-3
OBS-0002396,2026-03-06 21:41:00,DN-01,Dragon Bridge,Hai Chau,16.0611,108.2273,car,29.5,E,CAM-01-3
OBS-0002397,2026-03-10 05:04:00,DN-05,2 September Street,Hai Chau,16.0481,108.223,motorbike,33.4,E,CAM-05-3
OBS-0002398,2026-02-03 18:13:00,DN-05,2 September Street,Hai Chau,16.0481,108.223,motorbike,23.0,N,CAM-05-2
OBS-0002399,2026-01-21 00:58:00,DN-06,Ngo Quyen,Son Tra,16.0644,108.2358,motorbike,43.2,N,CAM-06-2
OBS-0002400,2026-02-08 15:28:00,DN-04,Dien Bien Phu,Thanh Khe,16.0666,108.1912,motorbike,39.0,N,CAM-04-2
OBS-0002401,2026-02-27 16:19:00,DN-01,Dragon Bridge,Hai Chau,16.0611,108.2273,motorbike,24.1,E,CAM-01-3
OBS-0002402,2026-03-19 09:31:00,DN-01,Dragon Bridge,Hai Chau,16.0611,108.2273,motorbike,31.1,W,CAM-01-2
OBS-0002403,2026-03-02 07:49:00,DN-04,Dien Bien Phu,Thanh Khe,16.0666,108.1912,motorbike,24.2,S,CAM-04-1
OBS-0002404,2026-03-09 11:31:00,DN-04,Dien Bien Phu,Thanh Khe,16.0666,108.1912,car,37.8,W,CAM-04-2
OBS-0002405,2026-03-12 13:08:00,DN-06,Ngo Quyen,Son Tra,16.0644,108.2358,motorbike,35.6,S,CAM-06-1
OBS-0002406,2026-01-29 17:03:00,DN-06,Ngo Quyen,Son Tra,16.0644,108.2358,motorbike,31.1,S,CAM-06-1
OBS-0002407,2026-01-26 22:01:00,DN-05,2 September Street,Hai Chau,16.0481,108.223,car,48.2,N,CAM-05-2
OBS-0002408,2026-02-25 01:43:00,DN-06,Ngo Quyen,Son Tra,16.0644,108.2358,motorbike,57.0,N,CAM-06-2
OBS-0002409,2026-01-04 09:00:00,DN-03,Nguyen Van Linh,Hai Chau,16.0595,108.2115,car,25.6,W,CAM-03-2
OBS-0002410,2026-01-25 00:28:00,DN-05,2 September Street,Hai Chau,16.0481,108.223,car,36.0,W,CAM-05-2
OBS-0002411,2026-03-13 05:54:00,DN-04,Dien Bien Phu,Thanh Khe,16.0666,108.1912,car,32.8,S,CAM-04-1
OBS-0002412,2026-03-19 20:29:00,DN-03,Nguyen Van Linh,Hai Chau,16.0595,108.2115,motorbike,31.4,S,CAM-03-3
OBS-0002413,2026-03-08 01:31:00,DN-01,Dragon Bridge,Hai Chau,16.0611,108.2273,motorbike,52.0,N,CAM-01-1
OBS-0002414,2026-02-03 23:25:00,DN-02,Han River Bridge,Hai Chau,16.0718,108.2268,car,33.7,N,CAM-02-3
OBS-0002415,2026-02-15 14:16:00,DN-02,Han River Bridge,Hai Chau,16.0718,108.2268,motorbike,25.3,N,CAM-02-2
OBS-0002416,2026-02-23 21:48:00,DN-01,Dragon Bridge,Hai Chau,16.0611,108.2273,motorbike,38.7,S,CAM-01-1
OBS-0002417,2026-01-31 23:30:00,DN-03,Nguyen Van Linh,Hai Chau,16.0595,108.2115,car,35.2,E,CAM-03-2
OBS-0002418,2026-03-10 18:39:00,DN-05,2 September Street,Hai Chau,16.0481,108.223,car,28.3,S,CAM-05-1
OBS-0002419,2026-02-19 11:39:00,DN-05,2 September Street,Hai Chau,16.0481,108.223,car,29.2,S,CAM-05-2
OBS-0002420,2026-02-26 22:36:00,DN-04,Dien Bien Phu,Thanh Khe,16.0666,108.1912,truck,26.6,S,CAM-04-3
OBS-0002421,2026-01-17 19:45:00,DN-05,2 September Street,Hai Chau,16.0481,108.223,motorbike,32.3,N,CAM-05-1
OBS-0002422,2026-03-19 22:11:00,DN-03,Nguyen Van Linh,Hai Chau,16.0595,108.2115,car,30.9,S,CAM-03-2
OBS-0002423,2026-03-14 17:03:00,DN-02,Han River Bridge,Hai Chau,16.0718,108.2268,motorbike,19.8,W,CAM-02-2
OBS-0002424,2026-03-20 22:29:00,DN-04,Dien Bien Phu,Thanh Khe,16.0666,108.1912,motorbike,40.1,S,CAM-04-2
OBS-0002425,2026-03-26 19:58:00,DN-02,Han River Bridge,Hai Chau,16.0718,108.2268,motorbike,30.9,S,CAM-02-1
OBS-0002426,2026-01-17 20:31:00,DN-03,Nguyen Van Linh,Hai Chau,16.0595,108.2115,motorbike,27.7,W,CAM-03-1
OBS-0002427,2026-01-09 22:47:00,DN-04,Dien Bien Phu,Thanh Khe,16.0666,108.1912,car,21.6,E,CAM-04-1
OBS-0002428,2026-03-30 06:15:00,DN-03,Nguyen Van Linh,Hai Chau,16.0595,108.2115,motorbike,24.6,W,CAM-03-1
OBS-0002429,2026-01-15 16:38:00,DN-05,2 September Street,Hai Chau,16.0481,108.223,motorbike,16.1,E,CAM-05-3
OBS-0002430,2026-01-30 00:23:00,DN-03,Nguyen Van Linh,Hai Chau,16.0595,108.2115,car,27.3,W,CAM-03-1
OBS-0002431,2026-02-16 00:47:00,DN-03,Nguyen Van Linh,Hai Chau,16.0595,108.2115,motorbike,29.8,E,CAM-03-1
OBS-0002432,2026-01-31 22:53:00,DN-04,Dien Bien Phu,Thanh Khe,16.0666,108.1912,car,34.3,S,CAM-04-3
OBS-0002433,2026-02-01 17:27:00,DN-05,2 September Street,Hai Chau,16.0481,108.223,motorbike,6.3,E,CAM-05-1
OBS-0002434,2026-01-20 14:09:00,DN-01,Dragon Bridge,Hai Chau,16.0611,108.2273,motorbike,37.9,S,CAM-01-1
OBS-0002435,2026-02-20 13:57:00,DN-03,Nguyen Van Linh,Hai Chau,16.0595,108.2115,car,28.2,N,CAM-03-3
OBS-0002436,2026-02-11 17:18:00,DN-03,Nguyen Van Linh,Hai Chau,16.0595,108.2115,motorbike,30.4,W,CAM-03-2
OBS-0002437,2026-01-16 18:42:00,DN-01,Dragon Bridge,Hai Chau,16.0611,108.2273,motorbike,10.5,E,CAM-01-1
OBS-0002438,2026-02-09 12:22:00,DN-04,Dien Bien Phu,Thanh Khe,16.0666,108.1912,motorbike,27.3,W,CAM-04-2
OBS-0002439,2026-03-16 14:23:00,DN-01,Dragon Bridge,Hai Chau,16.0611,108.2273,motorbike,37.3,S,CAM-01-2
OBS-0002440,2026-03-31 17:24:00,DN-03,Nguyen Van Linh,Hai Chau,16.0595,108.2115,motorbike,6.0,E,CAM-03-1
OBS-0002441,2026-02-23 14:00:00,DN-02,Han River Bridge,Hai Chau,16.0718,108.2268,car,40.8,W,CAM-02-3
OBS-0002442,2026-03-22 03:19:00,DN-03,Nguyen Van Linh,Hai Chau,16.0595,108.2115,bus,35.6,W,CAM-03-2
OBS-0002443,2026-01-12 23:37:00,DN-06,Ngo Quyen,Son Tra,16.0644,108.2358,motorbike,34.1,S,CAM-06-3
OBS-0002444,2026-03-19 15:22:00,DN-03,Nguyen Van Linh,Hai Chau,16.0595,108.2115,motorbike,31.4,N,CAM-03-2
OBS-0002445,2026-02-15 01:45:00,DN-06,Ngo Quyen,Son Tra,16.0644,108.2358,motorbike,34.2,W,CAM-06-2
OBS-0002446,2026-01-27 16:16:00,DN-06,Ngo Quyen,Son Tra,16.0644,108.2358,motorbike,23.2,W,CAM-06-3
OBS-0002447,2026-01-18 11:33:00,DN-02,Han River Bridge,Hai Chau,16.0718,108.2268,car,33.3,S,CAM-02-2
OBS-0002448,2026-01-10 06:10:00,DN-02,Han River Bridge,Hai Chau,16.0718,108.2268,motorbike,46.9,E,CAM-02-3
OBS-0002449,2026-02-27 12:04:00,DN-02,Han River Bridge,Hai Chau,16.0718,108.2268,bus,35.8,E,CAM-02-1
OBS-0002450,2026-03-11 02:53:00,DN-03,Nguyen Van Linh,Hai Chau,16.0595,108.2115,truck,33.4,N,CAM-03-2
OBS-0002451,2026-02-26 12:00:00,DN-04,Dien Bien Phu,Thanh Khe,16.0666,108.1912,motorbike,37.3,S,CAM-04-1
OBS-0002452,2026-01-16 14:34:00,DN-04,Dien Bien Phu,Thanh Khe,16.0666,108.1912,truck,27.1,N,CAM-04-3
OBS-0002453,2026-02-25 09:37:00,DN-01,Dragon Bridge,Hai Chau,16.0611,108.2273,motorbike,11.6,E,CAM-01-3
OBS-0002454,2026-02-24 20:22:00,DN-03,Nguyen Van Linh,Hai Chau,16.0595,108.2115,motorbike,57.0,E,CAM-03-3
OBS-0002455,2026-02-16 13:26:00,DN-02,Han River Bridge,Hai Chau,16.0718,108.2268,car,36.4,W,CAM-02-1
OBS-0002456,2026-01-09 11:20:00,DN-06,Ngo Quyen,Son Tra,16.0644,108.2358,motorbike,40.2,S,CAM-06-3
OBS-0002457,2026-01-26 07:49:00,DN-05,2 September Street,Hai Chau,16.0481,108.223,motorbike,20.0,S,CAM-05-1
OBS-0002458,2026-01-07 21:35:00,DN-06,Ngo Quyen,Son Tra,16.0644,108.2358,motorbike,44.3,S,CAM-06-1
OBS-0002459,2026-02-20 12:14:00,DN-02,Han River Bridge,Hai Chau,16.0718,108.2268,motorbike,43.1,W,CAM-02-2
OBS-0002460,2026-01-11 09:36:00,DN-01,Dragon Bridge,Hai Chau,16.0611,108.2273,car,16.6,S,CAM-01-1
OBS-0002461,2026-02-09 06:47:00,DN-01,Dragon Bridge,Hai Chau,16.0611,108.2273,motorbike,41.7,W,CAM-01-2
OBS-0002462,2026-03-29 21:18:00,DN-05,2 September Street,Hai Chau,16.0481,108.223,car,43.1,S,CAM-05-1
OBS-0002463,2026-02-04 12:27:00,DN-05,2 September Street,Hai Chau,16.0481,108.223,car,47.9,W,CAM-05-3
OBS-0002464,2026-01-24 09:41:00,DN-01,Dragon Bridge,Hai Chau,16.0611,108.2273,car,15.2,W,CAM-01-2
OBS-0002465,2026-02-18 22:10:00,DN-01,Dragon Bridge,Hai Chau,16.0611,108.2273,car,46.9,W,CAM-01-2
OBS-0002466,2026-02-05 12:09:00,DN-06,Ngo Quyen,Son Tra,16.0644,108.2358,motorbike,40.4,W,CAM-06-2
OBS-0002467,2026-01-11 06:32:00,DN-01,Dragon Bridge,Hai Chau,16.0611,108.2273,car,37.7,W,CAM-01-1
OBS-0002468,2026-01-18 05:51:00,DN-05,2 September Street,Hai Chau,16.0481,108.223,motorbike,6.6,E,CAM-05-3
OBS-0002469,2026-01-08 20:11:00,DN-05,2 September Street,Hai Chau,16.0481,108.223,motorbike,23.9,N,CAM-05-3
OBS-0002470,2026-02-02 03:50:00,DN-05,2 September Street,Hai Chau,16.0481,108.223,motorbike,38.1,S,CAM-05-1
OBS-0002471,2026-03-29 19:36:00,DN-02,Han River Bridge,Hai Chau,16.0718,108.2268,motorbike,31.3,W,CAM-02-2
OBS-0002472,2026-02-17 17:08:00,DN-04,Dien Bien Phu,Thanh Khe,16.0666,108.1912,motorbike,31.8,S,CAM-04-1
OBS-0002473,2026-02-07 02:05:00,DN-06,Ngo Quyen,Son Tra,16.0644,108.2358,motorbike,36.0,N,CAM-06-3
OBS-0002474,2026-01-08 22:36:00,DN-02,Han River Bridge,Hai Chau,16.0718,108.2268,truck,38.6,N,CAM-02-1
OBS-0002475,2026-01-11 02:15:00,DN-02,Han River Bridge,Hai Chau,16.0718,108.2268,bus,39.1,S,CAM-02-2
OBS-0002476,2026-03-13 20:30:00,DN-02,Han River Bridge,Hai Chau,16.0718,108.2268,truck,29.7,S,CAM-02-1
OBS-0002477,2026-03-03 08:53:00,DN-05,2 September Street,Hai Chau,16.0481,108.223,motorbike,25.9,S,CAM-05-1
OBS-0002478,2026-03-11 10:09:00,DN-06,Ngo Quyen,Son Tra,16.0644,108.2358,car,42.5,S,CAM-06-3
OBS-0002479,2026-02-03 18:26:00,DN-04,Dien Bien Phu,Thanh Khe,16.0666,108.1912,bus,18.9,W,CAM-04-2
OBS-0002480,2026-01-08 07:03:00,DN-03,Nguyen Van Linh,Hai Chau,16.0595,108.2115,motorbike,14.6,N,CAM-03-2
OBS-0002481,2026-01-23 15:02:00,DN-04,Dien Bien Phu,Thanh Khe,16.0666,108.1912,motorbike,36.9,N,CAM-04-3
OBS-0002482,2026-02-20 09:22:00,DN-02,Han River Bridge,Hai Chau,16.0718,108.2268,motorbike,24.1,S,CAM-02-1
OBS-0002483,2026-02-10 12:51:00,DN-01,Dragon Bridge,Hai Chau,16.0611,108.2273,motorbike,42.4,S,CAM-01-2
OBS-0002484,2026-02-28 19:38:00,DN-04,Dien Bien Phu,Thanh Khe,16.0666,108.1912,motorbike,19.7,N,CAM-04-1
OBS-0002485,2026-01-14 03:17:00,DN-01,Dragon Bridge,Hai Chau,16.0611,108.2273,motorbike,45.5,N,CAM-01-2
OBS-0002486,2026-01-18 13:17:00,DN-03,Nguyen Van Linh,Hai Chau,16.0595,108.2115,car,28.0,E,CAM-03-2
OBS-0002487,2026-01-02 17:02:00,DN-02,Han River Bridge,Hai Chau,16.0718,108.2268,bus,26.7,N,CAM-02-1
OBS-0002488,2026-02-15 04:53:00,DN-03,Nguyen Van Linh,Hai Chau,16.0595,108.2115,motorbike,34.2,S,CAM-03-2
OBS-0002489,2026-03-06 02:28:00,DN-03,Nguyen Van Linh,Hai Chau,16.0595,108.2115,car,22.1,E,CAM-03-3
OBS-0002490,2026-01-08 17:39:00,DN-02,Han River Bridge,Hai Chau,16.0718,108.2268,car,30.2,W,CAM-02-3
OBS-0002491,2026-03-25 20:42:00,DN-02,Han River Bridge,Hai Chau,16.0718,108.2268,motorbike,39.4,N,CAM-02-3
OBS-0002492,2026-03-01 14:49:00,DN-01,Dragon Bridge,Hai Chau,16.0611,108.2273,motorbike,31.7,S,CAM-01-3
OBS-0002493,2026-01-07 00:30:00,DN-06,Ngo Quyen,Son Tra,16.0644,108.2358,car,34.7,S,CAM-06-2
OBS-0002494,2026-02-04 22:15:00,DN-02,Han River Bridge,Hai Chau,16.0718,108.2268,bus,45.6,E,CAM-02-3
OBS-0002495,2026-02-24 18:25:00,DN-02,Han River Bridge,Hai Chau,16.0718,108.2268,motorbike,18.6,W,CAM-02-3
OBS-0002496,2026-02-14 02:50:00,DN-05,2 September Street,Hai Chau,16.0481,108.223,motorbike,40.5,S,CAM-05-3
OBS-0002497,2026-01-08 17:31:00,DN-05,2 September Street,Hai Chau,16.0481,108.223,motorbike,15.7,E,CAM-05-3
OBS-0002498,2026-01-28 21:09:00,DN-04,Dien Bien Phu,Thanh Khe,16.0666,108.1912,car,39.1,E,CAM-04-2
OBS-0002499,2026-01-29 01:01:00,DN-05,2 September Street,Hai Chau,16.0481,108.223,motorbike,31.1,W,CAM-05-2
OBS-0002500,2026-01-30 04:51:00,DN-03,Nguyen Van Linh,Hai Chau,16.0595,108.2115,motorbike,36.3,S,CAM-03-1
OBS-0002501,2026-03-29 22:47:00,DN-02,Han River Bridge,Hai Chau,16.0718,108.2268,motorbike,32.8,E,CAM-02-2
OBS-0002502,2026-02-07 02:54:00,DN-06,Ngo Quyen,Son Tra,16.0644,108.2358,motorbike,33.0,N,CAM-06-3
OBS-0002503,2026-02-03 11:14:00,DN-03,Nguyen Van Linh,Hai Chau,16.0595,108.2115,car,35.1,S,CAM-03-3
OBS-0002504,2026-03-10 03:22:00,DN-01,Dragon Bridge,Hai Chau,16.0611,108.2273,truck,48.0,S,CAM-01-1
OBS-0002505,2026-02-12 13:59:00,DN-02,Han River Bridge,Hai Chau,16.0718,108.2268,car,41.4,S,CAM-02-1
OBS-0002506,2026-03-26 15:49:00,DN-01,Dragon Bridge,Hai Chau,16.0611,108.2273,bus,46.3,W,CAM-01-1
OBS-0002507,2026-01-25 23:06:00,DN-01,Dragon Bridge,Hai Chau,16.0611,108.2273,car,37.3,N,CAM-01-2
OBS-0002508,2026-01-25 07:48:00,DN-04,Dien Bien Phu,Thanh Khe,16.0666,108.1912,motorbike,14.0,S,CAM-04-1
OBS-0002509,2026-02-14 14:51:00,DN-06,Ngo Quyen,Son Tra,16.0644,108.2358,motorbike,30.0,S,CAM-06-1
OBS-0002510,2026-03-13 14:04:00,DN-02,Han River Bridge,Hai Chau,16.0718,108.2268,car,45.2,W,CAM-02-1
OBS-0002511,2026-01-06 14:04:00,DN-01,Dragon Bridge,Hai Chau,16.0611,108.2273,car,33.2,N,CAM-01-3
OBS-0002512,2026-03-16 06:49:00,DN-01,Dragon Bridge,Hai Chau,16.0611,108.2273,car,39.1,W,CAM-01-2
OBS-0002513,2026-03-18 22:55:00,DN-03,Nguyen Van Linh,Hai Chau,16.0595,108.2115,motorbike,52.3,E,CAM-03-2
OBS-0002514,2026-01-27 18:37:00,DN-04,Dien Bien Phu,Thanh Khe,16.0666,108.1912,truck,15.6,E,CAM-04-3
OBS-0002515,2026-03-31 17:23:00,DN-06,Ngo Quyen,Son Tra,16.0644,108.2358,car,29.2,W,CAM-06-1
OBS-0002516,2026-01-12 17:24:00,DN-01,Dragon Bridge,Hai Chau,16.0611,108.2273,motorbike,13.4,E,CAM-01-3
OBS-0002517,2026-03-09 16:30:00,DN-06,Ngo Quyen,Son Tra,16.0644,108.2358,car,22.6,W,CAM-06-2
OBS-0002518,2026-01-18 18:04:00,DN-03,Nguyen Van Linh,Hai Chau,16.0595,108.2115,bus,15.4,E,CAM-03-3
OBS-0002519,2026-03-17 12:48:00,DN-04,Dien Bien Phu,Thanh Khe,16.0666,108.1912,car,46.6,E,CAM-04-2
OBS-0002520,2026-01-31 17:57:00,DN-04,Dien Bien Phu,Thanh Khe,16.0666,108.1912,truck,20.3,N,CAM-04-3
OBS-0002521,2026-01-18 21:00:00,DN-05,2 September Street,Hai Chau,16.0481,108.223,motorbike,38.8,S,CAM-05-1
OBS-0002522,2026-03-05 12:12:00,DN-06,Ngo Quyen,Son Tra,16.0644,108.2358,car,54.8,W,CAM-06-1
OBS-0002523,2026-02-26 17:11:00,DN-01,Dragon Bridge,Hai Chau,16.0611,108.2273,car,12.9,W,CAM-01-1
OBS-0002524,2026-03-26 21:15:00,DN-06,Ngo Quyen,Son Tra,16.0644,108.2358,motorbike,40.5,W,CAM-06-2
OBS-0002525,2026-03-23 00:12:00,DN-01,Dragon Bridge,Hai Chau,16.0611,108.2273,car,40.7,W,CAM-01-3
OBS-0002526,2026-03-15 15:46:00,DN-02,Han River Bridge,Hai Chau,16.0718,108.2268,motorbike,34.3,W,CAM-02-2
OBS-0002527,2026-01-29 12:53:00,DN-05,2 September Street,Hai Chau,16.0481,108.223,motorbike,22.5,E,CAM-05-2
OBS-0002528,2026-03-30 13:27:00,DN-05,2 September Street,Hai Chau,16.0481,108.223,motorbike,33.8,E,CAM-05-2
OBS-0002529,2026-01-14 10:44:00,DN-01,Dragon Bridge,Hai Chau,16.0611,108.2273,car,31.7,N,CAM-01-3
OBS-0002530,2026-03-22 07:51:00,DN-06,Ngo Quyen,Son Tra,16.0644,108.2358,motorbike,18.4,S,CAM-06-3
OBS-0002531,2026-01-24 21:37:00,DN-04,Dien Bien Phu,Thanh Khe,16.0666,108.1912,motorbike,45.0,W,CAM-04-3
OBS-0002532,2026-01-31 16:45:00,DN-06,Ngo Quyen,Son Tra,16.0644,108.2358,motorbike,23.2,E,CAM-06-1
OBS-0002533,2026-02-12 09:13:00,DN-02,Han River Bridge,Hai Chau,16.0718,108.2268,car,26.0,N,CAM-02-2
OBS-0002534,2026-02-18 07:27:00,DN-05,2 September Street,Hai Chau,16.0481,108.223,motorbike,31.7,W,CAM-05-1
OBS-0002535,2026-03-18 15:56:00,DN-02,Han River Bridge,Hai Chau,16.0718,108.2268,bus,34.1,S,CAM-02-2
OBS-0002536,2026-02-19 14:18:00,DN-02,Han River Bridge,Hai Chau,16.0718,108.2268,car,39.6,S,CAM-02-2
OBS-0002537,2026-03-12 21:23:00,DN-03,Nguyen Van Linh,Hai Chau,16.0595,108.2115,car,35.9,S,CAM-03-3
OBS-0002538,2026-01-27 10:32:00,DN-05,2 September Street,Hai Chau,16.0481,108.223,motorbike,35.5,W,CAM-05-2
OBS-0002539,2026-01-17 10:53:00,DN-02,Han River Bridge,Hai Chau,16.0718,108.2268,motorbike,32.4,E,CAM-02-1
OBS-0002540,2026-02-11 03:45:00,DN-04,Dien Bien Phu,Thanh Khe,16.0666,108.1912,car,41.7,S,CAM-04-1
OBS-0002541,2026-03-22 05:53:00,DN-02,Han River Bridge,Hai Chau,16.0718,108.2268,motorbike,39.1,W,CAM-02-2
OBS-0002542,2026-01-13 14:23:00,DN-02,Han River Bridge,Hai Chau,16.0718,108.2268,motorbike,34.2,W,CAM-02-2
OBS-0002543,2026-02-25 17:41:00,DN-04,Dien Bien Phu,Thanh Khe,16.0666,108.1912,motorbike,28.8,S,CAM-04-1
OBS-0002544,2026-03-04 03:20:00,DN-03,Nguyen Van Linh,Hai Chau,16.0595,108.2115,motorbike,40.9,N,CAM-03-3
OBS-0002545,2026-01-04 13:54:00,DN-02,Han River Bridge,Hai Chau,16.0718,108.2268,truck,29.6,N,CAM-02-2
OBS-0002546,2026-03-09 18:33:00,DN-05,2 September Street,Hai Chau,16.0481,108.223,motorbike,17.1,N,CAM-05-3
OBS-0002547,2026-01-12 05:19:00,DN-03,Nguyen Van Linh,Hai Chau,16.0595,108.2115,motorbike,35.3,W,CAM-03-3
OBS-0002548,2026-01-22 23:57:00,DN-04,Dien Bien Phu,Thanh Khe,16.0666,108.1912,motorbike,34.5,S,CAM-04-1
OBS-0002549,2026-03-27 18:23:00,DN-01,Dragon Bridge,Hai Chau,16.0611,108.2273,motorbike,14.4,E,CAM-01-1
OBS-0002550,2026-03-18 01:22:00,DN-03,Nguyen Van Linh,Hai Chau,16.0595,108.2115,car,36.2,N,CAM-03-1
OBS-0002551,2026-03-04 17:11:00,DN-01,Dragon Bridge,Hai Chau,16.0611,108.2273,motorbike,19.7,N,CAM-01-2
OBS-0002552,2026-02-28 23:00:00,DN-02,Han River Bridge,Hai Chau,16.0718,108.2268,motorbike,30.7,N,CAM-02-2
OBS-0002553,2026-02-26 00:57:00,DN-01,Dragon Bridge,Hai Chau,16.0611,108.2273,motorbike,39.7,N,CAM-01-3
OBS-0002554,2026-01-16 01:16:00,DN-06,Ngo Quyen,Son Tra,16.0644,108.2358,car,41.1,W,CAM-06-3
OBS-0002555,2026-01-31 03:48:00,DN-03,Nguyen Van Linh,Hai Chau,16.0595,108.2115,motorbike,41.2,E,CAM-03-3
OBS-0002556,2026-01-08 05:32:00,DN-05,2 September Street,Hai Chau,16.0481,108.223,truck,31.0,N,CAM-05-1
OBS-0002557,2026-02-22 02:27:00,DN-06,Ngo Quyen,Son Tra,16.0644,108.2358,bus,31.4,N,CAM-06-1
OBS-0002558,2026-01-19 05:08:00,DN-01,Dragon Bridge,Hai Chau,16.0611,108.2273,motorbike,21.1,E,CAM-01-1
OBS-0002559,2026-03-01 20:18:00,DN-04,Dien Bien Phu,Thanh Khe,16.0666,108.1912,motorbike,41.7,W,CAM-04-2
OBS-0002560,2026-01-09 20:42:00,DN-05,2 September Street,Hai Chau,16.0481,108.223,bus,44.6,E,CAM-05-2
OBS-0002561,2026-02-10 01:45:00,DN-01,Dragon Bridge,Hai Chau,16.0611,108.2273,motorbike,33.3,W,CAM-01-3
OBS-0002562,2026-03-24 16:43:00,DN-05,2 September Street,Hai Chau,16.0481,108.223,motorbike,22.9,N,CAM-05-3
OBS-0002563,2026-01-22 13:33:00,DN-06,Ngo Quyen,Son Tra,16.0644,108.2358,bus,54.6,S,CAM-06-1
OBS-0002564,2026-02-04 01:37:00,DN-04,Dien Bien Phu,Thanh Khe,16.0666,108.1912,car,28.0,E,CAM-04-2
OBS-0002565,2026-01-11 02:02:00,DN-04,Dien Bien Phu,Thanh Khe,16.0666,108.1912,motorbike,43.4,N,CAM-04-3
OBS-0002566,2026-03-05 07:56:00,DN-04,Dien Bien Phu,Thanh Khe,16.0666,108.1912,motorbike,22.4,E,CAM-04-2
OBS-0002567,2026-03-04 05:16:00,DN-05,2 September Street,Hai Chau,16.0481,108.223,car,39.3,S,CAM-05-2
OBS-0002568,2026-02-19 17:58:00,DN-02,Han River Bridge,Hai Chau,16.0718,108.2268,motorbike,23.9,E,CAM-02-2
OBS-0002569,2026-02-09 09:07:00,DN-03,Nguyen Van Linh,Hai Chau,16.0595,108.2115,motorbike,11.9,N,CAM-03-2
OBS-0002570,2026-01-29 18:05:00,DN-01,Dragon Bridge,Hai Chau,16.0611,108.2273,car,21.8,E,CAM-01-2
OBS-0002571,2026-03-20 16:27:00,DN-01,Dragon Bridge,Hai Chau,16.0611,108.2273,car,21.2,S,CAM-01-1
OBS-0002572,2026-03-06 15:42:00,DN-02,Han River Bridge,Hai Chau,16.0718,108.2268,motorbike,39.5,S,CAM-02-1
OBS-0002573,2026-02-08 04:58:00,DN-06,Ngo Quyen,Son Tra,16.0644,108.2358,car,38.0,W,CAM-06-1
OBS-0002574,2026-01-04 00:11:00,DN-04,Dien Bien Phu,Thanh Khe,16.0666,108.1912,motorbike,27.0,N,CAM-04-1
OBS-0002575,2026-02-26 09:08:00,DN-05,2 September Street,Hai Chau,16.0481,108.223,motorbike,25.4,W,CAM-05-1
OBS-0002576,2026-02-20 23:50:00,DN-05,2 September Street,Hai Chau,16.0481,108.223,motorbike,36.0,N,CAM-05-3
OBS-0002577,2026-03-28 23:04:00,DN-03,Nguyen Van Linh,Hai Chau,16.0595,108.2115,motorbike,25.7,W,CAM-03-2
OBS-0002578,2026-03-15 15:04:00,DN-06,Ngo Quyen,Son Tra,16.0644,108.2358,motorbike,46.5,W,CAM-06-2
OBS-0002579,2026-03-27 19:30:00,DN-04,Dien Bien Phu,Thanh Khe,16.0666,108.1912,motorbike,16.3,W,CAM-04-1
OBS-0002580,2026-01-04 10:29:00,DN-05,2 September Street,Hai Chau,16.0481,108.223,car,39.3,S,CAM-05-2
OBS-0002581,2026-01-16 22:24:00,DN-01,Dragon Bridge,Hai Chau,16.0611,108.2273,motorbike,28.4,E,CAM-01-1
OBS-0002582,2026-02-16 06:25:00,DN-02,Han River Bridge,Hai Chau,16.0718,108.2268,car,29.4,E,CAM-02-1
OBS-0002583,2026-03-10 06:21:00,DN-04,Dien Bien Phu,Thanh Khe,16.0666,108.1912,motorbike,24.9,E,CAM-04-3
OBS-0002584,2026-02-13 04:50:00,DN-01,Dragon Bridge,Hai Chau,16.0611,108.2273,car,24.9,N,CAM-01-3
OBS-0002585,2026-01-30 00:23:00,DN-04,Dien Bien Phu,Thanh Khe,16.0666,108.1912,motorbike,35.4,N,CAM-04-3
OBS-0002586,2026-03-21 20:01:00,DN-03,Nguyen Van Linh,Hai Chau,16.0595,108.2115,motorbike,32.1,E,CAM-03-2
OBS-0002587,2026-01-18 22:22:00,DN-01,Dragon Bridge,Hai Chau,16.0611,108.2273,motorbike,28.0,W,CAM-01-3
OBS-0002588,2026-01-05 14:57:00,DN-04,Dien Bien Phu,Thanh Khe,16.0666,108.1912,motorbike,26.1,N,CAM-04-1
OBS-0002589,2026-03-07 12:34:00,DN-03,Nguyen Van Linh,Hai Chau,16.0595,108.2115,bus,17.7,W,CAM-03-1
OBS-0002590,2026-02-27 12:17:00,DN-03,Nguyen Van Linh,Hai Chau,16.0595,108.2115,motorbike,40.6,E,CAM-03-3
OBS-0002591,2026-01-12 19:27:00,DN-01,Dragon Bridge,Hai Chau,16.0611,108.2273,bus,21.5,E,CAM-01-3
OBS-0002592,2026-01-18 11:05:00,DN-02,Han River Bridge,Hai Chau,16.0718,108.2268,motorbike,32.7,W,CAM-02-2
OBS-0002593,2026-01-04 07:22:00,DN-06,Ngo Quyen,Son Tra,16.0644,108.2358,car,28.6,E,CAM-06-2
OBS-0002594,2026-03-20 01:11:00,DN-03,Nguyen Van Linh,Hai Chau,16.0595,108.2115,car,25.5,E,CAM-03-1
OBS-0002595,2026-01-15 01:24:00,DN-04,Dien Bien Phu,Thanh Khe,16.0666,108.1912,motorbike,42.7,N,CAM-04-3
OBS-0002596,2026-03-08 02:19:00,DN-06,Ngo Quyen,Son Tra,16.0644,108.2358,car,36.1,E,CAM-06-2
OBS-0002597,2026-01-28 17:18:00,DN-04,Dien Bien Phu,Thanh Khe,16.0666,108.1912,motorbike,18.4,S,CAM-04-1
OBS-0002598,2026-02-22 02:49:00,DN-02,Han River Bridge,Hai Chau,16.0718,108.2268,motorbike,39.6,S,CAM-02-3
OBS-0002599,2026-02-06 15:52:00,DN-05,2 September Street,Hai Chau,16.0481,108.223,car,36.4,S,CAM-05-2
OBS-0002600,2026-02-09 11:54:00,DN-03,Nguyen Van Linh,Hai Chau,16.0595,108.2115,car,31.6,W,CAM-03-1
OBS-0002601,2026-02-21 15:12:00,DN-01,Dragon Bridge,Hai Chau,16.0611,108.2273,motorbike,43.9,S,CAM-01-3
OBS-0002602,2026-03-28 07:47:00,DN-02,Han River Bridge,Hai Chau,16.0718,108.2268,bus,24.7,S,CAM-02-2
OBS-0002603,2026-01-12 01:34:00,DN-03,Nguyen Van Linh,Hai Chau,16.0595,108.2115,motorbike,44.0,N,CAM-03-2
OBS-0002604,2026-02-21 00:24:00,DN-02,Han River Bridge,Hai Chau,16.0718,108.2268,car,37.2,E,CAM-02-3
OBS-0002605,2026-02-22 03:46:00,DN-06,Ngo Quyen,Son Tra,16.0644,108.2358,truck,36.3,E,CAM-06-2
OBS-0002606,2026-02-01 01:53:00,DN-01,Dragon Bridge,Hai Chau,16.0611,108.2273,motorbike,28.9,S,CAM-01-1
OBS-0002607,2026-03-08 22:03:00,DN-02,Han River Bridge,Hai Chau,16.0718,108.2268,motorbike,28.9,W,CAM-02-1
OBS-0002608,2026-03-31 23:35:00,DN-04,Dien Bien Phu,Thanh Khe,16.0666,108.1912,motorbike,29.8,S,CAM-04-3
OBS-0002609,2026-02-05 02:16:00,DN-04,Dien Bien Phu,Thanh Khe,16.0666,108.1912,car,32.0,S,CAM-04-3
OBS-0002610,2026-01-30 22:04:00,DN-03,Nguyen Van Linh,Hai Chau,16.0595,108.2115,car,18.2,W,CAM-03-3
OBS-0002611,2026-01-03 22:38:00,DN-05,2 September Street,Hai Chau,16.0481,108.223,motorbike,37.3,W,CAM-05-2
OBS-0002612,2026-01-21 05:26:00,DN-03,Nguyen Van Linh,Hai Chau,16.0595,108.2115,truck,40.4,N,CAM-03-2
OBS-0002613,2026-02-09 11:27:00,DN-01,Dragon Bridge,Hai Chau,16.0611,108.2273,motorbike,37.7,N,CAM-01-1
OBS-0002614,2026-01-01 02:50:00,DN-06,Ngo Quyen,Son Tra,16.0644,108.2358,truck,48.7,N,CAM-06-2
OBS-0002615,2026-03-22 06:04:00,DN-01,Dragon Bridge,Hai Chau,16.0611,108.2273,motorbike,36.7,E,CAM-01-3
OBS-0002616,2026-01-31 16:40:00,DN-01,Dragon Bridge,Hai Chau,16.0611,108.2273,truck,12.1,N,CAM-01-1
OBS-0002617,2026-03-09 01:05:00,DN-02,Han River Bridge,Hai Chau,16.0718,108.2268,bus,32.5,W,CAM-02-1
OBS-0002618,2026-01-20 08:25:00,DN-03,Nguyen Van Linh,Hai Chau,16.0595,108.2115,car,17.0,E,CAM-03-1
OBS-0002619,2026-03-23 20:18:00,DN-02,Han River Bridge,Hai Chau,16.0718,108.2268,truck,41.3,E,CAM-02-3
OBS-0002620,2026-03-27 20:52:00,DN-01,Dragon Bridge,Hai Chau,16.0611,108.2273,motorbike,31.0,W,CAM-01-2
OBS-0002621,2026-03-13 12:39:00,DN-01,Dragon Bridge,Hai Chau,16.0611,108.2273,motorbike,34.2,W,CAM-01-1
OBS-0002622,2026-01-06 11:39:00,DN-05,2 September Street,Hai Chau,16.0481,108.223,motorbike,43.7,S,CAM-05-3
OBS-0002623,2026-01-24 20:43:00,DN-02,Han River Bridge,Hai Chau,16.0718,108.2268,motorbike,32.5,N,CAM-02-2
OBS-0002624,2026-02-06 18:00:00,DN-04,Dien Bien Phu,Thanh Khe,16.0666,108.1912,motorbike,23.1,E,CAM-04-3
OBS-0002625,2026-03-11 13:02:00,DN-01,Dragon Bridge,Hai Chau,16.0611,108.2273,motorbike,40.0,S,CAM-01-2
OBS-0002626,2026-03-26 15:50:00,DN-06,Ngo Quyen,Son Tra,16.0644,108.2358,motorbike,28.7,W,CAM-06-3
OBS-0002627,2026-03-15 10:25:00,DN-06,Ngo Quyen,Son Tra,16.0644,108.2358,motorbike,37.5,S,CAM-06-3
OBS-0002628,2026-01-07 18:17:00,DN-02,Han River Bridge,Hai Chau,16.0718,108.2268,truck,12.8,W,CAM-02-2
OBS-0002629,2026-03-01 03:52:00,DN-01,Dragon Bridge,Hai Chau,16.0611,108.2273,car,25.8,S,CAM-01-1
OBS-0002630,2026-03-29 12:14:00,DN-03,Nguyen Van Linh,Hai Chau,16.0595,108.2115,car,28.8,W,CAM-03-1
OBS-0002631,2026-01-03 10:22:00,DN-05,2 September Street,Hai Chau,16.0481,108.223,motorbike,25.2,E,CAM-05-2
OBS-0002632,2026-03-01 13:35:00,DN-05,2 September Street,Hai Chau,16.0481,108.223,car,32.3,E,CAM-05-1
OBS-0002633,2026-01-22 05:07:00,DN-03,Nguyen Van Linh,Hai Chau,16.0595,108.2115,car,33.5,E,CAM-03-1
OBS-0002634,2026-01-09 20:02:00,DN-03,Nguyen Van Linh,Hai Chau,16.0595,108.2115,motorbike,27.8,N,CAM-03-3
OBS-0002635,2026-02-05 00:12:00,DN-04,Dien Bien Phu,Thanh Khe,16.0666,108.1912,motorbike,37.5,E,CAM-04-1
OBS-0002636,2026-03-09 15:19:00,DN-05,2 September Street,Hai Chau,16.0481,108.223,motorbike,45.1,N,CAM-05-1
OBS-0002637,2026-02-02 12:23:00,DN-05,2 September Street,Hai Chau,16.0481,108.223,motorbike,30.5,E,CAM-05-1
OBS-0002638,2026-01-05 06:11:00,DN-05,2 September Street,Hai Chau,16.0481,108.223,motorbike,33.7,E,CAM-05-2
OBS-0002639,2026-03-23 11:10:00,DN-05,2 September Street,Hai Chau,16.0481,108.223,motorbike,43.4,S,CAM-05-1
OBS-0002640,2026-03-02 08:29:00,DN-01,Dragon Bridge,Hai Chau,16.0611,108.2273,motorbike,14.2,N,CAM-01-3
OBS-0002641,2026-03-27 15:21:00,DN-01,Dragon Bridge,Hai Chau,16.0611,108.2273,car,44.3,E,CAM-01-3
OBS-0002642,2026-03-07 17:01:00,DN-04,Dien Bien Phu,Thanh Khe,16.0666,108.1912,motorbike,15.1,W,CAM-04-2
OBS-0002643,2026-03-25 04:11:00,DN-03,Nguyen Van Linh,Hai Chau,16.0595,108.2115,motorbike,41.4,E,CAM-03-1
OBS-0002644,2026-01-01 01:29:00,DN-04,Dien Bien Phu,Thanh Khe,16.0666,108.1912,car,54.1,N,CAM-04-1
OBS-0002645,2026-03-11 11:58:00,DN-01,Dragon Bridge,Hai Chau,16.0611,108.2273,motorbike,29.7,E,CAM-01-1
OBS-0002646,2026-03-11 18:05:00,DN-03,Nguyen Van Linh,Hai Chau,16.0595,108.2115,car,9.9,S,CAM-03-3
OBS-0002647,2026-03-21 21:09:00,DN-01,Dragon Bridge,Hai Chau,16.0611,108.2273,car,38.3,S,CAM-01-2
OBS-0002648,2026-02-07 01:13:00,DN-05,2 September Street,Hai Chau,16.0481,108.223,car,41.2,S,CAM-05-1
OBS-0002649,2026-03-12 08:57:00,DN-01,Dragon Bridge,Hai Chau,16.0611,108.2273,motorbike,12.4,W,CAM-01-2
OBS-0002650,2026-01-11 00:29:00,DN-03,Nguyen Van Linh,Hai Chau,16.0595,108.2115,motorbike,32.6,W,CAM-03-1
OBS-0002651,2026-02-14 15:02:00,DN-04,Dien Bien Phu,Thanh Khe,16.0666,108.1912,motorbike,41.1,W,CAM-04-3
OBS-0002652,2026-03-20 21:49:00,DN-03,Nguyen Van Linh,Hai Chau,16.0595,108.2115,truck,43.7,S,CAM-03-3
OBS-0002653,2026-03-02 05:57:00,DN-05,2 September Street,Hai Chau,16.0481,108.223,motorbike,42.4,S,CAM-05-1
OBS-0002654,2026-01-13 02:21:00,DN-02,Han River Bridge,Hai Chau,16.0718,108.2268,motorbike,45.6,W,CAM-02-1
OBS-0002655,2026-01-08 19:14:00,DN-06,Ngo Quyen,Son Tra,16.0644,108.2358,motorbike,28.0,N,CAM-06-3
OBS-0002656,2026-03-14 20:51:00,DN-06,Ngo Quyen,Son Tra,16.0644,108.2358,car,22.3,N,CAM-06-1
OBS-0002657,2026-02-08 15:36:00,DN-01,Dragon Bridge,Hai Chau,16.0611,108.2273,car,29.1,N,CAM-01-1
OBS-0002658,2026-01-12 02:14:00,DN-05,2 September Street,Hai Chau,16.0481,108.223,truck,43.3,E,CAM-05-3
OBS-0002659,2026-01-23 06:41:00,DN-05,2 September Street,Hai Chau,16.0481,108.223,motorbike,39.8,E,CAM-05-1
OBS-0002660,2026-01-23 04:19:00,DN-04,Dien Bien Phu,Thanh Khe,16.0666,108.1912,car,35.2,N,CAM-04-1
OBS-0002661,2026-03-05 12:29:00,DN-03,Nguyen Van Linh,Hai Chau,16.0595,108.2115,motorbike,32.2,W,CAM-03-1
OBS-0002662,2026-03-09 19:46:00,DN-05,2 September Street,Hai Chau,16.0481,108.223,motorbike,27.1,S,CAM-05-2
OBS-0002663,2026-01-25 10:45:00,DN-03,Nguyen Van Linh,Hai Chau,16.0595,108.2115,car,32.1,N,CAM-03-3
OBS-0002664,2026-01-23 09:35:00,DN-06,Ngo Quyen,Son Tra,16.0644,108.2358,motorbike,26.1,N,CAM-06-3
OBS-0002665,2026-03-22 08:25:00,DN-03,Nguyen Van Linh,Hai Chau,16.0595,108.2115,car,24.6,W,CAM-03-3
OBS-0002666,2026-01-20 21:10:00,DN-02,Han River Bridge,Hai Chau,16.0718,108.2268,car,40.8,S,CAM-02-2
OBS-0002667,2026-01-07 05:44:00,DN-04,Dien Bien Phu,Thanh Khe,16.0666,108.1912,motorbike,38.7,W,CAM-04-1
OBS-0002668,2026-01-09 17:00:00,DN-04,Dien Bien Phu,Thanh Khe,16.0666,108.1912,car,16.4,N,CAM-04-1
OBS-0002669,2026-03-24 21:42:00,DN-01,Dragon Bridge,Hai Chau,16.0611,108.2273,car,37.2,E,CAM-01-3
OBS-0002670,2026-01-01 18:48:00,DN-03,Nguyen Van Linh,Hai Chau,16.0595,108.2115,motorbike,26.4,N,CAM-03-1
OBS-0002671,2026-03-11 15:40:00,DN-06,Ngo Quyen,Son Tra,16.0644,108.2358,motorbike,39.6,S,CAM-06-3
OBS-0002672,2026-03-26 07:02:00,DN-01,Dragon Bridge,Hai Chau,16.0611,108.2273,truck,17.4,E,CAM-01-1
OBS-0002673,2026-02-11 22:56:00,DN-03,Nguyen Van Linh,Hai Chau,16.0595,108.2115,motorbike,43.4,S,CAM-03-2
OBS-0002674,2026-02-04 23:04:00,DN-06,Ngo Quyen,Son Tra,16.0644,108.2358,car,37.3,E,CAM-06-2
OBS-0002675,2026-03-31 20:16:00,DN-06,Ngo Quyen,Son Tra,16.0644,108.2358,car,39.6,S,CAM-06-1
OBS-0002676,2026-01-21 04:28:00,DN-03,Nguyen Van Linh,Hai Chau,16.0595,108.2115,motorbike,33.6,S,CAM-03-1
OBS-0002677,2026-03-18 19:42:00,DN-06,Ngo Quyen,Son Tra,16.0644,108.2358,car,36.4,E,CAM-06-3
OBS-0002678,2026-01-16 03:47:00,DN-05,2 September Street,Hai Chau,16.0481,108.223,motorbike,35.0,W,CAM-05-2
OBS-0002679,2026-01-01 19:05:00,DN-06,Ngo Quyen,Son Tra,16.0644,108.2358,car,22.0,W,CAM-06-2
OBS-0002680,2026-01-04 14:57:00,DN-01,Dragon Bridge,Hai Chau,16.0611,108.2273,motorbike,33.3,N,CAM-01-2
OBS-0002681,2026-02-09 13:02:00,DN-03,Nguyen Van Linh,Hai Chau,16.0595,108.2115,motorbike,44.8,S,CAM-03-3
OBS-0002682,2026-01-18 07:18:00,DN-05,2 September Street,Hai Chau,16.0481,108.223,motorbike,11.4,S,CAM-05-2
OBS-0002683,2026-03-11 12:50:00,DN-01,Dragon Bridge,Hai Chau,16.0611,108.2273,car,37.3,W,CAM-01-3
OBS-0002684,2026-01-15 02:30:00,DN-01,Dragon Bridge,Hai Chau,16.0611,108.2273,motorbike,36.3,W,CAM-01-1
OBS-0002685,2026-01-01 20:44:00,DN-02,Han River Bridge,Hai Chau,16.0718,108.2268,car,28.7,N,CAM-02-2
OBS-0002686,2026-01-02 09:32:00,DN-02,Han River Bridge,Hai Chau,16.0718,108.2268,motorbike,27.2,E,CAM-02-2
OBS-0002687,2026-02-01 22:18:00,DN-04,Dien Bien Phu,Thanh Khe,16.0666,108.1912,bus,30.3,W,CAM-04-3
OBS-0002688,2026-02-05 03:45:00,DN-01,Dragon Bridge,Hai Chau,16.0611,108.2273,car,37.5,E,CAM-01-2
OBS-0002689,2026-02-02 15:26:00,DN-05,2 September Street,Hai Chau,16.0481,108.223,bus,38.6,N,CAM-05-1
OBS-0002690,2026-01-18 23:59:00,DN-02,Han River Bridge,Hai Chau,16.0718,108.2268,bus,42.0,N,CAM-02-1
OBS-0002691,2026-01-06 16:24:00,DN-04,Dien Bien Phu,Thanh Khe,16.0666,108.1912,motorbike,20.0,W,CAM-04-3
OBS-0002692,2026-01-26 11:24:00,DN-02,Han River Bridge,Hai Chau,16.0718,108.2268,car,47.1,E,CAM-02-3
OBS-0002693,2026-01-15 17:51:00,DN-05,2 September Street,Hai Chau,16.0481,108.223,bus,19.7,W,CAM-05-3
OBS-0002694,2026-02-09 11:48:00,DN-04,Dien Bien Phu,Thanh Khe,16.0666,108.1912,car,40.4,W,CAM-04-2
OBS-0002695,2026-03-29 04:04:00,DN-01,Dragon Bridge,Hai Chau,16.0611,108.2273,car,47.1,W,CAM-01-1
OBS-0002696,2026-01-31 23:48:00,DN-05,2 September Street,Hai Chau,16.0481,108.223,motorbike,33.3,S,CAM-05-1
OBS-0002697,2026-02-20 01:58:00,DN-03,Nguyen Van Linh,Hai Chau,16.0595,108.2115,motorbike,30.0,E,CAM-03-3
OBS-0002698,2026-02-08 08:57:00,DN-04,Dien Bien Phu,Thanh Khe,16.0666,108.1912,car,11.2,W,CAM-04-1
OBS-0002699,2026-02-25 18:11:00,DN-02,Han River Bridge,Hai Chau,16.0718,108.2268,motorbike,39.2,E,CAM-02-2
OBS-0002700,2026-03-22 22:49:00,DN-02,Han River Bridge,Hai Chau,16.0718,108.2268,bus,29.1,E,CAM-02-1
OBS-0002701,2026-01-12 22:03:00,DN-05,2 September Street,Hai Chau,16.0481,108.223,motorbike,45.5,S,CAM-05-3
OBS-0002702,2026-01-26 08:49:00,DN-01,Dragon Bridge,Hai Chau,16.0611,108.2273,motorbike,30.6,S,CAM-01-2
OBS-0002703,2026-03-10 04:08:00,DN-05,2 September Street,Hai Chau,16.0481,108.223,motorbike,27.5,S,CAM-05-1
OBS-0002704,2026-03-25 07:12:00,DN-03,Nguyen Van Linh,Hai Chau,16.0595,108.2115,motorbike,15.6,S,CAM-03-1
OBS-0002705,2026-02-20 23:33:00,DN-03,Nguyen Van Linh,Hai Chau,16.0595,108.2115,motorbike,27.2,W,CAM-03-1
OBS-0002706,2026-01-24 21:09:00,DN-01,Dragon Bridge,Hai Chau,16.0611,108.2273,car,32.3,W,CAM-01-3
OBS-0002707,2026-01-11 16:37:00,DN-05,2 September Street,Hai Chau,16.0481,108.223,motorbike,9.3,W,CAM-05-1
OBS-0002708,2026-02-17 11:53:00,DN-06,Ngo Quyen,Son Tra,16.0644,108.2358,motorbike,34.7,S,CAM-06-1
OBS-0002709,2026-02-04 15:42:00,DN-02,Han River Bridge,Hai Chau,16.0718,108.2268,car,39.8,S,CAM-02-3
OBS-0002710,2026-02-16 21:44:00,DN-03,Nguyen Van Linh,Hai Chau,16.0595,108.2115,car,37.4,N,CAM-03-1
OBS-0002711,2026-01-18 08:51:00,DN-01,Dragon Bridge,Hai Chau,16.0611,108.2273,motorbike,13.6,E,CAM-01-3
OBS-0002712,2026-03-08 15:10:00,DN-04,Dien Bien Phu,Thanh Khe,16.0666,108.1912,motorbike,22.4,W,CAM-04-1
OBS-0002713,2026-02-21 22:47:00,DN-03,Nguyen Van Linh,Hai Chau,16.0595,108.2115,motorbike,45.7,S,CAM-03-2
OBS-0002714,2026-01-24 22:31:00,DN-01,Dragon Bridge,Hai Chau,16.0611,108.2273,car,29.3,S,CAM-01-2
OBS-0002715,2026-03-09 16:51:00,DN-03,Nguyen Van Linh,Hai Chau,16.0595,108.2115,car,23.1,E,CAM-03-3
OBS-0002716,2026-03-12 21:05:00,DN-03,Nguyen Van Linh,Hai Chau,16.0595,108.2115,motorbike,27.9,N,CAM-03-1
OBS-0002717,2026-03-09 23:27:00,DN-01,Dragon Bridge,Hai Chau,16.0611,108.2273,motorbike,45.8,E,CAM-01-3
OBS-0002718,2026-01-18 19:13:00,DN-04,Dien Bien Phu,Thanh Khe,16.0666,108.1912,car,23.0,S,CAM-04-3
OBS-0002719,2026-01-02 04:01:00,DN-06,Ngo Quyen,Son Tra,16.0644,108.2358,motorbike,42.7,N,CAM-06-2
OBS-0002720,2026-03-01 15:42:00,DN-05,2 September Street,Hai Chau,16.0481,108.223,motorbike,27.7,S,CAM-05-2
OBS-0002721,2026-01-11 14:16:00,DN-03,Nguyen Van Linh,Hai Chau,16.0595,108.2115,car,28.2,W,CAM-03-1
OBS-0002722,2026-03-25 12:59:00,DN-02,Han River Bridge,Hai Chau,16.0718,108.2268,motorbike,49.1,W,CAM-02-1
OBS-0002723,2026-03-22 12:47:00,DN-02,Han River Bridge,Hai Chau,16.0718,108.2268,motorbike,32.6,N,CAM-02-1
OBS-0002724,2026-02-21 08:43:00,DN-05,2 September Street,Hai Chau,16.0481,108.223,motorbike,33.9,S,CAM-05-1
OBS-0002725,2026-03-31 13:22:00,DN-05,2 September Street,Hai Chau,16.0481,108.223,car,33.5,N,CAM-05-2
OBS-0002726,2026-03-29 14:11:00,DN-04,Dien Bien Phu,Thanh Khe,16.0666,108.1912,motorbike,24.7,W,CAM-04-3
OBS-0002727,2026-02-17 19:47:00,DN-04,Dien Bien Phu,Thanh Khe,16.0666,108.1912,motorbike,25.5,N,CAM-04-1
OBS-0002728,2026-03-05 17:08:00,DN-02,Han River Bridge,Hai Chau,16.0718,108.2268,car,16.3,N,CAM-02-3
OBS-0002729,2026-02-28 22:52:00,DN-06,Ngo Quyen,Son Tra,16.0644,108.2358,car,39.0,N,CAM-06-3
OBS-0002730,2026-01-07 06:15:00,DN-04,Dien Bien Phu,Thanh Khe,16.0666,108.1912,truck,40.4,N,CAM-04-2
OBS-0002731,2026-03-20 17:43:00,DN-03,Nguyen Van Linh,Hai Chau,16.0595,108.2115,motorbike,7.9,W,CAM-03-2
OBS-0002732,2026-03-11 09:04:00,DN-02,Han River Bridge,Hai Chau,16.0718,108.2268,car,22.5,W,CAM-02-1
OBS-0002733,2026-01-26 08:13:00,DN-01,Dragon Bridge,Hai Chau,16.0611,108.2273,motorbike,25.1,S,CAM-01-3
OBS-0002734,2026-02-23 09:35:00,DN-01,Dragon Bridge,Hai Chau,16.0611,108.2273,car,33.5,N,CAM-01-1
OBS-0002735,2026-02-19 19:55:00,DN-02,Han River Bridge,Hai Chau,16.0718,108.2268,motorbike,22.2,W,CAM-02-1
OBS-0002736,2026-01-02 03:40:00,DN-01,Dragon Bridge,Hai Chau,16.0611,108.2273,motorbike,29.0,W,CAM-01-3
OBS-0002737,2026-02-18 20:58:00,DN-03,Nguyen Van Linh,Hai Chau,16.0595,108.2115,motorbike,38.1,S,CAM-03-2
OBS-0002738,2026-01-28 17:06:00,DN-04,Dien Bien Phu,Thanh Khe,16.0666,108.1912,motorbike,13.8,S,CAM-04-1
OBS-0002739,2026-01-13 12:38:00,DN-06,Ngo Quyen,Son Tra,16.0644,108.2358,car,41.8,E,CAM-06-1
OBS-0002740,2026-03-25 15:11:00,DN-04,Dien Bien Phu,Thanh Khe,16.0666,108.1912,car,39.9,S,CAM-04-1
OBS-0002741,2026-02-12 20:40:00,DN-06,Ngo Quyen,Son Tra,16.0644,108.2358,motorbike,44.0,W,CAM-06-1
OBS-0002742,2026-03-28 11:31:00,DN-06,Ngo Quyen,Son Tra,16.0644,108.2358,truck,39.3,E,CAM-06-2
OBS-0002743,2026-01-14 22:01:00,DN-05,2 September Street,Hai Chau,16.0481,108.223,bus,38.8,N,CAM-05-1
OBS-0002744,2026-01-27 14:44:00,DN-06,Ngo Quyen,Son Tra,16.0644,108.2358,truck,30.9,S,CAM-06-1
OBS-0002745,2026-01-17 15:39:00,DN-02,Han River Bridge,Hai Chau,16.0718,108.2268,motorbike,43.9,W,CAM-02-1
OBS-0002746,2026-03-25 09:47:00,DN-03,Nguyen Van Linh,Hai Chau,16.0595,108.2115,truck,20.8,N,CAM-03-2
OBS-0002747,2026-03-09 14:31:00,DN-04,Dien Bien Phu,Thanh Khe,16.0666,108.1912,motorbike,40.8,W,CAM-04-2
OBS-0002748,2026-01-11 16:17:00,DN-01,Dragon Bridge,Hai Chau,16.0611,108.2273,motorbike,27.9,S,CAM-01-3
OBS-0002749,2026-01-18 13:17:00,DN-03,Nguyen Van Linh,Hai Chau,16.0595,108.2115,motorbike,33.8,W,CAM-03-2
OBS-0002750,2026-02-02 22:27:00,DN-04,Dien Bien Phu,Thanh Khe,16.0666,108.1912,motorbike,41.5,S,CAM-04-3
OBS-0002751,2026-03-12 23:43:00,DN-05,2 September Street,Hai Chau,16.0481,108.223,car,46.0,N,CAM-05-1
OBS-0002752,2026-03-10 06:22:00,DN-01,Dragon Bridge,Hai Chau,16.0611,108.2273,truck,54.2,E,CAM-01-1
OBS-0002753,2026-02-06 14:13:00,DN-06,Ngo Quyen,Son Tra,16.0644,108.2358,truck,36.0,W,CAM-06-2
OBS-0002754,2026-01-30 04:10:00,DN-06,Ngo Quyen,Son Tra,16.0644,108.2358,motorbike,45.0,S,CAM-06-2
OBS-0002755,2026-03-27 00:21:00,DN-01,Dragon Bridge,Hai Chau,16.0611,108.2273,car,26.2,S,CAM-01-2
OBS-0002756,2026-01-30 15:57:00,DN-05,2 September Street,Hai Chau,16.0481,108.223,motorbike,40.0,E,CAM-05-2
OBS-0002757,2026-01-17 05:15:00,DN-01,Dragon Bridge,Hai Chau,16.0611,108.2273,car,27.0,E,CAM-01-1
OBS-0002758,2026-01-16 14:47:00,DN-03,Nguyen Van Linh,Hai Chau,16.0595,108.2115,motorbike,42.3,W,CAM-03-3
OBS-0002759,2026-01-13 00:29:00,DN-03,Nguyen Van Linh,Hai Chau,16.0595,108.2115,truck,39.6,E,CAM-03-3
OBS-0002760,2026-01-26 11:00:00,DN-02,Han River Bridge,Hai Chau,16.0718,108.2268,motorbike,40.6,N,CAM-02-2
OBS-0002761,2026-01-03 15:33:00,DN-03,Nguyen Van Linh,Hai Chau,16.0595,108.2115,truck,23.3,N,CAM-03-2
OBS-0002762,2026-02-01 19:47:00,DN-02,Han River Bridge,Hai Chau,16.0718,108.2268,motorbike,19.5,S,CAM-02-3
OBS-0002763,2026-02-01 12:39:00,DN-05,2 September Street,Hai Chau,16.0481,108.223,car,38.4,E,CAM-05-2
OBS-0002764,2026-02-02 01:04:00,DN-02,Han River Bridge,Hai Chau,16.0718,108.2268,motorbike,51.5,W,CAM-02-3
OBS-0002765,2026-01-01 20:38:00,DN-01,Dragon Bridge,Hai Chau,16.0611,108.2273,car,32.7,W,CAM-01-1
OBS-0002766,2026-01-01 18:47:00,DN-04,Dien Bien Phu,Thanh Khe,16.0666,108.1912,car,26.6,E,CAM-04-1
OBS-0002767,2026-03-04 19:19:00,DN-02,Han River Bridge,Hai Chau,16.0718,108.2268,motorbike,27.6,E,CAM-02-2
OBS-0002768,2026-02-16 19:23:00,DN-02,Han River Bridge,Hai Chau,16.0718,108.2268,motorbike,31.9,N,CAM-02-2
OBS-0002769,2026-01-04 04:59:00,DN-03,Nguyen Van Linh,Hai Chau,16.0595,108.2115,motorbike,33.6,E,CAM-03-3
OBS-0002770,2026-01-29 10:16:00,DN-04,Dien Bien Phu,Thanh Khe,16.0666,108.1912,car,32.4,S,CAM-04-3
OBS-0002771,2026-01-29 04:32:00,DN-05,2 September Street,Hai Chau,16.0481,108.223,bus,40.9,E,CAM-05-1
OBS-0002772,2026-01-07 12:29:00,DN-06,Ngo Quyen,Son Tra,16.0644,108.2358,car,43.8,N,CAM-06-1
OBS-0002773,2026-02-27 21:02:00,DN-01,Dragon Bridge,Hai Chau,16.0611,108.2273,car,33.4,N,CAM-01-2
OBS-0002774,2026-02-03 15:44:00,DN-01,Dragon Bridge,Hai Chau,16.0611,108.2273,motorbike,29.0,W,CAM-01-2
OBS-0002775,2026-01-22 04:49:00,DN-01,Dragon Bridge,Hai Chau,16.0611,108.2273,car,26.3,S,CAM-01-2
OBS-0002776,2026-01-26 00:11:00,DN-05,2 September Street,Hai Chau,16.0481,108.223,truck,39.4,N,CAM-05-3
OBS-0002777,2026-01-31 18:38:00,DN-01,Dragon Bridge,Hai Chau,16.0611,108.2273,car,11.2,N,CAM-01-1
OBS-0002778,2026-02-24 13:43:00,DN-02,Han River Bridge,Hai Chau,16.0718,108.2268,bus,36.4,S,CAM-02-3
OBS-0002779,2026-02-02 23:45:00,DN-06,Ngo Quyen,Son Tra,16.0644,108.2358,bus,30.2,N,CAM-06-1
OBS-0002780,2026-02-19 13:14:00,DN-02,Han River Bridge,Hai Chau,16.0718,108.2268,motorbike,29.5,S,CAM-02-1
OBS-0002781,2026-03-29 16:46:00,DN-06,Ngo Quyen,Son Tra,16.0644,108.2358,motorbike,24.0,W,CAM-06-2
OBS-0002782,2026-02-03 11:52:00,DN-05,2 September Street,Hai Chau,16.0481,108.223,truck,46.4,E,CAM-05-3
OBS-0002783,2026-03-14 08:21:00,DN-02,Han River Bridge,Hai Chau,16.0718,108.2268,motorbike,26.2,W,CAM-02-1
OBS-0002784,2026-02-08 12:04:00,DN-05,2 September Street,Hai Chau,16.0481,108.223,motorbike,50.4,S,CAM-05-2
OBS-0002785,2026-01-19 16:03:00,DN-06,Ngo Quyen,Son Tra,16.0644,108.2358,motorbike,22.8,S,CAM-06-2
OBS-0002786,2026-02-03 09:07:00,DN-05,2 September Street,Hai Chau,16.0481,108.223,motorbike,27.1,W,CAM-05-3
OBS-0002787,2026-01-01 13:19:00,DN-03,Nguyen Van Linh,Hai Chau,16.0595,108.2115,motorbike,38.1,E,CAM-03-1
OBS-0002788,2026-01-11 03:31:00,DN-04,Dien Bien Phu,Thanh Khe,16.0666,108.1912,bus,33.9,N,CAM-04-1
OBS-0002789,2026-02-10 03:43:00,DN-04,Dien Bien Phu,Thanh Khe,16.0666,108.1912,motorbike,32.6,E,CAM-04-3
OBS-0002790,2026-02-12 13:08:00,DN-02,Han River Bridge,Hai Chau,16.0718,108.2268,motorbike,38.4,W,CAM-02-2
OBS-0002791,2026-03-05 12:23:00,DN-03,Nguyen Van Linh,Hai Chau,16.0595,108.2115,motorbike,42.2,S,CAM-03-3
OBS-0002792,2026-02-25 11:48:00,DN-06,Ngo Quyen,Son Tra,16.0644,108.2358,motorbike,39.0,E,CAM-06-1
OBS-0002793,2026-01-11 13:25:00,DN-03,Nguyen Van Linh,Hai Chau,16.0595,108.2115,motorbike,36.1,S,CAM-03-3
OBS-0002794,2026-03-25 19:27:00,DN-05,2 September Street,Hai Chau,16.0481,108.223,truck,15.8,S,CAM-05-3
OBS-0002795,2026-02-17 15:19:00,DN-01,Dragon Bridge,Hai Chau,16.0611,108.2273,motorbike,29.0,W,CAM-01-1
OBS-0002796,2026-01-06 00:26:00,DN-01,Dragon Bridge,Hai Chau,16.0611,108.2273,motorbike,40.7,N,CAM-01-2
OBS-0002797,2026-03-16 13:21:00,DN-01,Dragon Bridge,Hai Chau,16.0611,108.2273,car,47.6,S,CAM-01-1
OBS-0002798,2026-01-21 03:00:00,DN-03,Nguyen Van Linh,Hai Chau,16.0595,108.2115,car,37.5,N,CAM-03-3
OBS-0002799,2026-03-20 15:15:00,DN-02,Han River Bridge,Hai Chau,16.0718,108.2268,motorbike,44.1,E,CAM-02-1
OBS-0002800,2026-03-15 04:07:00,DN-03,Nguyen Van Linh,Hai Chau,16.0595,108.2115,motorbike,40.3,W,CAM-03-2
OBS-0002801,2026-02-03 04:41:00,DN-04,Dien Bien Phu,Thanh Khe,16.0666,108.1912,motorbike,29.6,N,CAM-04-2
OBS-0002802,2026-01-11 21:40:00,DN-06,Ngo Quyen,Son Tra,16.0644,108.2358,car,44.7,N,CAM-06-1
OBS-0002803,2026-03-15 23:48:00,DN-01,Dragon Bridge,Hai Chau,16.0611,108.2273,bus,26.4,N,CAM-01-3
OBS-0002804,2026-01-02 23:35:00,DN-06,Ngo Quyen,Son Tra,16.0644,108.2358,motorbike,46.0,E,CAM-06-3
OBS-0002805,2026-03-08 06:39:00,DN-06,Ngo Quyen,Son Tra,16.0644,108.2358,motorbike,38.0,S,CAM-06-1
OBS-0002806,2026-03-20 04:18:00,DN-01,Dragon Bridge,Hai Chau,16.0611,108.2273,motorbike,26.7,S,CAM-01-1
OBS-0002807,2026-01-20 01:17:00,DN-04,Dien Bien Phu,Thanh Khe,16.0666,108.1912,motorbike,31.0,E,CAM-04-2
OBS-0002808,2026-03-27 09:51:00,DN-02,Han River Bridge,Hai Chau,16.0718,108.2268,car,21.4,E,CAM-02-3
OBS-0002809,2026-01-28 07:52:00,DN-05,2 September Street,Hai Chau,16.0481,108.223,motorbike,47.5,W,CAM-05-1
OBS-0002810,2026-01-16 21:13:00,DN-04,Dien Bien Phu,Thanh Khe,16.0666,108.1912,car,23.1,N,CAM-04-3
OBS-0002811,2026-01-24 17:03:00,DN-04,Dien Bien Phu,Thanh Khe,16.0666,108.1912,motorbike,29.1,S,CAM-04-2
OBS-0002812,2026-01-08 22:58:00,DN-02,Han River Bridge,Hai Chau,16.0718,108.2268,motorbike,31.4,N,CAM-02-1
OBS-0002813,2026-02-24 22:37:00,DN-06,Ngo Quyen,Son Tra,16.0644,108.2358,car,30.1,N,CAM-06-1
OBS-0002814,2026-03-04 03:03:00,DN-03,Nguyen Van Linh,Hai Chau,16.0595,108.2115,motorbike,36.7,E,CAM-03-1
OBS-0002815,2026-02-15 05:23:00,DN-03,Nguyen Van Linh,Hai Chau,16.0595,108.2115,motorbike,39.9,S,CAM-03-2
OBS-0002816,2026-01-16 18:17:00,DN-05,2 September Street,Hai Chau,16.0481,108.223,car,24.3,N,CAM-05-3
OBS-0002817,2026-03-18 21:43:00,DN-05,2 September Street,Hai Chau,16.0481,108.223,car,29.7,E,CAM-05-3
OBS-0002818,2026-01-29 10:45:00,DN-05,2 September Street,Hai Chau,16.0481,108.223,motorbike,44.2,W,CAM-05-1
OBS-0002819,2026-01-20 13:11:00,DN-01,Dragon Bridge,Hai Chau,16.0611,108.2273,motorbike,42.3,W,CAM-01-2
OBS-0002820,2026-03-13 15:44:00,DN-01,Dragon Bridge,Hai Chau,16.0611,108.2273,car,36.6,S,CAM-01-1
OBS-0002821,2026-01-01 06:46:00,DN-01,Dragon Bridge,Hai Chau,16.0611,108.2273,motorbike,34.7,N,CAM-01-3
OBS-0002822,2026-01-31 06:02:00,DN-02,Han River Bridge,Hai Chau,16.0718,108.2268,bus,22.8,N,CAM-02-3
OBS-0002823,2026-02-23 06:12:00,DN-01,Dragon Bridge,Hai Chau,16.0611,108.2273,motorbike,39.8,E,CAM-01-1
OBS-0002824,2026-02-18 23:25:00,DN-03,Nguyen Van Linh,Hai Chau,16.0595,108.2115,motorbike,36.7,N,CAM-03-3
OBS-0002825,2026-02-17 01:32:00,DN-04,Dien Bien Phu,Thanh Khe,16.0666,108.1912,motorbike,39.8,S,CAM-04-1
OBS-0002826,2026-02-22 16:01:00,DN-06,Ngo Quyen,Son Tra,16.0644,108.2358,car,10.7,S,CAM-06-1
OBS-0002827,2026-03-03 08:43:00,DN-01,Dragon Bridge,Hai Chau,16.0611,108.2273,motorbike,32.4,S,CAM-01-3
OBS-0002828,2026-02-03 16:37:00,DN-03,Nguyen Van Linh,Hai Chau,16.0595,108.2115,motorbike,19.5,E,CAM-03-1
OBS-0002829,2026-02-15 03:55:00,DN-01,Dragon Bridge,Hai Chau,16.0611,108.2273,car,20.9,N,CAM-01-3
OBS-0002830,2026-03-30 14:29:00,DN-03,Nguyen Van Linh,Hai Chau,16.0595,108.2115,motorbike,44.0,N,CAM-03-2
OBS-0002831,2026-01-17 09:24:00,DN-05,2 September Street,Hai Chau,16.0481,108.223,motorbike,4.3,W,CAM-05-3
OBS-0002832,2026-01-02 02:17:00,DN-05,2 September Street,Hai Chau,16.0481,108.223,bus,33.6,S,CAM-05-1
OBS-0002833,2026-02-23 22:09:00,DN-06,Ngo Quyen,Son Tra,16.0644,108.2358,motorbike,40.9,E,CAM-06-2
OBS-0002834,2026-03-10 09:45:00,DN-05,2 September Street,Hai Chau,16.0481,108.223,bus,15.1,E,CAM-05-3
OBS-0002835,2026-02-26 02:36:00,DN-02,Han River Bridge,Hai Chau,16.0718,108.2268,car,37.6,E,CAM-02-2
OBS-0002836,2026-03-21 19:47:00,DN-03,Nguyen Van Linh,Hai Chau,16.0595,108.2115,motorbike,10.0,W,CAM-03-2
OBS-0002837,2026-01-13 17:45:00,DN-06,Ngo Quyen,Son Tra,16.0644,108.2358,motorbike,11.8,S,CAM-06-3
OBS-0002838,2026-01-10 08:31:00,DN-05,2 September Street,Hai Chau,16.0481,108.223,motorbike,18.5,S,CAM-05-3
OBS-0002839,2026-03-05 12:51:00,DN-01,Dragon Bridge,Hai Chau,16.0611,108.2273,motorbike,47.4,S,CAM-01-1
OBS-0002840,2026-01-12 09:10:00,DN-05,2 September Street,Hai Chau,16.0481,108.223,bus,13.6,W,CAM-05-1
OBS-0002841,2026-02-05 10:14:00,DN-03,Nguyen Van Linh,Hai Chau,16.0595,108.2115,motorbike,35.2,E,CAM-03-2
OBS-0002842,2026-01-28 00:28:00,DN-01,Dragon Bridge,Hai Chau,16.0611,108.2273,bus,32.9,S,CAM-01-1
OBS-0002843,2026-02-19 14:48:00,DN-05,2 September Street,Hai Chau,16.0481,108.223,motorbike,22.7,N,CAM-05-2
OBS-0002844,2026-03-02 18:05:00,DN-06,Ngo Quyen,Son Tra,16.0644,108.2358,car,17.9,S,CAM-06-1
OBS-0002845,2026-02-22 09:40:00,DN-06,Ngo Quyen,Son Tra,16.0644,108.2358,car,26.0,N,CAM-06-2
OBS-0002846,2026-03-09 05:03:00,DN-05,2 September Street,Hai Chau,16.0481,108.223,car,23.4,E,CAM-05-1
OBS-0002847,2026-02-26 08:17:00,DN-05,2 September Street,Hai Chau,16.0481,108.223,car,37.2,E,CAM-05-3
OBS-0002848,2026-01-25 21:45:00,DN-04,Dien Bien Phu,Thanh Khe,16.0666,108.1912,car,42.3,W,CAM-04-1
OBS-0002849,2026-01-14 21:29:00,DN-05,2 September Street,Hai Chau,16.0481,108.223,car,39.4,S,CAM-05-3
OBS-0002850,2026-03-07 21:34:00,DN-01,Dragon Bridge,Hai Chau,16.0611,108.2273,bus,37.5,E,CAM-01-2
OBS-0002851,2026-02-17 01:33:00,DN-06,Ngo Quyen,Son Tra,16.0644,108.2358,motorbike,39.3,E,CAM-06-1
OBS-0002852,2026-02-15 09:26:00,DN-01,Dragon Bridge,Hai Chau,16.0611,108.2273,motorbike,18.6,N,CAM-01-1
OBS-0002853,2026-02-19 18:55:00,DN-01,Dragon Bridge,Hai Chau,16.0611,108.2273,car,12.2,S,CAM-01-1
OBS-0002854,2026-01-28 15:41:00,DN-04,Dien Bien Phu,Thanh Khe,16.0666,108.1912,motorbike,29.7,E,CAM-04-2
OBS-0002855,2026-03-03 21:14:00,DN-04,Dien Bien Phu,Thanh Khe,16.0666,108.1912,car,25.9,W,CAM-04-2
OBS-0002856,2026-01-10 18:35:00,DN-06,Ngo Quyen,Son Tra,16.0644,108.2358,car,32.4,S,CAM-06-2
OBS-0002857,2026-01-25 08:12:00,DN-06,Ngo Quyen,Son Tra,16.0644,108.2358,motorbike,17.5,S,CAM-06-2
OBS-0002858,2026-01-24 18:20:00,DN-04,Dien Bien Phu,Thanh Khe,16.0666,108.1912,car,28.4,N,CAM-04-1
OBS-0002859,2026-03-18 13:42:00,DN-06,Ngo Quyen,Son Tra,16.0644,108.2358,truck,43.3,N,CAM-06-3
OBS-0002860,2026-03-03 12:45:00,DN-06,Ngo Quyen,Son Tra,16.0644,108.2358,car,37.6,N,CAM-06-2
OBS-0002861,2026-02-23 22:30:00,DN-06,Ngo Quyen,Son Tra,16.0644,108.2358,motorbike,45.9,N,CAM-06-3
OBS-0002862,2026-02-03 01:13:00,DN-03,Nguyen Van Linh,Hai Chau,16.0595,108.2115,motorbike,30.0,S,CAM-03-1
OBS-0002863,2026-01-11 22:49:00,DN-04,Dien Bien Phu,Thanh Khe,16.0666,108.1912,motorbike,29.6,E,CAM-04-1
OBS-0002864,2026-03-11 10:07:00,DN-01,Dragon Bridge,Hai Chau,16.0611,108.2273,car,33.0,N,CAM-01-2
OBS-0002865,2026-02-26 10:31:00,DN-03,Nguyen Van Linh,Hai Chau,16.0595,108.2115,car,34.3,E,CAM-03-3
OBS-0002866,2026-01-26 22:24:00,DN-05,2 September Street,Hai Chau,16.0481,108.223,motorbike,28.0,W,CAM-05-2
OBS-0002867,2026-01-24 12:12:00,DN-03,Nguyen Van Linh,Hai Chau,16.0595,108.2115,motorbike,36.6,W,CAM-03-1
OBS-0002868,2026-03-31 21:06:00,DN-05,2 September Street,Hai Chau,16.0481,108.223,motorbike,37.6,E,CAM-05-1
OBS-0002869,2026-02-23 07:23:00,DN-02,Han River Bridge,Hai Chau,16.0718,108.2268,motorbike,17.3,N,CAM-02-3
OBS-0002870,2026-01-12 22:57:00,DN-02,Han River Bridge,Hai Chau,16.0718,108.2268,car,41.3,S,CAM-02-2
OBS-0002871,2026-03-30 06:55:00,DN-02,Han River Bridge,Hai Chau,16.0718,108.2268,motorbike,37.9,E,CAM-02-2
OBS-0002872,2026-02-08 02:31:00,DN-03,Nguyen Van Linh,Hai Chau,16.0595,108.2115,car,38.5,E,CAM-03-2
OBS-0002873,2026-01-26 14:11:00,DN-01,Dragon Bridge,Hai Chau,16.0611,108.2273,motorbike,25.4,E,CAM-01-1
OBS-0002874,2026-02-03 04:08:00,DN-04,Dien Bien Phu,Thanh Khe,16.0666,108.1912,motorbike,43.4,S,CAM-04-2
OBS-0002875,2026-01-25 15:36:00,DN-04,Dien Bien Phu,Thanh Khe,16.0666,108.1912,car,30.6,S,CAM-04-2
OBS-0002876,2026-02-05 08:26:00,DN-02,Han River Bridge,Hai Chau,16.0718,108.2268,motorbike,24.2,E,CAM-02-1
OBS-0002877,2026-03-22 16:54:00,DN-06,Ngo Quyen,Son Tra,16.0644,108.2358,motorbike,26.3,N,CAM-06-2
OBS-0002878,2026-03-15 16:16:00,DN-03,Nguyen Van Linh,Hai Chau,16.0595,108.2115,motorbike,11.9,S,CAM-03-2
OBS-0002879,2026-02-03 11:40:00,DN-04,Dien Bien Phu,Thanh Khe,16.0666,108.1912,motorbike,39.2,N,CAM-04-3
OBS-0002880,2026-02-18 14:56:00,DN-01,Dragon Bridge,Hai Chau,16.0611,108.2273,motorbike,36.7,E,CAM-01-1
OBS-0002881,2026-03-27 15:12:00,DN-01,Dragon Bridge,Hai Chau,16.0611,108.2273,motorbike,34.1,N,CAM-01-3
OBS-0002882,2026-03-26 22:55:00,DN-02,Han River Bridge,Hai Chau,16.0718,108.2268,car,30.8,W,CAM-02-1
OBS-0002883,2026-01-02 02:08:00,DN-06,Ngo Quyen,Son Tra,16.0644,108.2358,car,51.5,W,CAM-06-3
OBS-0002884,2026-01-03 19:48:00,DN-06,Ngo Quyen,Son Tra,16.0644,108.2358,car,25.5,S,CAM-06-2
OBS-0002885,2026-03-09 23:10:00,DN-02,Han River Bridge,Hai Chau,16.0718,108.2268,motorbike,40.2,N,CAM-02-1
OBS-0002886,2026-03-11 20:59:00,DN-03,Nguyen Van Linh,Hai Chau,16.0595,108.2115,motorbike,44.0,W,CAM-03-3
OBS-0002887,2026-01-09 01:09:00,DN-02,Han River Bridge,Hai Chau,16.0718,108.2268,motorbike,29.6,W,CAM-02-3
OBS-0002888,2026-01-12 22:50:00,DN-02,Han River Bridge,Hai Chau,16.0718,108.2268,motorbike,32.1,S,CAM-02-3
OBS-0002889,2026-03-10 06:32:00,DN-06,Ngo Quyen,Son Tra,16.0644,108.2358,motorbike,38.0,E,CAM-06-3
OBS-0002890,2026-02-06 23:58:00,DN-05,2 September Street,Hai Chau,16.0481,108.223,bus,37.2,N,CAM-05-1
OBS-0002891,2026-02-07 05:02:00,DN-05,2 September Street,Hai Chau,16.0481,108.223,car,21.4,N,CAM-05-2
OBS-0002892,2026-01-22 12:43:00,DN-04,Dien Bien Phu,Thanh Khe,16.0666,108.1912,motorbike,36.1,W,CAM-04-1
OBS-0002893,2026-01-09 00:47:00,DN-02,Han River Bridge,Hai Chau,16.0718,108.2268,car,50.6,N,CAM-02-2
OBS-0002894,2026-02-09 10:42:00,DN-05,2 September Street,Hai Chau,16.0481,108.223,motorbike,47.7,W,CAM-05-1
OBS-0002895,2026-01-31 00:46:00,DN-05,2 September Street,Hai Chau,16.0481,108.223,car,44.7,E,CAM-05-1
OBS-0002896,2026-02-18 20:41:00,DN-05,2 September Street,Hai Chau,16.0481,108.223,motorbike,50.6,S,CAM-05-3
OBS-0002897,2026-03-09 12:26:00,DN-06,Ngo Quyen,Son Tra,16.0644,108.2358,motorbike,39.7,N,CAM-06-2
OBS-0002898,2026-01-25 17:24:00,DN-03,Nguyen Van Linh,Hai Chau,16.0595,108.2115,motorbike,16.5,W,CAM-03-3
OBS-0002899,2026-03-20 05:35:00,DN-04,Dien Bien Phu,Thanh Khe,16.0666,108.1912,motorbike,35.3,E,CAM-04-3
OBS-0002900,2026-03-08 01:45:00,DN-04,Dien Bien Phu,Thanh Khe,16.0666,108.1912,car,36.5,S,CAM-04-1
OBS-0002901,2026-03-19 13:14:00,DN-05,2 September Street,Hai Chau,16.0481,108.223,car,36.5,W,CAM-05-1
OBS-0002902,2026-01-05 08:46:00,DN-02,Han River Bridge,Hai Chau,16.0718,108.2268,car,34.0,S,CAM-02-2
OBS-0002903,2026-02-08 07:03:00,DN-05,2 September Street,Hai Chau,16.0481,108.223,motorbike,33.8,S,CAM-05-1
OBS-0002904,2026-02-02 15:16:00,DN-05,2 September Street,Hai Chau,16.0481,108.223,motorbike,36.1,N,CAM-05-1
OBS-0002905,2026-01-22 04:02:00,DN-05,2 September Street,Hai Chau,16.0481,108.223,car,28.6,E,CAM-05-3
OBS-0002906,2026-02-23 15:34:00,DN-03,Nguyen Van Linh,Hai Chau,16.0595,108.2115,motorbike,48.3,W,CAM-03-2
OBS-0002907,2026-03-16 13:05:00,DN-06,Ngo Quyen,Son Tra,16.0644,108.2358,motorbike,25.4,S,CAM-06-1
OBS-0002908,2026-02-10 00:50:00,DN-05,2 September Street,Hai Chau,16.0481,108.223,car,40.6,W,CAM-05-1
OBS-0002909,2026-01-11 10:36:00,DN-01,Dragon Bridge,Hai Chau,16.0611,108.2273,motorbike,37.5,E,CAM-01-3
OBS-0002910,2026-03-26 12:39:00,DN-02,Han River Bridge,Hai Chau,16.0718,108.2268,motorbike,44.2,N,CAM-02-3
OBS-0002911,2026-03-28 06:35:00,DN-01,Dragon Bridge,Hai Chau,16.0611,108.2273,motorbike,27.2,W,CAM-01-1
OBS-0002912,2026-03-19 11:43:00,DN-01,Dragon Bridge,Hai Chau,16.0611,108.2273,car,38.3,S,CAM-01-2
OBS-0002913,2026-02-06 11:37:00,DN-01,Dragon Bridge,Hai Chau,16.0611,108.2273,car,39.0,S,CAM-01-1
OBS-0002914,2026-02-11 06:01:00,DN-04,Dien Bien Phu,Thanh Khe,16.0666,108.1912,motorbike,37.4,E,CAM-04-2
OBS-0002915,2026-03-16 02:02:00,DN-03,Nguyen Van Linh,Hai Chau,16.0595,108.2115,motorbike,30.7,N,CAM-03-2
OBS-0002916,2026-02-12 06:34:00,DN-04,Dien Bien Phu,Thanh Khe,16.0666,108.1912,motorbike,50.6,N,CAM-04-3
OBS-0002917,2026-03-30 06:42:00,DN-03,Nguyen Van Linh,Hai Chau,16.0595,108.2115,motorbike,32.8,W,CAM-03-3
OBS-0002918,2026-03-12 20:36:00,DN-01,Dragon Bridge,Hai Chau,16.0611,108.2273,motorbike,29.6,N,CAM-01-2
OBS-0002919,2026-02-14 05:21:00,DN-03,Nguyen Van Linh,Hai Chau,16.0595,108.2115,motorbike,41.2,E,CAM-03-2
OBS-0002920,2026-03-25 18:59:00,DN-04,Dien Bien Phu,Thanh Khe,16.0666,108.1912,truck,29.1,W,CAM-04-1
OBS-0002921,2026-01-27 04:21:00,DN-02,Han River Bridge,Hai Chau,16.0718,108.2268,motorbike,40.7,N,CAM-02-1
OBS-0002922,2026-01-25 18:19:00,DN-03,Nguyen Van Linh,Hai Chau,16.0595,108.2115,car,28.7,S,CAM-03-2
OBS-0002923,2026-03-01 21:15:00,DN-02,Han River Bridge,Hai Chau,16.0718,108.2268,car,51.0,N,CAM-02-3
OBS-0002924,2026-03-27 00:45:00,DN-05,2 September Street,Hai Chau,16.0481,108.223,car,31.9,S,CAM-05-2
OBS-0002925,2026-03-18 15:09:00,DN-01,Dragon Bridge,Hai Chau,16.0611,108.2273,motorbike,43.9,S,CAM-01-1
OBS-0002926,2026-02-20 01:53:00,DN-05,2 September Street,Hai Chau,16.0481,108.223,car,42.9,N,CAM-05-2
OBS-0002927,2026-02-01 16:52:00,DN-04,Dien Bien Phu,Thanh Khe,16.0666,108.1912,motorbike,23.2,N,CAM-04-2
OBS-0002928,2026-01-15 19:18:00,DN-05,2 September Street,Hai Chau,16.0481,108.223,car,27.1,E,CAM-05-1
OBS-0002929,2026-03-12 04:30:00,DN-02,Han River Bridge,Hai Chau,16.0718,108.2268,motorbike,26.8,S,CAM-02-1
OBS-0002930,2026-01-25 01:00:00,DN-04,Dien Bien Phu,Thanh Khe,16.0666,108.1912,truck,53.2,E,CAM-04-3
OBS-0002931,2026-01-12 02:58:00,DN-06,Ngo Quyen,Son Tra,16.0644,108.2358,motorbike,38.4,W,CAM-06-2
OBS-0002932,2026-01-26 03:26:00,DN-04,Dien Bien Phu,Thanh Khe,16.0666,108.1912,car,35.9,E,CAM-04-3
OBS-0002933,2026-03-06 16:35:00,DN-04,Dien Bien Phu,Thanh Khe,16.0666,108.1912,bus,6.0,W,CAM-04-3
OBS-0002934,2026-02-03 08:49:00,DN-06,Ngo Quyen,Son Tra,16.0644,108.2358,motorbike,29.0,E,CAM-06-1
OBS-0002935,2026-02-09 10:11:00,DN-03,Nguyen Van Linh,Hai Chau,16.0595,108.2115,car,33.6,N,CAM-03-2
OBS-0002936,2026-03-08 11:37:00,DN-01,Dragon Bridge,Hai Chau,16.0611,108.2273,car,37.0,E,CAM-01-3
OBS-0002937,2026-01-13 00:35:00,DN-03,Nguyen Van Linh,Hai Chau,16.0595,108.2115,car,49.6,N,CAM-03-1
OBS-0002938,2026-03-09 18:26:00,DN-02,Han River Bridge,Hai Chau,16.0718,108.2268,motorbike,21.4,S,CAM-02-1
OBS-0002939,2026-02-25 11:33:00,DN-01,Dragon Bridge,Hai Chau,16.0611,108.2273,motorbike,40.5,W,CAM-01-2
OBS-0002940,2026-03-16 18:16:00,DN-03,Nguyen Van Linh,Hai Chau,16.0595,108.2115,motorbike,17.4,W,CAM-03-1
OBS-0002941,2026-01-16 01:38:00,DN-05,2 September Street,Hai Chau,16.0481,108.223,car,41.5,N,CAM-05-1
OBS-0002942,2026-01-08 22:05:00,DN-03,Nguyen Van Linh,Hai Chau,16.0595,108.2115,motorbike,41.7,E,CAM-03-2
OBS-0002943,2026-02-12 04:48:00,DN-02,Han River Bridge,Hai Chau,16.0718,108.2268,motorbike,46.6,E,CAM-02-1
OBS-0002944,2026-01-27 05:24:00,DN-05,2 September Street,Hai Chau,16.0481,108.223,motorbike,39.2,S,CAM-05-3
OBS-0002945,2026-02-19 20:43:00,DN-03,Nguyen Van Linh,Hai Chau,16.0595,108.2115,motorbike,31.5,W,CAM-03-3
OBS-0002946,2026-03-20 21:41:00,DN-01,Dragon Bridge,Hai Chau,16.0611,108.2273,car,37.4,W,CAM-01-3
OBS-0002947,2026-02-01 09:42:00,DN-02,Han River Bridge,Hai Chau,16.0718,108.2268,motorbike,19.5,S,CAM-02-3
OBS-0002948,2026-01-04 05:58:00,DN-03,Nguyen Van Linh,Hai Chau,16.0595,108.2115,truck,33.5,E,CAM-03-1
OBS-0002949,2026-01-01 15:53:00,DN-04,Dien Bien Phu,Thanh Khe,16.0666,108.1912,car,48.5,N,CAM-04-3
OBS-0002950,2026-01-14 15:44:00,DN-06,Ngo Quyen,Son Tra,16.0644,108.2358,car,46.0,N,CAM-06-3
OBS-0002951,2026-02-17 23:56:00,DN-05,2 September Street,Hai Chau,16.0481,108.223,motorbike,32.6,W,CAM-05-3
OBS-0002952,2026-03-05 00:31:00,DN-04,Dien Bien Phu,Thanh Khe,16.0666,108.1912,motorbike,36.0,N,CAM-04-3
OBS-0002953,2026-03-06 03:40:00,DN-05,2 September Street,Hai Chau,16.0481,108.223,car,17.9,W,CAM-05-2
OBS-0002954,2026-01-20 17:06:00,DN-02,Han River Bridge,Hai Chau,16.0718,108.2268,motorbike,26.6,N,CAM-02-1
OBS-0002955,2026-02-10 21:20:00,DN-06,Ngo Quyen,Son Tra,16.0644,108.2358,motorbike,34.0,W,CAM-06-3
OBS-0002956,2026-02-26 12:28:00,DN-02,Han River Bridge,Hai Chau,16.0718,108.2268,motorbike,36.5,N,CAM-02-2
OBS-0002957,2026-01-08 04:28:00,DN-03,Nguyen Van Linh,Hai Chau,16.0595,108.2115,motorbike,39.7,W,CAM-03-1
OBS-0002958,2026-01-06 11:28:00,DN-04,Dien Bien Phu,Thanh Khe,16.0666,108.1912,motorbike,25.9,E,CAM-04-1
OBS-0002959,2026-02-16 19:02:00,DN-04,Dien Bien Phu,Thanh Khe,16.0666,108.1912,motorbike,22.2,W,CAM-04-1
OBS-0002960,2026-03-11 08:27:00,DN-04,Dien Bien Phu,Thanh Khe,16.0666,108.1912,car,20.3,N,CAM-04-3
OBS-0002961,2026-03-06 13:52:00,DN-03,Nguyen Van Linh,Hai Chau,16.0595,108.2115,motorbike,36.3,S,CAM-03-1
OBS-0002962,2026-03-06 12:25:00,DN-03,Nguyen Van Linh,Hai Chau,16.0595,108.2115,car,37.9,N,CAM-03-2
OBS-0002963,2026-02-14 14:35:00,DN-06,Ngo Quyen,Son Tra,16.0644,108.2358,motorbike,28.7,E,CAM-06-1
OBS-0002964,2026-01-01 20:06:00,DN-06,Ngo Quyen,Son Tra,16.0644,108.2358,motorbike,35.7,W,CAM-06-2
OBS-0002965,2026-02-10 12:02:00,DN-01,Dragon Bridge,Hai Chau,16.0611,108.2273,car,38.9,W,CAM-01-2
OBS-0002966,2026-03-24 22:05:00,DN-06,Ngo Quyen,Son Tra,16.0644,108.2358,motorbike,43.4,W,CAM-06-3
OBS-0002967,2026-01-03 10:58:00,DN-01,Dragon Bridge,Hai Chau,16.0611,108.2273,motorbike,33.0,S,CAM-01-3
OBS-0002968,2026-02-11 11:18:00,DN-05,2 September Street,Hai Chau,16.0481,108.223,car,41.7,W,CAM-05-1
OBS-0002969,2026-01-28 09:47:00,DN-01,Dragon Bridge,Hai Chau,16.0611,108.2273,motorbike,36.1,N,CAM-01-1
OBS-0002970,2026-02-22 02:41:00,DN-01,Dragon Bridge,Hai Chau,16.0611,108.2273,truck,25.1,N,CAM-01-2
OBS-0002971,2026-02-01 23:51:00,DN-03,Nguyen Van Linh,Hai Chau,16.0595,108.2115,motorbike,35.3,S,CAM-03-2
OBS-0002972,2026-01-11 23:59:00,DN-06,Ngo Quyen,Son Tra,16.0644,108.2358,motorbike,48.7,S,CAM-06-1
OBS-0002973,2026-02-27 05:43:00,DN-02,Han River Bridge,Hai Chau,16.0718,108.2268,bus,26.6,N,CAM-02-2
OBS-0002974,2026-03-01 09:39:00,DN-04,Dien Bien Phu,Thanh Khe,16.0666,108.1912,motorbike,24.8,S,CAM-04-2
OBS-0002975,2026-02-20 19:32:00,DN-01,Dragon Bridge,Hai Chau,16.0611,108.2273,motorbike,17.0,S,CAM-01-2
OBS-0002976,2026-03-14 20:54:00,DN-03,Nguyen Van Linh,Hai Chau,16.0595,108.2115,car,29.5,E,CAM-03-1
OBS-0002977,2026-02-24 23:36:00,DN-03,Nguyen Van Linh,Hai Chau,16.0595,108.2115,motorbike,42.9,N,CAM-03-2
OBS-0002978,2026-02-07 17:55:00,DN-04,Dien Bien Phu,Thanh Khe,16.0666,108.1912,car,4.7,N,CAM-04-2
OBS-0002979,2026-03-31 03:58:00,DN-02,Han River Bridge,Hai Chau,16.0718,108.2268,truck,45.0,E,CAM-02-3
OBS-0002980,2026-02-14 07:07:00,DN-04,Dien Bien Phu,Thanh Khe,16.0666,108.1912,motorbike,13.7,N,CAM-04-2
OBS-0002981,2026-02-02 12:33:00,DN-05,2 September Street,Hai Chau,16.0481,108.223,motorbike,26.9,S,CAM-05-2
OBS-0002982,2026-01-17 11:03:00,DN-04,Dien Bien Phu,Thanh Khe,16.0666,108.1912,car,31.8,W,CAM-04-2
OBS-0002983,2026-03-15 06:47:00,DN-06,Ngo Quyen,Son Tra,16.0644,108.2358,car,42.0,W,CAM-06-3
OBS-0002984,2026-02-09 10:58:00,DN-05,2 September Street,Hai Chau,16.0481,108.223,motorbike,32.0,E,CAM-05-2
OBS-0002985,2026-01-01 09:18:00,DN-01,Dragon Bridge,Hai Chau,16.0611,108.2273,motorbike,25.3,N,CAM-01-1
OBS-0002986,2026-01-13 12:22:00,DN-04,Dien Bien Phu,Thanh Khe,16.0666,108.1912,motorbike,35.9,S,CAM-04-1
OBS-0002987,2026-02-16 06:23:00,DN-05,2 September Street,Hai Chau,16.0481,108.223,motorbike,27.3,W,CAM-05-3
OBS-0002988,2026-03-01 20:33:00,DN-06,Ngo Quyen,Son Tra,16.0644,108.2358,motorbike,28.8,W,CAM-06-1
OBS-0002989,2026-03-01 04:11:00,DN-05,2 September Street,Hai Chau,16.0481,108.223,motorbike,34.6,N,CAM-05-3
OBS-0002990,2026-01-23 15:57:00,DN-04,Dien Bien Phu,Thanh Khe,16.0666,108.1912,car,36.5,E,CAM-04-1
OBS-0002991,2026-01-30 15:14:00,DN-02,Han River Bridge,Hai Chau,16.0718,108.2268,motorbike,55.9,W,CAM-02-1
OBS-0002992,2026-01-16 12:14:00,DN-02,Han River Bridge,Hai Chau,16.0718,108.2268,car,36.4,S,CAM-02-1
OBS-0002993,2026-01-18 07:33:00,DN-02,Han River Bridge,Hai Chau,16.0718,108.2268,motorbike,14.2,S,CAM-02-2
OBS-0002994,2026-01-12 09:05:00,DN-03,Nguyen Van Linh,Hai Chau,16.0595,108.2115,motorbike,8.9,E,CAM-03-3
OBS-0002995,2026-03-28 12:43:00,DN-06,Ngo Quyen,Son Tra,16.0644,108.2358,motorbike,38.0,E,CAM-06-1
OBS-0002996,2026-01-29 02:33:00,DN-02,Han River Bridge,Hai Chau,16.0718,108.2268,motorbike,39.6,E,CAM-02-2
OBS-0002997,2026-02-12 10:56:00,DN-06,Ngo Quyen,Son Tra,16.0644,108.2358,motorbike,35.9,E,CAM-06-2
OBS-0002998,2026-03-19 04:29:00,DN-02,Han River Bridge,Hai Chau,16.0718,108.2268,bus,58.7,N,CAM-02-3
OBS-0002999,2026-01-28 09:47:00,DN-04,Dien Bien Phu,Thanh Khe,16.0666,108.1912,car,20.8,W,CAM-04-2
OBS-0003000,2026-03-26 18:05:00,DN-05,2 September Street,Hai Chau,16.0481,108.223,car,20.5,N,CAM-05-3
OBS-0003001,2026-01-18 11:45:00,DN-05,2 September Street,Hai Chau,16.0481,108.223,bus,26.5,E,CAM-05-3
OBS-0003002,2026-03-01 02:43:00,DN-02,Han River Bridge,Hai Chau,16.0718,108.2268,motorbike,21.2,E,CAM-02-2
OBS-0003003,2026-01-09 16:46:00,DN-01,Dragon Bridge,Hai Chau,16.0611,108.2273,bus,13.1,N,CAM-01-2
OBS-0003004,2026-03-25 00:19:00,DN-01,Dragon Bridge,Hai Chau,16.0611,108.2273,motorbike,25.0,E,CAM-01-3
OBS-0003005,2026-02-26 05:34:00,DN-05,2 September Street,Hai Chau,16.0481,108.223,car,27.6,E,CAM-05-2
OBS-0003006,2026-02-21 20:28:00,DN-06,Ngo Quyen,Son Tra,16.0644,108.2358,truck,37.8,E,CAM-06-2
OBS-0003007,2026-03-11 23:30:00,DN-06,Ngo Quyen,Son Tra,16.0644,108.2358,car,33.5,W,CAM-06-2
OBS-0003008,2026-01-21 12:29:00,DN-06,Ngo Quyen,Son Tra,16.0644,108.2358,motorbike,44.3,E,CAM-06-1
OBS-0003009,2026-02-25 17:23:00,DN-01,Dragon Bridge,Hai Chau,16.0611,108.2273,bus,14.7,E,CAM-01-2
OBS-0003010,2026-01-31 18:37:00,DN-03,Nguyen Van Linh,Hai Chau,16.0595,108.2115,truck,14.8,W,CAM-03-2
OBS-0003011,2026-02-28 13:36:00,DN-05,2 September Street,Hai Chau,16.0481,108.223,motorbike,27.6,S,CAM-05-3
OBS-0003012,2026-03-22 17:48:00,DN-04,Dien Bien Phu,Thanh Khe,16.0666,108.1912,car,31.0,E,CAM-04-3
OBS-0003013,2026-02-06 22:22:00,DN-02,Han River Bridge,Hai Chau,16.0718,108.2268,car,39.2,E,CAM-02-2
OBS-0003014,2026-03-02 03:55:00,DN-06,Ngo Quyen,Son Tra,16.0644,108.2358,motorbike,45.6,W,CAM-06-3
OBS-0003015,2026-02-17 11:28:00,DN-03,Nguyen Van Linh,Hai Chau,16.0595,108.2115,car,36.4,N,CAM-03-2
OBS-0003016,2026-02-22 17:22:00,DN-04,Dien Bien Phu,Thanh Khe,16.0666,108.1912,car,10.1,E,CAM-04-1
OBS-0003017,2026-03-13 08:20:00,DN-06,Ngo Quyen,Son Tra,16.0644,108.2358,motorbike,17.0,N,CAM-06-3
OBS-0003018,2026-02-08 21:37:00,DN-03,Nguyen Van Linh,Hai Chau,16.0595,108.2115,motorbike,30.3,S,CAM-03-2
OBS-0003019,2026-03-01 23:32:00,DN-06,Ngo Quyen,Son Tra,16.0644,108.2358,motorbike,30.6,S,CAM-06-1
OBS-0003020,2026-03-21 06:35:00,DN-02,Han River Bridge,Hai Chau,16.0718,108.2268,car,34.0,N,CAM-02-3
OBS-0003021,2026-01-30 11:32:00,DN-06,Ngo Quyen,Son Tra,16.0644,108.2358,car,42.3,E,CAM-06-3
OBS-0003022,2026-02-19 10:41:00,DN-01,Dragon Bridge,Hai Chau,16.0611,108.2273,car,41.9,W,CAM-01-1
OBS-0003023,2026-01-08 10:25:00,DN-06,Ngo Quyen,Son Tra,16.0644,108.2358,motorbike,32.7,E,CAM-06-2
OBS-0003024,2026-01-11 23:20:00,DN-03,Nguyen Van Linh,Hai Chau,16.0595,108.2115,car,42.5,W,CAM-03-1
OBS-0003025,2026-03-23 12:19:00,DN-03,Nguyen Van Linh,Hai Chau,16.0595,108.2115,car,27.1,W,CAM-03-3
OBS-0003026,2026-02-09 17:04:00,DN-03,Nguyen Van Linh,Hai Chau,16.0595,108.2115,car,25.4,N,CAM-03-1
OBS-0003027,2026-03-13 03:42:00,DN-05,2 September Street,Hai Chau,16.0481,108.223,motorbike,26.1,S,CAM-05-1
OBS-0003028,2026-03-11 08:00:00,DN-05,2 September Street,Hai Chau,16.0481,108.223,motorbike,21.2,S,CAM-05-1
OBS-0003029,2026-01-10 00:03:00,DN-06,Ngo Quyen,Son Tra,16.0644,108.2358,motorbike,50.6,E,CAM-06-1
OBS-0003030,2026-01-30 14:21:00,DN-01,Dragon Bridge,Hai Chau,16.0611,108.2273,motorbike,29.2,N,CAM-01-3
OBS-0003031,2026-01-24 04:02:00,DN-03,Nguyen Van Linh,Hai Chau,16.0595,108.2115,motorbike,22.3,N,CAM-03-3
OBS-0003032,2026-03-14 22:30:00,DN-02,Han River Bridge,Hai Chau,16.0718,108.2268,motorbike,38.1,S,CAM-02-1
OBS-0003033,2026-01-01 05:35:00,DN-06,Ngo Quyen,Son Tra,16.0644,108.2358,motorbike,51.1,E,CAM-06-2
OBS-0003034,2026-02-26 17:06:00,DN-02,Han River Bridge,Hai Chau,16.0718,108.2268,motorbike,22.9,E,CAM-02-1
OBS-0003035,2026-01-09 18:49:00,DN-04,Dien Bien Phu,Thanh Khe,16.0666,108.1912,motorbike,10.2,S,CAM-04-1
OBS-0003036,2026-01-19 19:53:00,DN-05,2 September Street,Hai Chau,16.0481,108.223,truck,26.0,E,CAM-05-1
OBS-0003037,2026-03-25 14:20:00,DN-05,2 September Street,Hai Chau,16.0481,108.223,motorbike,38.5,N,CAM-05-1
OBS-0003038,2026-01-14 17:38:00,DN-04,Dien Bien Phu,Thanh Khe,16.0666,108.1912,car,21.5,W,CAM-04-1
OBS-0003039,2026-01-14 21:09:00,DN-02,Han River Bridge,Hai Chau,16.0718,108.2268,car,39.1,N,CAM-02-3
OBS-0003040,2026-02-12 20:07:00,DN-05,2 September Street,Hai Chau,16.0481,108.223,motorbike,26.2,E,CAM-05-3
OBS-0003041,2026-03-07 04:02:00,DN-02,Han River Bridge,Hai Chau,16.0718,108.2268,motorbike,41.7,N,CAM-02-3
OBS-0003042,2026-02-11 03:58:00,DN-02,Han River Bridge,Hai Chau,16.0718,108.2268,motorbike,48.2,S,CAM-02-2
OBS-0003043,2026-02-24 19:27:00,DN-06,Ngo Quyen,Son Tra,16.0644,108.2358,motorbike,22.1,E,CAM-06-3
OBS-0003044,2026-01-10 22:55:00,DN-05,2 September Street,Hai Chau,16.0481,108.223,bus,43.1,W,CAM-05-2
OBS-0003045,2026-02-02 05:24:00,DN-03,Nguyen Van Linh,Hai Chau,16.0595,108.2115,motorbike,36.4,E,CAM-03-3
OBS-0003046,2026-03-29 02:20:00,DN-04,Dien Bien Phu,Thanh Khe,16.0666,108.1912,motorbike,27.8,N,CAM-04-3
OBS-0003047,2026-03-02 23:12:00,DN-01,Dragon Bridge,Hai Chau,16.0611,108.2273,motorbike,34.8,S,CAM-01-3
OBS-0003048,2026-01-28 16:30:00,DN-02,Han River Bridge,Hai Chau,16.0718,108.2268,car,24.3,S,CAM-02-3
OBS-0003049,2026-03-05 18:46:00,DN-02,Han River Bridge,Hai Chau,16.0718,108.2268,bus,21.6,E,CAM-02-1
OBS-0003050,2026-03-15 17:27:00,DN-04,Dien Bien Phu,Thanh Khe,16.0666,108.1912,bus,15.6,E,CAM-04-3
OBS-0003051,2026-02-27 08:59:00,DN-04,Dien Bien Phu,Thanh Khe,16.0666,108.1912,truck,27.6,S,CAM-04-3
OBS-0003052,2026-01-25 21:50:00,DN-02,Han River Bridge,Hai Chau,16.0718,108.2268,bus,50.9,E,CAM-02-2
OBS-0003053,2026-03-23 01:45:00,DN-06,Ngo Quyen,Son Tra,16.0644,108.2358,motorbike,34.8,S,CAM-06-3
OBS-0003054,2026-02-05 08:03:00,DN-04,Dien Bien Phu,Thanh Khe,16.0666,108.1912,motorbike,31.7,E,CAM-04-2
OBS-0003055,2026-02-09 12:54:00,DN-02,Han River Bridge,Hai Chau,16.0718,108.2268,car,38.7,N,CAM-02-1
OBS-0003056,2026-02-10 09:01:00,DN-02,Han River Bridge,Hai Chau,16.0718,108.2268,car,23.8,N,CAM-02-1
OBS-0003057,2026-03-09 02:42:00,DN-03,Nguyen Van Linh,Hai Chau,16.0595,108.2115,bus,34.7,S,CAM-03-2
OBS-0003058,2026-03-06 08:35:00,DN-05,2 September Street,Hai Chau,16.0481,108.223,motorbike,21.7,S,CAM-05-1
OBS-0003059,2026-02-23 22:11:00,DN-02,Han River Bridge,Hai Chau,16.0718,108.2268,motorbike,42.9,W,CAM-02-3
OBS-0003060,2026-03-14 00:40:00,DN-02,Han River Bridge,Hai Chau,16.0718,108.2268,car,30.3,E,CAM-02-2
OBS-0003061,2026-03-23 02:34:00,DN-06,Ngo Quyen,Son Tra,16.0644,108.2358,motorbike,51.5,N,CAM-06-3
OBS-0003062,2026-03-24 16:57:00,DN-04,Dien Bien Phu,Thanh Khe,16.0666,108.1912,motorbike,36.6,S,CAM-04-2
OBS-0003063,2026-01-14 01:04:00,DN-01,Dragon Bridge,Hai Chau,16.0611,108.2273,motorbike,38.6,N,CAM-01-2
OBS-0003064,2026-01-11 17:10:00,DN-04,Dien Bien Phu,Thanh Khe,16.0666,108.1912,motorbike,19.0,W,CAM-04-1
OBS-0003065,2026-02-11 04:17:00,DN-03,Nguyen Van Linh,Hai Chau,16.0595,108.2115,car,37.7,W,CAM-03-1
OBS-0003066,2026-02-02 16:35:00,DN-03,Nguyen Van Linh,Hai Chau,16.0595,108.2115,motorbike,18.8,N,CAM-03-2
OBS-0003067,2026-01-05 09:55:00,DN-01,Dragon Bridge,Hai Chau,16.0611,108.2273,motorbike,26.9,S,CAM-01-1
OBS-0003068,2026-01-11 12:14:00,DN-03,Nguyen Van Linh,Hai Chau,16.0595,108.2115,motorbike,31.5,E,CAM-03-1
OBS-0003069,2026-03-24 16:54:00,DN-02,Han River Bridge,Hai Chau,16.0718,108.2268,motorbike,20.7,S,CAM-02-1
OBS-0003070,2026-03-01 00:00:00,DN-04,Dien Bien Phu,Thanh Khe,16.0666,108.1912,motorbike,32.2,E,CAM-04-3
OBS-0003071,2026-03-04 11:39:00,DN-04,Dien Bien Phu,Thanh Khe,16.0666,108.1912,motorbike,39.9,S,CAM-04-2
OBS-0003072,2026-02-02 03:52:00,DN-01,Dragon Bridge,Hai Chau,16.0611,108.2273,car,35.3,N,CAM-01-3
OBS-0003073,2026-02-19 12:41:00,DN-02,Han River Bridge,Hai Chau,16.0718,108.2268,car,32.4,E,CAM-02-1
OBS-0003074,2026-02-10 08:08:00,DN-01,Dragon Bridge,Hai Chau,16.0611,108.2273,motorbike,14.9,S,CAM-01-1
OBS-0003075,2026-03-22 06:14:00,DN-03,Nguyen Van Linh,Hai Chau,16.0595,108.2115,truck,23.7,E,CAM-03-1
OBS-0003076,2026-02-01 09:25:00,DN-02,Han River Bridge,Hai Chau,16.0718,108.2268,car,21.8,S,CAM-02-3
OBS-0003077,2026-01-28 21:45:00,DN-05,2 September Street,Hai Chau,16.0481,108.223,motorbike,44.9,E,CAM-05-3
OBS-0003078,2026-02-28 02:51:00,DN-03,Nguyen Van Linh,Hai Chau,16.0595,108.2115,car,30.5,E,CAM-03-1
OBS-0003079,2026-03-21 02:06:00,DN-06,Ngo Quyen,Son Tra,16.0644,108.2358,motorbike,36.9,N,CAM-06-2
OBS-0003080,2026-02-10 05:59:00,DN-02,Han River Bridge,Hai Chau,16.0718,108.2268,motorbike,40.8,W,CAM-02-2
OBS-0003081,2026-01-13 22:42:00,DN-04,Dien Bien Phu,Thanh Khe,16.0666,108.1912,motorbike,39.8,E,CAM-04-1
OBS-0003082,2026-03-12 11:05:00,DN-05,2 September Street,Hai Chau,16.0481,108.223,motorbike,31.3,W,CAM-05-1
OBS-0003083,2026-02-04 17:05:00,DN-01,Dragon Bridge,Hai Chau,16.0611,108.2273,car,8.0,E,CAM-01-1
OBS-0003084,2026-02-08 02:19:00,DN-06,Ngo Quyen,Son Tra,16.0644,108.2358,motorbike,38.4,N,CAM-06-1
OBS-0003085,2026-01-29 20:58:00,DN-01,Dragon Bridge,Hai Chau,16.0611,108.2273,motorbike,34.3,E,CAM-01-3
OBS-0003086,2026-03-20 21:14:00,DN-04,Dien Bien Phu,Thanh Khe,16.0666,108.1912,motorbike,30.3,E,CAM-04-1
OBS-0003087,2026-01-03 03:22:00,DN-01,Dragon Bridge,Hai Chau,16.0611,108.2273,motorbike,22.9,N,CAM-01-2
OBS-0003088,2026-02-08 14:41:00,DN-02,Han River Bridge,Hai Chau,16.0718,108.2268,car,21.3,W,CAM-02-2
OBS-0003089,2026-01-19 05:24:00,DN-04,Dien Bien Phu,Thanh Khe,16.0666,108.1912,car,27.1,N,CAM-04-2
OBS-0003090,2026-02-10 14:11:00,DN-02,Han River Bridge,Hai Chau,16.0718,108.2268,motorbike,46.0,W,CAM-02-1
OBS-0003091,2026-03-21 00:21:00,DN-05,2 September Street,Hai Chau,16.0481,108.223,motorbike,43.8,S,CAM-05-2
OBS-0003092,2026-01-15 15:27:00,DN-04,Dien Bien Phu,Thanh Khe,16.0666,108.1912,motorbike,33.0,N,CAM-04-3
OBS-0003093,2026-03-18 21:48:00,DN-06,Ngo Quyen,Son Tra,16.0644,108.2358,motorbike,41.6,W,CAM-06-2
OBS-0003094,2026-03-28 06:59:00,DN-04,Dien Bien Phu,Thanh Khe,16.0666,108.1912,motorbike,35.8,S,CAM-04-2
OBS-0003095,2026-01-08 22:02:00,DN-03,Nguyen Van Linh,Hai Chau,16.0595,108.2115,car,47.1,N,CAM-03-2
OBS-0003096,2026-01-15 06:32:00,DN-02,Han River Bridge,Hai Chau,16.0718,108.2268,car,45.3,S,CAM-02-3
OBS-0003097,2026-03-21 10:42:00,DN-03,Nguyen Van Linh,Hai Chau,16.0595,108.2115,motorbike,18.0,W,CAM-03-3
OBS-0003098,2026-01-14 06:23:00,DN-04,Dien Bien Phu,Thanh Khe,16.0666,108.1912,motorbike,45.5,E,CAM-04-1
OBS-0003099,2026-01-16 02:28:00,DN-03,Nguyen Van Linh,Hai Chau,16.0595,108.2115,bus,29.3,S,CAM-03-1
OBS-0003100,2026-03-07 12:41:00,DN-03,Nguyen Van Linh,Hai Chau,16.0595,108.2115,motorbike,29.7,W,CAM-03-1
OBS-0003101,2026-02-25 09:27:00,DN-03,Nguyen Van Linh,Hai Chau,16.0595,108.2115,motorbike,17.5,N,CAM-03-1
OBS-0003102,2026-03-06 23:35:00,DN-05,2 September Street,Hai Chau,16.0481,108.223,car,41.1,S,CAM-05-3
OBS-0003103,2026-02-07 16:51:00,DN-03,Nguyen Van Linh,Hai Chau,16.0595,108.2115,bus,15.8,E,CAM-03-3
OBS-0003104,2026-03-18 16:08:00,DN-03,Nguyen Van Linh,Hai Chau,16.0595,108.2115,motorbike,13.3,W,CAM-03-3
OBS-0003105,2026-02-01 15:40:00,DN-05,2 September Street,Hai Chau,16.0481,108.223,motorbike,51.3,N,CAM-05-2
OBS-0003106,2026-01-20 03:20:00,DN-06,Ngo Quyen,Son Tra,16.0644,108.2358,motorbike,39.4,S,CAM-06-3
OBS-0003107,2026-01-16 18:53:00,DN-02,Han River Bridge,Hai Chau,16.0718,108.2268,car,20.2,S,CAM-02-3
OBS-0003108,2026-02-19 12:00:00,DN-01,Dragon Bridge,Hai Chau,16.0611,108.2273,motorbike,26.9,W,CAM-01-2
OBS-0003109,2026-02-26 01:47:00,DN-03,Nguyen Van Linh,Hai Chau,16.0595,108.2115,motorbike,32.7,N,CAM-03-1
OBS-0003110,2026-03-29 06:14:00,DN-02,Han River Bridge,Hai Chau,16.0718,108.2268,bus,47.4,S,CAM-02-2
OBS-0003111,2026-02-19 22:22:00,DN-05,2 September Street,Hai Chau,16.0481,108.223,motorbike,38.0,N,CAM-05-3
OBS-0003112,2026-01-14 13:51:00,DN-06,Ngo Quyen,Son Tra,16.0644,108.2358,car,30.7,E,CAM-06-1
OBS-0003113,2026-01-10 02:03:00,DN-05,2 September Street,Hai Chau,16.0481,108.223,motorbike,28.4,E,CAM-05-3
OBS-0003114,2026-01-19 19:19:00,DN-06,Ngo Quyen,Son Tra,16.0644,108.2358,car,18.5,W,CAM-06-2
OBS-0003115,2026-01-05 13:22:00,DN-02,Han River Bridge,Hai Chau,16.0718,108.2268,car,45.4,W,CAM-02-2
OBS-0003116,2026-03-09 19:30:00,DN-02,Han River Bridge,Hai Chau,16.0718,108.2268,truck,13.4,E,CAM-02-2
OBS-0003117,2026-03-23 12:32:00,DN-04,Dien Bien Phu,Thanh Khe,16.0666,108.1912,motorbike,27.5,S,CAM-04-2
OBS-0003118,2026-01-29 08:09:00,DN-06,Ngo Quyen,Son Tra,16.0644,108.2358,car,47.7,N,CAM-06-3
OBS-0003119,2026-01-05 03:39:00,DN-05,2 September Street,Hai Chau,16.0481,108.223,car,49.0,S,CAM-05-1
OBS-0003120,2026-03-19 01:51:00,DN-01,Dragon Bridge,Hai Chau,16.0611,108.2273,motorbike,28.2,E,CAM-01-3
OBS-0003121,2026-01-26 23:47:00,DN-03,Nguyen Van Linh,Hai Chau,16.0595,108.2115,bus,48.6,N,CAM-03-2
OBS-0003122,2026-02-19 17:45:00,DN-06,Ngo Quyen,Son Tra,16.0644,108.2358,motorbike,18.3,N,CAM-06-3
OBS-0003123,2026-02-02 15:16:00,DN-03,Nguyen Van Linh,Hai Chau,16.0595,108.2115,motorbike,28.8,S,CAM-03-1
OBS-0003124,2026-03-04 23:51:00,DN-02,Han River Bridge,Hai Chau,16.0718,108.2268,motorbike,32.1,N,CAM-02-3
OBS-0003125,2026-02-05 23:49:00,DN-06,Ngo Quyen,Son Tra,16.0644,108.2358,motorbike,20.9,S,CAM-06-1
OBS-0003126,2026-01-31 07:09:00,DN-06,Ngo Quyen,Son Tra,16.0644,108.2358,motorbike,16.1,W,CAM-06-3
OBS-0003127,2026-01-18 14:37:00,DN-05,2 September Street,Hai Chau,16.0481,108.223,truck,40.9,N,CAM-05-2
OBS-0003128,2026-01-09 17:13:00,DN-05,2 September Street,Hai Chau,16.0481,108.223,motorbike,20.0,W,CAM-05-2
OBS-0003129,2026-02-01 02:52:00,DN-05,2 September Street,Hai Chau,16.0481,108.223,bus,21.7,S,CAM-05-1
OBS-0003130,2026-02-18 05:53:00,DN-02,Han River Bridge,Hai Chau,16.0718,108.2268,car,38.4,E,CAM-02-2
OBS-0003131,2026-03-11 08:16:00,DN-03,Nguyen Van Linh,Hai Chau,16.0595,108.2115,motorbike,17.7,E,CAM-03-3
OBS-0003132,2026-02-10 17:33:00,DN-06,Ngo Quyen,Son Tra,16.0644,108.2358,bus,38.0,W,CAM-06-3
OBS-0003133,2026-03-28 12:15:00,DN-02,Han River Bridge,Hai Chau,16.0718,108.2268,motorbike,40.4,E,CAM-02-1
OBS-0003134,2026-02-16 20:12:00,DN-06,Ngo Quyen,Son Tra,16.0644,108.2358,motorbike,39.2,N,CAM-06-3
OBS-0003135,2026-01-24 12:39:00,DN-02,Han River Bridge,Hai Chau,16.0718,108.2268,car,37.0,S,CAM-02-1
OBS-0003136,2026-03-19 20:52:00,DN-05,2 September Street,Hai Chau,16.0481,108.223,motorbike,25.7,S,CAM-05-3
OBS-0003137,2026-02-06 00:50:00,DN-01,Dragon Bridge,Hai Chau,16.0611,108.2273,car,35.2,E,CAM-01-1
OBS-0003138,2026-02-17 22:21:00,DN-04,Dien Bien Phu,Thanh Khe,16.0666,108.1912,car,30.7,W,CAM-04-3
OBS-0003139,2026-02-14 15:16:00,DN-04,Dien Bien Phu,Thanh Khe,16.0666,108.1912,motorbike,32.6,E,CAM-04-3
OBS-0003140,2026-03-06 16:31:00,DN-04,Dien Bien Phu,Thanh Khe,16.0666,108.1912,car,23.5,N,CAM-04-3
OBS-0003141,2026-01-07 00:56:00,DN-02,Han River Bridge,Hai Chau,16.0718,108.2268,car,29.6,E,CAM-02-3
OBS-0003142,2026-02-18 22:48:00,DN-01,Dragon Bridge,Hai Chau,16.0611,108.2273,motorbike,28.7,E,CAM-01-3
OBS-0003143,2026-03-04 01:52:00,DN-01,Dragon Bridge,Hai Chau,16.0611,108.2273,motorbike,44.1,S,CAM-01-3
OBS-0003144,2026-01-12 17:44:00,DN-04,Dien Bien Phu,Thanh Khe,16.0666,108.1912,car,20.6,E,CAM-04-1
OBS-0003145,2026-01-17 00:07:00,DN-04,Dien Bien Phu,Thanh Khe,16.0666,108.1912,motorbike,37.4,S,CAM-04-1
OBS-0003146,2026-03-03 14:04:00,DN-02,Han River Bridge,Hai Chau,16.0718,108.2268,motorbike,39.2,W,CAM-02-1
OBS-0003147,2026-02-17 09:01:00,DN-01,Dragon Bridge,Hai Chau,16.0611,108.2273,motorbike,37.5,E,CAM-01-3
OBS-0003148,2026-03-16 15:10:00,DN-02,Han River Bridge,Hai Chau,16.0718,108.2268,car,45.0,S,CAM-02-3
OBS-0003149,2026-01-07 04:23:00,DN-05,2 September Street,Hai Chau,16.0481,108.223,truck,46.2,E,CAM-05-2
OBS-0003150,2026-01-29 19:05:00,DN-06,Ngo Quyen,Son Tra,16.0644,108.2358,car,24.8,W,CAM-06-2
OBS-0003151,2026-03-06 18:28:00,DN-05,2 September Street,Hai Chau,16.0481,108.223,car,22.8,W,CAM-05-1
OBS-0003152,2026-03-31 14:52:00,DN-01,Dragon Bridge,Hai Chau,16.0611,108.2273,car,26.9,N,CAM-01-3
OBS-0003153,2026-01-17 21:58:00,DN-03,Nguyen Van Linh,Hai Chau,16.0595,108.2115,car,14.2,W,CAM-03-2
OBS-0003154,2026-02-26 20:34:00,DN-03,Nguyen Van Linh,Hai Chau,16.0595,108.2115,bus,30.4,W,CAM-03-1
OBS-0003155,2026-03-22 05:57:00,DN-06,Ngo Quyen,Son Tra,16.0644,108.2358,car,24.6,W,CAM-06-3
OBS-0003156,2026-01-04 21:47:00,DN-02,Han River Bridge,Hai Chau,16.0718,108.2268,motorbike,38.6,N,CAM-02-3
OBS-0003157,2026-01-17 15:21:00,DN-04,Dien Bien Phu,Thanh Khe,16.0666,108.1912,motorbike,31.5,E,CAM-04-2
OBS-0003158,2026-01-23 04:17:00,DN-03,Nguyen Van Linh,Hai Chau,16.0595,108.2115,motorbike,36.5,N,CAM-03-2
OBS-0003159,2026-03-12 04:25:00,DN-02,Han River Bridge,Hai Chau,16.0718,108.2268,motorbike,47.1,S,CAM-02-2
OBS-0003160,2026-03-25 20:27:00,DN-03,Nguyen Van Linh,Hai Chau,16.0595,108.2115,car,37.4,N,CAM-03-3
OBS-0003161,2026-01-20 06:10:00,DN-02,Han River Bridge,Hai Chau,16.0718,108.2268,bus,37.6,S,CAM-02-1
OBS-0003162,2026-01-27 18:55:00,DN-04,Dien Bien Phu,Thanh Khe,16.0666,108.1912,motorbike,21.1,E,CAM-04-3
OBS-0003163,2026-01-16 12:37:00,DN-01,Dragon Bridge,Hai Chau,16.0611,108.2273,car,23.9,S,CAM-01-3
OBS-0003164,2026-03-14 02:06:00,DN-04,Dien Bien Phu,Thanh Khe,16.0666,108.1912,car,25.6,W,CAM-04-3
OBS-0003165,2026-01-29 22:55:00,DN-06,Ngo Quyen,Son Tra,16.0644,108.2358,motorbike,40.2,S,CAM-06-1
OBS-0003166,2026-02-15 12:43:00,DN-02,Han River Bridge,Hai Chau,16.0718,108.2268,car,35.6,S,CAM-02-1
OBS-0003167,2026-01-07 15:17:00,DN-06,Ngo Quyen,Son Tra,16.0644,108.2358,motorbike,18.5,N,CAM-06-2
OBS-0003168,2026-03-02 16:17:00,DN-05,2 September Street,Hai Chau,16.0481,108.223,motorbike,21.1,E,CAM-05-1
OBS-0003169,2026-03-31 01:17:00,DN-02,Han River Bridge,Hai Chau,16.0718,108.2268,motorbike,43.8,E,CAM-02-1
OBS-0003170,2026-01-23 10:05:00,DN-04,Dien Bien Phu,Thanh Khe,16.0666,108.1912,car,44.8,N,CAM-04-2
OBS-0003171,2026-01-28 06:24:00,DN-06,Ngo Quyen,Son Tra,16.0644,108.2358,motorbike,38.5,N,CAM-06-2
OBS-0003172,2026-01-07 21:08:00,DN-04,Dien Bien Phu,Thanh Khe,16.0666,108.1912,car,38.5,N,CAM-04-3
OBS-0003173,2026-01-13 02:18:00,DN-03,Nguyen Van Linh,Hai Chau,16.0595,108.2115,bus,30.1,W,CAM-03-1
OBS-0003174,2026-01-05 00:40:00,DN-05,2 September Street,Hai Chau,16.0481,108.223,motorbike,33.0,N,CAM-05-3
OBS-0003175,2026-01-14 17:22:00,DN-06,Ngo Quyen,Son Tra,16.0644,108.2358,motorbike,20.5,E,CAM-06-3
OBS-0003176,2026-02-27 22:46:00,DN-06,Ngo Quyen,Son Tra,16.0644,108.2358,car,30.6,W,CAM-06-3
OBS-0003177,2026-02-03 07:59:00,DN-04,Dien Bien Phu,Thanh Khe,16.0666,108.1912,truck,8.1,W,CAM-04-1
OBS-0003178,2026-03-16 02:59:00,DN-04,Dien Bien Phu,Thanh Khe,16.0666,108.1912,motorbike,40.7,S,CAM-04-3
OBS-0003179,2026-01-11 21:22:00,DN-05,2 September Street,Hai Chau,16.0481,108.223,car,37.3,S,CAM-05-2
OBS-0003180,2026-02-05 01:36:00,DN-03,Nguyen Van Linh,Hai Chau,16.0595,108.2115,bus,38.9,E,CAM-03-3
OBS-0003181,2026-03-18 23:22:00,DN-03,Nguyen Van Linh,Hai Chau,16.0595,108.2115,motorbike,43.2,W,CAM-03-3
OBS-0003182,2026-02-06 02:30:00,DN-06,Ngo Quyen,Son Tra,16.0644,108.2358,motorbike,37.0,S,CAM-06-3
OBS-0003183,2026-01-16 06:43:00,DN-03,Nguyen Van Linh,Hai Chau,16.0595,108.2115,car,44.6,E,CAM-03-3
OBS-0003184,2026-02-06 08:02:00,DN-05,2 September Street,Hai Chau,16.0481,108.223,car,10.8,S,CAM-05-1
OBS-0003185,2026-02-25 04:06:00,DN-04,Dien Bien Phu,Thanh Khe,16.0666,108.1912,car,35.5,E,CAM-04-2
OBS-0003186,2026-02-22 18:41:00,DN-03,Nguyen Van Linh,Hai Chau,16.0595,108.2115,car,17.0,W,CAM-03-1
OBS-0003187,2026-03-30 05:49:00,DN-05,2 September Street,Hai Chau,16.0481,108.223,motorbike,30.7,W,CAM-05-2
OBS-0003188,2026-02-25 16:00:00,DN-02,Han River Bridge,Hai Chau,16.0718,108.2268,car,27.5,W,CAM-02-2
OBS-0003189,2026-03-25 06:15:00,DN-05,2 September Street,Hai Chau,16.0481,108.223,car,28.5,N,CAM-05-3
OBS-0003190,2026-03-22 14:09:00,DN-01,Dragon Bridge,Hai Chau,16.0611,108.2273,motorbike,40.3,E,CAM-01-1
OBS-0003191,2026-01-30 01:19:00,DN-02,Han River Bridge,Hai Chau,16.0718,108.2268,motorbike,36.5,E,CAM-02-3
OBS-0003192,2026-03-23 04:51:00,DN-05,2 September Street,Hai Chau,16.0481,108.223,truck,48.7,N,CAM-05-2
OBS-0003193,2026-02-21 03:53:00,DN-02,Han River Bridge,Hai Chau,16.0718,108.2268,motorbike,35.8,S,CAM-02-1
OBS-0003194,2026-03-11 23:18:00,DN-06,Ngo Quyen,Son Tra,16.0644,108.2358,motorbike,52.8,S,CAM-06-1
OBS-0003195,2026-03-26 19:16:00,DN-04,Dien Bien Phu,Thanh Khe,16.0666,108.1912,motorbike,18.5,E,CAM-04-2
OBS-0003196,2026-01-10 19:23:00,DN-01,Dragon Bridge,Hai Chau,16.0611,108.2273,motorbike,19.7,S,CAM-01-2
OBS-0003197,2026-02-08 06:02:00,DN-03,Nguyen Van Linh,Hai Chau,16.0595,108.2115,motorbike,45.1,S,CAM-03-2
OBS-0003198,2026-01-04 02:09:00,DN-04,Dien Bien Phu,Thanh Khe,16.0666,108.1912,motorbike,41.6,E,CAM-04-3
OBS-0003199,2026-03-13 03:01:00,DN-06,Ngo Quyen,Son Tra,16.0644,108.2358,truck,45.0,E,CAM-06-1
OBS-0003200,2026-01-22 23:48:00,DN-01,Dragon Bridge,Hai Chau,16.0611,108.2273,truck,41.7,S,CAM-01-1
OBS-0003201,2026-03-31 13:43:00,DN-05,2 September Street,Hai Chau,16.0481,108.223,car,36.0,N,CAM-05-2
OBS-0003202,2026-01-24 06:56:00,DN-04,Dien Bien Phu,Thanh Khe,16.0666,108.1912,car,34.3,E,CAM-04-2
OBS-0003203,2026-02-06 18:19:00,DN-04,Dien Bien Phu,Thanh Khe,16.0666,108.1912,car,21.4,W,CAM-04-1
OBS-0003204,2026-03-28 02:06:00,DN-04,Dien Bien Phu,Thanh Khe,16.0666,108.1912,motorbike,22.6,E,CAM-04-1
OBS-0003205,2026-02-24 15:03:00,DN-01,Dragon Bridge,Hai Chau,16.0611,108.2273,car,43.2,E,CAM-01-1
OBS-0003206,2026-03-31 23:14:00,DN-01,Dragon Bridge,Hai Chau,16.0611,108.2273,motorbike,38.8,E,CAM-01-3
OBS-0003207,2026-02-07 14:17:00,DN-04,Dien Bien Phu,Thanh Khe,16.0666,108.1912,motorbike,26.6,N,CAM-04-1
OBS-0003208,2026-01-02 10:47:00,DN-06,Ngo Quyen,Son Tra,16.0644,108.2358,motorbike,25.4,S,CAM-06-2
OBS-0003209,2026-03-26 11:17:00,DN-02,Han River Bridge,Hai Chau,16.0718,108.2268,motorbike,40.4,S,CAM-02-2
OBS-0003210,2026-02-10 12:58:00,DN-02,Han River Bridge,Hai Chau,16.0718,108.2268,truck,50.2,S,CAM-02-3
OBS-0003211,2026-03-03 02:08:00,DN-06,Ngo Quyen,Son Tra,16.0644,108.2358,car,32.6,W,CAM-06-1
OBS-0003212,2026-03-24 02:21:00,DN-05,2 September Street,Hai Chau,16.0481,108.223,motorbike,47.5,E,CAM-05-2
OBS-0003213,2026-02-18 19:05:00,DN-02,Han River Bridge,Hai Chau,16.0718,108.2268,car,25.4,S,CAM-02-1
OBS-0003214,2026-02-10 16:56:00,DN-05,2 September Street,Hai Chau,16.0481,108.223,car,26.0,S,CAM-05-1
OBS-0003215,2026-01-08 06:49:00,DN-04,Dien Bien Phu,Thanh Khe,16.0666,108.1912,motorbike,40.7,S,CAM-04-2
OBS-0003216,2026-03-08 21:28:00,DN-02,Han River Bridge,Hai Chau,16.0718,108.2268,motorbike,17.0,E,CAM-02-1
OBS-0003217,2026-01-23 11:26:00,DN-01,Dragon Bridge,Hai Chau,16.0611,108.2273,car,37.8,E,CAM-01-3
OBS-0003218,2026-03-11 23:16:00,DN-03,Nguyen Van Linh,Hai Chau,16.0595,108.2115,motorbike,31.8,N,CAM-03-1
OBS-0003219,2026-01-26 07:06:00,DN-04,Dien Bien Phu,Thanh Khe,16.0666,108.1912,motorbike,27.6,S,CAM-04-2
OBS-0003220,2026-03-23 09:36:00,DN-03,Nguyen Van Linh,Hai Chau,16.0595,108.2115,motorbike,38.6,W,CAM-03-1
OBS-0003221,2026-02-05 15:47:00,DN-01,Dragon Bridge,Hai Chau,16.0611,108.2273,motorbike,29.3,E,CAM-01-1
OBS-0003222,2026-01-16 13:53:00,DN-02,Han River Bridge,Hai Chau,16.0718,108.2268,car,47.7,E,CAM-02-3
OBS-0003223,2026-03-18 05:27:00,DN-01,Dragon Bridge,Hai Chau,16.0611,108.2273,motorbike,44.1,S,CAM-01-1
OBS-0003224,2026-01-16 05:12:00,DN-03,Nguyen Van Linh,Hai Chau,16.0595,108.2115,motorbike,26.6,W,CAM-03-2
OBS-0003225,2026-01-24 23:09:00,DN-01,Dragon Bridge,Hai Chau,16.0611,108.2273,motorbike,16.7,S,CAM-01-2
OBS-0003226,2026-02-22 10:20:00,DN-05,2 September Street,Hai Chau,16.0481,108.223,motorbike,32.5,E,CAM-05-3
OBS-0003227,2026-02-19 07:45:00,DN-06,Ngo Quyen,Son Tra,16.0644,108.2358,motorbike,9.5,S,CAM-06-1
OBS-0003228,2026-02-08 03:11:00,DN-01,Dragon Bridge,Hai Chau,16.0611,108.2273,car,39.2,E,CAM-01-3
OBS-0003229,2026-01-26 18:34:00,DN-01,Dragon Bridge,Hai Chau,16.0611,108.2273,car,21.7,S,CAM-01-1
OBS-0003230,2026-01-18 02:11:00,DN-05,2 September Street,Hai Chau,16.0481,108.223,motorbike,34.4,S,CAM-05-2
OBS-0003231,2026-01-07 13:52:00,DN-02,Han River Bridge,Hai Chau,16.0718,108.2268,motorbike,41.5,N,CAM-02-2
OBS-0003232,2026-02-17 18:14:00,DN-06,Ngo Quyen,Son Tra,16.0644,108.2358,car,33.8,W,CAM-06-2
OBS-0003233,2026-03-22 06:56:00,DN-01,Dragon Bridge,Hai Chau,16.0611,108.2273,motorbike,33.6,E,CAM-01-1
OBS-0003234,2026-01-12 23:46:00,DN-05,2 September Street,Hai Chau,16.0481,108.223,motorbike,43.5,S,CAM-05-1
OBS-0003235,2026-01-15 04:24:00,DN-03,Nguyen Van Linh,Hai Chau,16.0595,108.2115,motorbike,32.3,E,CAM-03-2
OBS-0003236,2026-01-24 01:52:00,DN-05,2 September Street,Hai Chau,16.0481,108.223,car,36.2,S,CAM-05-2
OBS-0003237,2026-02-09 10:20:00,DN-06,Ngo Quyen,Son Tra,16.0644,108.2358,motorbike,33.8,E,CAM-06-3
OBS-0003238,2026-03-18 04:46:00,DN-02,Han River Bridge,Hai Chau,16.0718,108.2268,car,38.6,E,CAM-02-2
OBS-0003239,2026-01-26 14:38:00,DN-03,Nguyen Van Linh,Hai Chau,16.0595,108.2115,car,35.9,N,CAM-03-3
OBS-0003240,2026-03-20 18:25:00,DN-04,Dien Bien Phu,Thanh Khe,16.0666,108.1912,car,14.3,S,CAM-04-1
OBS-0003241,2026-01-31 13:00:00,DN-05,2 September Street,Hai Chau,16.0481,108.223,car,14.2,N,CAM-05-1
OBS-0003242,2026-03-13 12:53:00,DN-03,Nguyen Van Linh,Hai Chau,16.0595,108.2115,car,29.3,W,CAM-03-3
OBS-0003243,2026-01-09 13:58:00,DN-06,Ngo Quyen,Son Tra,16.0644,108.2358,truck,36.8,E,CAM-06-2
OBS-0003244,2026-01-11 01:52:00,DN-02,Han River Bridge,Hai Chau,16.0718,108.2268,car,42.3,W,CAM-02-1
OBS-0003245,2026-02-18 08:22:00,DN-06,Ngo Quyen,Son Tra,16.0644,108.2358,car,37.9,W,CAM-06-2
OBS-0003246,2026-01-17 12:35:00,DN-06,Ngo Quyen,Son Tra,16.0644,108.2358,motorbike,35.8,S,CAM-06-3
OBS-0003247,2026-01-05 18:33:00,DN-02,Han River Bridge,Hai Chau,16.0718,108.2268,motorbike,20.6,S,CAM-02-1
OBS-0003248,2026-01-19 04:37:00,DN-05,2 September Street,Hai Chau,16.0481,108.223,car,32.7,N,CAM-05-3
OBS-0003249,2026-03-20 16:14:00,DN-05,2 September Street,Hai Chau,16.0481,108.223,motorbike,27.8,E,CAM-05-2
OBS-0003250,2026-03-26 01:26:00,DN-04,Dien Bien Phu,Thanh Khe,16.0666,108.1912,car,30.2,S,CAM-04-1
OBS-0003251,2026-01-06 02:55:00,DN-04,Dien Bien Phu,Thanh Khe,16.0666,108.1912,motorbike,43.3,W,CAM-04-3
OBS-0003252,2026-02-26 10:57:00,DN-02,Han River Bridge,Hai Chau,16.0718,108.2268,truck,33.2,W,CAM-02-3
OBS-0003253,2026-01-21 15:34:00,DN-02,Han River Bridge,Hai Chau,16.0718,108.2268,motorbike,41.4,N,CAM-02-2
OBS-0003254,2026-02-20 22:41:00,DN-02,Han River Bridge,Hai Chau,16.0718,108.2268,motorbike,29.2,N,CAM-02-1
OBS-0003255,2026-03-07 19:04:00,DN-05,2 September Street,Hai Chau,16.0481,108.223,motorbike,14.5,S,CAM-05-3
OBS-0003256,2026-01-03 11:19:00,DN-04,Dien Bien Phu,Thanh Khe,16.0666,108.1912,motorbike,32.1,E,CAM-04-3
OBS-0003257,2026-02-06 13:47:00,DN-04,Dien Bien Phu,Thanh Khe,16.0666,108.1912,truck,35.0,W,CAM-04-1
OBS-0003258,2026-02-01 12:23:00,DN-06,Ngo Quyen,Son Tra,16.0644,108.2358,car,21.4,E,CAM-06-3
OBS-0003259,2026-02-01 18:36:00,DN-02,Han River Bridge,Hai Chau,16.0718,108.2268,motorbike,22.4,N,CAM-02-2
OBS-0003260,2026-03-12 10:37:00,DN-05,2 September Street,Hai Chau,16.0481,108.223,car,40.6,E,CAM-05-2
OBS-0003261,2026-02-05 03:52:00,DN-03,Nguyen Van Linh,Hai Chau,16.0595,108.2115,motorbike,35.2,E,CAM-03-1
OBS-0003262,2026-01-14 20:36:00,DN-03,Nguyen Van Linh,Hai Chau,16.0595,108.2115,car,30.3,N,CAM-03-2
OBS-0003263,2026-01-01 15:47:00,DN-05,2 September Street,Hai Chau,16.0481,108.223,motorbike,44.9,E,CAM-05-3
OBS-0003264,2026-03-06 09:54:00,DN-02,Han River Bridge,Hai Chau,16.0718,108.2268,motorbike,9.8,W,CAM-02-1
OBS-0003265,2026-02-13 17:02:00,DN-02,Han River Bridge,Hai Chau,16.0718,108.2268,motorbike,18.2,S,CAM-02-2
OBS-0003266,2026-02-02 02:26:00,DN-05,2 September Street,Hai Chau,16.0481,108.223,motorbike,36.5,W,CAM-05-1
OBS-0003267,2026-03-25 12:18:00,DN-03,Nguyen Van Linh,Hai Chau,16.0595,108.2115,motorbike,19.8,E,CAM-03-2
OBS-0003268,2026-01-11 20:41:00,DN-01,Dragon Bridge,Hai Chau,16.0611,108.2273,motorbike,29.2,E,CAM-01-2
OBS-0003269,2026-01-11 05:17:00,DN-05,2 September Street,Hai Chau,16.0481,108.223,motorbike,31.2,N,CAM-05-3
OBS-0003270,2026-01-27 10:44:00,DN-05,2 September Street,Hai Chau,16.0481,108.223,truck,29.8,E,CAM-05-3
OBS-0003271,2026-01-13 11:23:00,DN-06,Ngo Quyen,Son Tra,16.0644,108.2358,motorbike,39.4,W,CAM-06-1
OBS-0003272,2026-03-28 10:23:00,DN-03,Nguyen Van Linh,Hai Chau,16.0595,108.2115,car,33.4,N,CAM-03-2
OBS-0003273,2026-03-12 00:28:00,DN-06,Ngo Quyen,Son Tra,16.0644,108.2358,motorbike,40.4,S,CAM-06-1
OBS-0003274,2026-02-28 12:21:00,DN-02,Han River Bridge,Hai Chau,16.0718,108.2268,truck,29.0,S,CAM-02-2
OBS-0003275,2026-02-09 05:53:00,DN-01,Dragon Bridge,Hai Chau,16.0611,108.2273,car,34.0,E,CAM-01-3
OBS-0003276,2026-01-07 17:50:00,DN-03,Nguyen Van Linh,Hai Chau,16.0595,108.2115,motorbike,30.0,S,CAM-03-1
OBS-0003277,2026-03-05 15:32:00,DN-06,Ngo Quyen,Son Tra,16.0644,108.2358,motorbike,38.9,N,CAM-06-1
OBS-0003278,2026-02-05 03:00:00,DN-02,Han River Bridge,Hai Chau,16.0718,108.2268,motorbike,37.9,N,CAM-02-3
OBS-0003279,2026-02-02 04:26:00,DN-01,Dragon Bridge,Hai Chau,16.0611,108.2273,motorbike,54.9,W,CAM-01-3
OBS-0003280,2026-01-04 19:36:00,DN-02,Han River Bridge,Hai Chau,16.0718,108.2268,car,5.4,W,CAM-02-3
OBS-0003281,2026-03-23 11:41:00,DN-03,Nguyen Van Linh,Hai Chau,16.0595,108.2115,car,38.3,S,CAM-03-2
OBS-0003282,2026-02-19 02:16:00,DN-02,Han River Bridge,Hai Chau,16.0718,108.2268,motorbike,37.2,E,CAM-02-1
OBS-0003283,2026-03-13 21:44:00,DN-01,Dragon Bridge,Hai Chau,16.0611,108.2273,car,36.9,E,CAM-01-1
OBS-0003284,2026-03-30 06:38:00,DN-03,Nguyen Van Linh,Hai Chau,16.0595,108.2115,car,37.5,E,CAM-03-2
OBS-0003285,2026-02-23 00:12:00,DN-03,Nguyen Van Linh,Hai Chau,16.0595,108.2115,motorbike,41.0,N,CAM-03-2
OBS-0003286,2026-02-18 03:41:00,DN-02,Han River Bridge,Hai Chau,16.0718,108.2268,motorbike,32.9,W,CAM-02-1
OBS-0003287,2026-01-25 13:03:00,DN-06,Ngo Quyen,Son Tra,16.0644,108.2358,motorbike,41.2,E,CAM-06-3
OBS-0003288,2026-03-14 01:51:00,DN-02,Han River Bridge,Hai Chau,16.0718,108.2268,car,46.3,N,CAM-02-1
OBS-0003289,2026-01-16 08:41:00,DN-01,Dragon Bridge,Hai Chau,16.0611,108.2273,motorbike,20.3,W,CAM-01-3
OBS-0003290,2026-02-04 19:57:00,DN-01,Dragon Bridge,Hai Chau,16.0611,108.2273,motorbike,31.6,S,CAM-01-2
OBS-0003291,2026-03-10 02:12:00,DN-01,Dragon Bridge,Hai Chau,16.0611,108.2273,motorbike,31.1,N,CAM-01-3
OBS-0003292,2026-01-15 22:20:00,DN-04,Dien Bien Phu,Thanh Khe,16.0666,108.1912,motorbike,36.4,N,CAM-04-3
OBS-0003293,2026-02-23 14:50:00,DN-05,2 September Street,Hai Chau,16.0481,108.223,motorbike,44.1,N,CAM-05-3
OBS-0003294,2026-01-13 10:49:00,DN-01,Dragon Bridge,Hai Chau,16.0611,108.2273,motorbike,36.1,N,CAM-01-3
OBS-0003295,2026-02-02 22:53:00,DN-05,2 September Street,Hai Chau,16.0481,108.223,motorbike,37.2,W,CAM-05-1
OBS-0003296,2026-01-12 08:34:00,DN-01,Dragon Bridge,Hai Chau,16.0611,108.2273,car,7.1,N,CAM-01-3
OBS-0003297,2026-03-07 05:49:00,DN-01,Dragon Bridge,Hai Chau,16.0611,108.2273,car,25.7,S,CAM-01-2
OBS-0003298,2026-02-25 00:06:00,DN-04,Dien Bien Phu,Thanh Khe,16.0666,108.1912,motorbike,35.2,N,CAM-04-3
OBS-0003299,2026-03-21 09:42:00,DN-06,Ngo Quyen,Son Tra,16.0644,108.2358,motorbike,21.6,E,CAM-06-3
OBS-0003300,2026-03-02 20:46:00,DN-06,Ngo Quyen,Son Tra,16.0644,108.2358,bus,38.3,W,CAM-06-1
OBS-0003301,2026-03-02 16:40:00,DN-03,Nguyen Van Linh,Hai Chau,16.0595,108.2115,motorbike,13.6,S,CAM-03-1
OBS-0003302,2026-02-08 08:08:00,DN-06,Ngo Quyen,Son Tra,16.0644,108.2358,motorbike,23.1,W,CAM-06-3
OBS-0003303,2026-01-14 18:02:00,DN-04,Dien Bien Phu,Thanh Khe,16.0666,108.1912,motorbike,25.9,W,CAM-04-3
OBS-0003304,2026-03-27 02:54:00,DN-03,Nguyen Van Linh,Hai Chau,16.0595,108.2115,truck,34.5,N,CAM-03-2
OBS-0003305,2026-03-20 17:19:00,DN-02,Han River Bridge,Hai Chau,16.0718,108.2268,car,12.0,N,CAM-02-2
OBS-0003306,2026-01-26 02:04:00,DN-06,Ngo Quyen,Son Tra,16.0644,108.2358,motorbike,33.6,W,CAM-06-2
OBS-0003307,2026-02-01 01:06:00,DN-01,Dragon Bridge,Hai Chau,16.0611,108.2273,motorbike,29.0,N,CAM-01-1
OBS-0003308,2026-02-28 23:59:00,DN-02,Han River Bridge,Hai Chau,16.0718,108.2268,motorbike,32.6,W,CAM-02-3
OBS-0003309,2026-03-27 18:12:00,DN-05,2 September Street,Hai Chau,16.0481,108.223,car,23.2,W,CAM-05-3
OBS-0003310,2026-03-14 04:08:00,DN-05,2 September Street,Hai Chau,16.0481,108.223,car,38.3,S,CAM-05-1
OBS-0003311,2026-02-15 22:18:00,DN-02,Han River Bridge,Hai Chau,16.0718,108.2268,motorbike,44.7,N,CAM-02-2
OBS-0003312,2026-01-20 22:47:00,DN-02,Han River Bridge,Hai Chau,16.0718,108.2268,motorbike,26.0,S,CAM-02-3
OBS-0003313,2026-03-14 10:22:00,DN-04,Dien Bien Phu,Thanh Khe,16.0666,108.1912,motorbike,33.1,W,CAM-04-3
OBS-0003314,2026-01-07 19:42:00,DN-01,Dragon Bridge,Hai Chau,16.0611,108.2273,motorbike,22.8,N,CAM-01-2
OBS-0003315,2026-03-24 10:00:00,DN-03,Nguyen Van Linh,Hai Chau,16.0595,108.2115,motorbike,39.9,S,CAM-03-2
OBS-0003316,2026-03-08 10:49:00,DN-01,Dragon Bridge,Hai Chau,16.0611,108.2273,car,41.8,N,CAM-01-3
OBS-0003317,2026-03-12 00:45:00,DN-05,2 September Street,Hai Chau,16.0481,108.223,motorbike,34.2,S,CAM-05-3
OBS-0003318,2026-01-07 13:39:00,DN-03,Nguyen Van Linh,Hai Chau,16.0595,108.2115,motorbike,40.2,S,CAM-03-3
OBS-0003319,2026-01-26 09:04:00,DN-06,Ngo Quyen,Son Tra,16.0644,108.2358,car,23.2,E,CAM-06-2
OBS-0003320,2026-01-15 19:44:00,DN-06,Ngo Quyen,Son Tra,16.0644,108.2358,car,15.4,S,CAM-06-2
OBS-0003321,2026-01-03 04:25:00,DN-01,Dragon Bridge,Hai Chau,16.0611,108.2273,motorbike,37.7,S,CAM-01-3
OBS-0003322,2026-03-10 19:55:00,DN-06,Ngo Quyen,Son Tra,16.0644,108.2358,car,26.9,N,CAM-06-1
OBS-0003323,2026-03-05 05:21:00,DN-02,Han River Bridge,Hai Chau,16.0718,108.2268,motorbike,47.1,N,CAM-02-1
OBS-0003324,2026-03-20 20:45:00,DN-04,Dien Bien Phu,Thanh Khe,16.0666,108.1912,motorbike,32.3,W,CAM-04-1
OBS-0003325,2026-02-19 18:50:00,DN-02,Han River Bridge,Hai Chau,16.0718,108.2268,car,27.9,E,CAM-02-2
OBS-0003326,2026-03-31 03:41:00,DN-01,Dragon Bridge,Hai Chau,16.0611,108.2273,motorbike,48.3,W,CAM-01-1
OBS-0003327,2026-02-22 09:46:00,DN-06,Ngo Quyen,Son Tra,16.0644,108.2358,motorbike,19.6,S,CAM-06-1
OBS-0003328,2026-03-25 21:53:00,DN-04,Dien Bien Phu,Thanh Khe,16.0666,108.1912,motorbike,37.3,W,CAM-04-3
OBS-0003329,2026-03-12 04:59:00,DN-06,Ngo Quyen,Son Tra,16.0644,108.2358,motorbike,39.5,E,CAM-06-3
OBS-0003330,2026-03-04 07:09:00,DN-02,Han River Bridge,Hai Chau,16.0718,108.2268,bus,35.8,S,CAM-02-1
OBS-0003331,2026-01-29 01:29:00,DN-05,2 September Street,Hai Chau,16.0481,108.223,car,38.2,W,CAM-05-2
OBS-0003332,2026-03-02 20:45:00,DN-06,Ngo Quyen,Son Tra,16.0644,108.2358,motorbike,33.7,W,CAM-06-1
OBS-0003333,2026-03-19 00:20:00,DN-03,Nguyen Van Linh,Hai Chau,16.0595,108.2115,motorbike,32.0,E,CAM-03-2
OBS-0003334,2026-02-20 15:07:00,DN-05,2 September Street,Hai Chau,16.0481,108.223,motorbike,39.5,S,CAM-05-2
OBS-0003335,2026-03-05 17:00:00,DN-05,2 September Street,Hai Chau,16.0481,108.223,car,26.6,S,CAM-05-3
OBS-0003336,2026-03-11 19:46:00,DN-05,2 September Street,Hai Chau,16.0481,108.223,motorbike,29.5,N,CAM-05-1
OBS-0003337,2026-03-17 03:10:00,DN-01,Dragon Bridge,Hai Chau,16.0611,108.2273,motorbike,50.0,N,CAM-01-1
OBS-0003338,2026-03-02 14:44:00,DN-02,Han River Bridge,Hai Chau,16.0718,108.2268,motorbike,42.7,W,CAM-02-3
OBS-0003339,2026-02-16 21:23:00,DN-01,Dragon Bridge,Hai Chau,16.0611,108.2273,motorbike,39.0,W,CAM-01-2
OBS-0003340,2026-02-04 13:17:00,DN-04,Dien Bien Phu,Thanh Khe,16.0666,108.1912,bus,32.0,W,CAM-04-2
OBS-0003341,2026-02-20 17:12:00,DN-04,Dien Bien Phu,Thanh Khe,16.0666,108.1912,car,21.7,S,CAM-04-1
OBS-0003342,2026-02-03 14:01:00,DN-05,2 September Street,Hai Chau,16.0481,108.223,car,40.1,W,CAM-05-3
OBS-0003343,2026-01-08 02:55:00,DN-03,Nguyen Van Linh,Hai Chau,16.0595,108.2115,motorbike,40.5,W,CAM-03-2
OBS-0003344,2026-03-14 06:32:00,DN-04,Dien Bien Phu,Thanh Khe,16.0666,108.1912,motorbike,34.4,S,CAM-04-2
OBS-0003345,2026-01-09 22:53:00,DN-05,2 September Street,Hai Chau,16.0481,108.223,motorbike,32.4,S,CAM-05-3
OBS-0003346,2026-01-09 19:52:00,DN-04,Dien Bien Phu,Thanh Khe,16.0666,108.1912,car,10.6,N,CAM-04-1
OBS-0003347,2026-03-22 19:58:00,DN-04,Dien Bien Phu,Thanh Khe,16.0666,108.1912,motorbike,15.6,N,CAM-04-3
OBS-0003348,2026-03-18 21:08:00,DN-04,Dien Bien Phu,Thanh Khe,16.0666,108.1912,motorbike,42.6,E,CAM-04-1
OBS-0003349,2026-01-09 11:04:00,DN-06,Ngo Quyen,Son Tra,16.0644,108.2358,motorbike,38.3,N,CAM-06-1
OBS-0003350,2026-01-21 17:51:00,DN-02,Han River Bridge,Hai Chau,16.0718,108.2268,motorbike,27.8,S,CAM-02-2
OBS-0003351,2026-03-27 05:08:00,DN-05,2 September Street,Hai Chau,16.0481,108.223,motorbike,35.6,N,CAM-05-3
OBS-0003352,2026-03-26 17:12:00,DN-05,2 September Street,Hai Chau,16.0481,108.223,motorbike,14.0,N,CAM-05-1
OBS-0003353,2026-03-01 07:07:00,DN-02,Han River Bridge,Hai Chau,16.0718,108.2268,car,24.9,W,CAM-02-3
OBS-0003354,2026-02-20 12:46:00,DN-05,2 September Street,Hai Chau,16.0481,108.223,motorbike,41.1,E,CAM-05-3
OBS-0003355,2026-01-02 10:51:00,DN-05,2 September Street,Hai Chau,16.0481,108.223,motorbike,39.0,W,CAM-05-1
OBS-0003356,2026-02-20 02:46:00,DN-01,Dragon Bridge,Hai Chau,16.0611,108.2273,car,36.5,S,CAM-01-1
OBS-0003357,2026-03-28 06:11:00,DN-04,Dien Bien Phu,Thanh Khe,16.0666,108.1912,car,34.2,N,CAM-04-2
OBS-0003358,2026-01-21 18:03:00,DN-01,Dragon Bridge,Hai Chau,16.0611,108.2273,motorbike,29.6,W,CAM-01-2
OBS-0003359,2026-02-03 08:01:00,DN-03,Nguyen Van Linh,Hai Chau,16.0595,108.2115,car,26.9,W,CAM-03-2
OBS-0003360,2026-01-29 01:27:00,DN-01,Dragon Bridge,Hai Chau,16.0611,108.2273,car,36.3,W,CAM-01-3
OBS-0003361,2026-02-26 16:19:00,DN-06,Ngo Quyen,Son Tra,16.0644,108.2358,motorbike,26.0,E,CAM-06-2
OBS-0003362,2026-03-17 20:50:00,DN-02,Han River Bridge,Hai Chau,16.0718,108.2268,car,35.4,S,CAM-02-3
OBS-0003363,2026-03-27 03:23:00,DN-01,Dragon Bridge,Hai Chau,16.0611,108.2273,motorbike,36.5,N,CAM-01-3
OBS-0003364,2026-02-26 07:15:00,DN-01,Dragon Bridge,Hai Chau,16.0611,108.2273,motorbike,13.7,E,CAM-01-1
OBS-0003365,2026-01-17 19:37:00,DN-01,Dragon Bridge,Hai Chau,16.0611,108.2273,bus,9.4,N,CAM-01-1
OBS-0003366,2026-01-30 16:30:00,DN-06,Ngo Quyen,Son Tra,16.0644,108.2358,bus,21.2,S,CAM-06-1
OBS-0003367,2026-03-22 11:40:00,DN-03,Nguyen Van Linh,Hai Chau,16.0595,108.2115,motorbike,32.7,N,CAM-03-3
OBS-0003368,2026-02-21 05:50:00,DN-04,Dien Bien Phu,Thanh Khe,16.0666,108.1912,car,29.7,N,CAM-04-2
OBS-0003369,2026-02-02 02:08:00,DN-03,Nguyen Van Linh,Hai Chau,16.0595,108.2115,car,38.6,W,CAM-03-1
OBS-0003370,2026-01-09 21:36:00,DN-04,Dien Bien Phu,Thanh Khe,16.0666,108.1912,car,26.6,W,CAM-04-2
OBS-0003371,2026-03-14 10:01:00,DN-05,2 September Street,Hai Chau,16.0481,108.223,car,44.8,N,CAM-05-1
OBS-0003372,2026-02-13 00:25:00,DN-01,Dragon Bridge,Hai Chau,16.0611,108.2273,motorbike,23.9,N,CAM-01-3
OBS-0003373,2026-03-26 05:28:00,DN-01,Dragon Bridge,Hai Chau,16.0611,108.2273,car,49.9,W,CAM-01-3
OBS-0003374,2026-02-21 21:38:00,DN-06,Ngo Quyen,Son Tra,16.0644,108.2358,bus,21.0,S,CAM-06-2
OBS-0003375,2026-02-27 20:44:00,DN-06,Ngo Quyen,Son Tra,16.0644,108.2358,motorbike,38.2,E,CAM-06-3
OBS-0003376,2026-03-18 06:12:00,DN-03,Nguyen Van Linh,Hai Chau,16.0595,108.2115,car,32.5,W,CAM-03-3
OBS-0003377,2026-03-25 21:44:00,DN-04,Dien Bien Phu,Thanh Khe,16.0666,108.1912,motorbike,42.6,S,CAM-04-1
OBS-0003378,2026-02-14 01:58:00,DN-01,Dragon Bridge,Hai Chau,16.0611,108.2273,motorbike,34.9,S,CAM-01-1
OBS-0003379,2026-03-12 14:41:00,DN-05,2 September Street,Hai Chau,16.0481,108.223,car,52.4,N,CAM-05-3
OBS-0003380,2026-03-10 19:56:00,DN-03,Nguyen Van Linh,Hai Chau,16.0595,108.2115,motorbike,15.4,W,CAM-03-2
OBS-0003381,2026-01-08 04:55:00,DN-02,Han River Bridge,Hai Chau,16.0718,108.2268,truck,29.2,E,CAM-02-3
OBS-0003382,2026-01-18 22:51:00,DN-03,Nguyen Van Linh,Hai Chau,16.0595,108.2115,car,38.6,S,CAM-03-1
OBS-0003383,2026-02-25 04:22:00,DN-06,Ngo Quyen,Son Tra,16.0644,108.2358,motorbike,44.9,S,CAM-06-1
OBS-0003384,2026-02-02 13:58:00,DN-04,Dien Bien Phu,Thanh Khe,16.0666,108.1912,motorbike,44.7,W,CAM-04-3
OBS-0003385,2026-01-12 14:21:00,DN-05,2 September Street,Hai Chau,16.0481,108.223,motorbike,37.4,N,CAM-05-1
OBS-0003386,2026-01-03 00:44:00,DN-02,Han River Bridge,Hai Chau,16.0718,108.2268,car,35.4,E,CAM-02-3
OBS-0003387,2026-03-30 19:14:00,DN-03,Nguyen Van Linh,Hai Chau,16.0595,108.2115,motorbike,21.9,E,CAM-03-1
OBS-0003388,2026-03-15 05:31:00,DN-02,Han River Bridge,Hai Chau,16.0718,108.2268,car,46.3,S,CAM-02-3
OBS-0003389,2026-01-22 12:16:00,DN-05,2 September Street,Hai Chau,16.0481,108.223,car,36.6,S,CAM-05-2
OBS-0003390,2026-01-14 11:53:00,DN-05,2 September Street,Hai Chau,16.0481,108.223,motorbike,45.5,W,CAM-05-3
OBS-0003391,2026-02-18 07:05:00,DN-05,2 September Street,Hai Chau,16.0481,108.223,motorbike,27.7,N,CAM-05-2
OBS-0003392,2026-01-02 04:14:00,DN-02,Han River Bridge,Hai Chau,16.0718,108.2268,motorbike,36.6,W,CAM-02-1
OBS-0003393,2026-03-28 12:41:00,DN-06,Ngo Quyen,Son Tra,16.0644,108.2358,motorbike,38.3,N,CAM-06-1
OBS-0003394,2026-03-30 15:41:00,DN-02,Han River Bridge,Hai Chau,16.0718,108.2268,motorbike,30.7,W,CAM-02-1
OBS-0003395,2026-03-20 15:45:00,DN-06,Ngo Quyen,Son Tra,16.0644,108.2358,car,35.2,W,CAM-06-2
OBS-0003396,2026-01-05 15:51:00,DN-06,Ngo Quyen,Son Tra,16.0644,108.2358,car,31.0,S,CAM-06-3
OBS-0003397,2026-03-28 06:34:00,DN-03,Nguyen Van Linh,Hai Chau,16.0595,108.2115,motorbike,20.3,W,CAM-03-1
OBS-0003398,2026-03-30 19:15:00,DN-02,Han River Bridge,Hai Chau,16.0718,108.2268,motorbike,38.6,N,CAM-02-3
OBS-0003399,2026-01-08 03:36:00,DN-01,Dragon Bridge,Hai Chau,16.0611,108.2273,motorbike,29.3,S,CAM-01-2
OBS-0003400,2026-03-12 08:55:00,DN-01,Dragon Bridge,Hai Chau,16.0611,108.2273,motorbike,11.9,W,CAM-01-1
OBS-0003401,2026-03-03 10:45:00,DN-01,Dragon Bridge,Hai Chau,16.0611,108.2273,truck,40.8,N,CAM-01-3
OBS-0003402,2026-02-13 02:54:00,DN-05,2 September Street,Hai Chau,16.0481,108.223,car,33.3,E,CAM-05-1
OBS-0003403,2026-03-15 09:57:00,DN-01,Dragon Bridge,Hai Chau,16.0611,108.2273,car,8.7,E,CAM-01-1
OBS-0003404,2026-03-09 20:31:00,DN-03,Nguyen Van Linh,Hai Chau,16.0595,108.2115,motorbike,35.0,W,CAM-03-3
OBS-0003405,2026-03-30 19:49:00,DN-02,Han River Bridge,Hai Chau,16.0718,108.2268,motorbike,38.4,W,CAM-02-2
OBS-0003406,2026-01-14 12:35:00,DN-04,Dien Bien Phu,Thanh Khe,16.0666,108.1912,bus,35.3,N,CAM-04-3
OBS-0003407,2026-03-20 20:05:00,DN-01,Dragon Bridge,Hai Chau,16.0611,108.2273,car,38.0,S,CAM-01-1
OBS-0003408,2026-03-23 14:08:00,DN-06,Ngo Quyen,Son Tra,16.0644,108.2358,motorbike,36.5,N,CAM-06-3
OBS-0003409,2026-01-12 00:03:00,DN-06,Ngo Quyen,Son Tra,16.0644,108.2358,motorbike,40.0,N,CAM-06-1
OBS-0003410,2026-03-26 07:32:00,DN-01,Dragon Bridge,Hai Chau,16.0611,108.2273,motorbike,19.3,E,CAM-01-3
OBS-0003411,2026-02-13 12:08:00,DN-06,Ngo Quyen,Son Tra,16.0644,108.2358,motorbike,41.0,N,CAM-06-2
OBS-0003412,2026-03-19 19:27:00,DN-04,Dien Bien Phu,Thanh Khe,16.0666,108.1912,motorbike,24.7,S,CAM-04-3
OBS-0003413,2026-02-19 03:09:00,DN-06,Ngo Quyen,Son Tra,16.0644,108.2358,motorbike,47.0,W,CAM-06-3
OBS-0003414,2026-01-14 21:23:00,DN-04,Dien Bien Phu,Thanh Khe,16.0666,108.1912,motorbike,28.3,W,CAM-04-2
OBS-0003415,2026-03-31 20:58:00,DN-06,Ngo Quyen,Son Tra,16.0644,108.2358,car,33.0,W,CAM-06-2
OBS-0003416,2026-02-26 02:12:00,DN-06,Ngo Quyen,Son Tra,16.0644,108.2358,car,45.4,S,CAM-06-1
OBS-0003417,2026-03-30 11:23:00,DN-05,2 September Street,Hai Chau,16.0481,108.223,motorbike,52.1,S,CAM-05-2
OBS-0003418,2026-02-04 23:30:00,DN-04,Dien Bien Phu,Thanh Khe,16.0666,108.1912,motorbike,39.8,S,CAM-04-3
OBS-0003419,2026-02-17 05:28:00,DN-01,Dragon Bridge,Hai Chau,16.0611,108.2273,motorbike,45.7,E,CAM-01-2
OBS-0003420,2026-01-17 10:42:00,DN-03,Nguyen Van Linh,Hai Chau,16.0595,108.2115,motorbike,27.9,S,CAM-03-2
OBS-0003421,2026-01-20 22:09:00,DN-02,Han River Bridge,Hai Chau,16.0718,108.2268,car,42.4,S,CAM-02-3
OBS-0003422,2026-01-06 06:45:00,DN-06,Ngo Quyen,Son Tra,16.0644,108.2358,motorbike,49.3,N,CAM-06-2
OBS-0003423,2026-02-20 20:29:00,DN-01,Dragon Bridge,Hai Chau,16.0611,108.2273,motorbike,30.8,E,CAM-01-1
OBS-0003424,2026-01-06 00:06:00,DN-05,2 September Street,Hai Chau,16.0481,108.223,motorbike,40.5,N,CAM-05-3
OBS-0003425,2026-02-04 11:35:00,DN-02,Han River Bridge,Hai Chau,16.0718,108.2268,motorbike,36.3,W,CAM-02-2
OBS-0003426,2026-01-22 15:10:00,DN-03,Nguyen Van Linh,Hai Chau,16.0595,108.2115,motorbike,37.9,E,CAM-03-1
OBS-0003427,2026-02-15 05:01:00,DN-05,2 September Street,Hai Chau,16.0481,108.223,car,33.3,S,CAM-05-1
OBS-0003428,2026-02-09 14:36:00,DN-04,Dien Bien Phu,Thanh Khe,16.0666,108.1912,car,34.1,W,CAM-04-2
OBS-0003429,2026-02-21 00:10:00,DN-01,Dragon Bridge,Hai Chau,16.0611,108.2273,car,28.8,S,CAM-01-1
OBS-0003430,2026-01-30 18:03:00,DN-04,Dien Bien Phu,Thanh Khe,16.0666,108.1912,bus,26.1,S,CAM-04-3
OBS-0003431,2026-02-28 05:02:00,DN-02,Han River Bridge,Hai Chau,16.0718,108.2268,car,27.0,S,CAM-02-3
OBS-0003432,2026-02-01 22:30:00,DN-02,Han River Bridge,Hai Chau,16.0718,108.2268,motorbike,38.1,N,CAM-02-1
OBS-0003433,2026-02-22 15:10:00,DN-01,Dragon Bridge,Hai Chau,16.0611,108.2273,motorbike,34.3,N,CAM-01-3
OBS-0003434,2026-01-31 19:24:00,DN-03,Nguyen Van Linh,Hai Chau,16.0595,108.2115,motorbike,15.7,W,CAM-03-1
OBS-0003435,2026-02-22 21:19:00,DN-01,Dragon Bridge,Hai Chau,16.0611,108.2273,bus,48.9,N,CAM-01-2
OBS-0003436,2026-01-19 09:40:00,DN-04,Dien Bien Phu,Thanh Khe,16.0666,108.1912,motorbike,19.7,E,CAM-04-3
OBS-0003437,2026-02-20 10:59:00,DN-06,Ngo Quyen,Son Tra,16.0644,108.2358,car,45.6,W,CAM-06-2
OBS-0003438,2026-01-18 23:50:00,DN-06,Ngo Quyen,Son Tra,16.0644,108.2358,car,28.6,N,CAM-06-2
OBS-0003439,2026-02-26 00:14:00,DN-01,Dragon Bridge,Hai Chau,16.0611,108.2273,motorbike,42.9,S,CAM-01-2
OBS-0003440,2026-02-13 12:02:00,DN-05,2 September Street,Hai Chau,16.0481,108.223,truck,41.6,N,CAM-05-2
OBS-0003441,2026-02-27 10:41:00,DN-03,Nguyen Van Linh,Hai Chau,16.0595,108.2115,car,32.4,E,CAM-03-3
OBS-0003442,2026-02-10 04:57:00,DN-01,Dragon Bridge,Hai Chau,16.0611,108.2273,motorbike,34.2,W,CAM-01-1
OBS-0003443,2026-02-18 17:53:00,DN-01,Dragon Bridge,Hai Chau,16.0611,108.2273,motorbike,23.9,S,CAM-01-1
OBS-0003444,2026-03-29 18:41:00,DN-03,Nguyen Van Linh,Hai Chau,16.0595,108.2115,car,19.1,E,CAM-03-1
OBS-0003445,2026-03-24 07:58:00,DN-06,Ngo Quyen,Son Tra,16.0644,108.2358,motorbike,36.9,E,CAM-06-1
OBS-0003446,2026-03-27 19:54:00,DN-06,Ngo Quyen,Son Tra,16.0644,108.2358,truck,24.8,S,CAM-06-1
OBS-0003447,2026-01-07 02:10:00,DN-03,Nguyen Van Linh,Hai Chau,16.0595,108.2115,motorbike,48.8,S,CAM-03-3
OBS-0003448,2026-02-28 03:10:00,DN-05,2 September Street,Hai Chau,16.0481,108.223,motorbike,34.3,N,CAM-05-3
OBS-0003449,2026-01-19 20:38:00,DN-03,Nguyen Van Linh,Hai Chau,16.0595,108.2115,motorbike,47.0,S,CAM-03-3
OBS-0003450,2026-03-15 23:33:00,DN-06,Ngo Quyen,Son Tra,16.0644,108.2358,motorbike,36.5,W,CAM-06-2
OBS-0003451,2026-03-09 13:25:00,DN-02,Han River Bridge,Hai Chau,16.0718,108.2268,car,41.3,E,CAM-02-3
OBS-0003452,2026-03-17 11:04:00,DN-04,Dien Bien Phu,Thanh Khe,16.0666,108.1912,motorbike,37.2,N,CAM-04-3
OBS-0003453,2026-02-04 19:39:00,DN-05,2 September Street,Hai Chau,16.0481,108.223,motorbike,30.6,E,CAM-05-1
OBS-0003454,2026-03-13 04:14:00,DN-03,Nguyen Van Linh,Hai Chau,16.0595,108.2115,motorbike,32.6,W,CAM-03-2
OBS-0003455,2026-01-30 18:56:00,DN-06,Ngo Quyen,Son Tra,16.0644,108.2358,motorbike,26.5,W,CAM-06-2
OBS-0003456,2026-03-09 19:43:00,DN-03,Nguyen Van Linh,Hai Chau,16.0595,108.2115,motorbike,4.0,W,CAM-03-2
OBS-0003457,2026-01-22 04:17:00,DN-02,Han River Bridge,Hai Chau,16.0718,108.2268,motorbike,32.3,E,CAM-02-3
OBS-0003458,2026-02-25 22:41:00,DN-03,Nguyen Van Linh,Hai Chau,16.0595,108.2115,motorbike,34.6,E,CAM-03-3
OBS-0003459,2026-01-22 03:12:00,DN-05,2 September Street,Hai Chau,16.0481,108.223,car,30.9,N,CAM-05-1
OBS-0003460,2026-02-02 16:56:00,DN-02,Han River Bridge,Hai Chau,16.0718,108.2268,motorbike,19.0,S,CAM-02-3
OBS-0003461,2026-01-26 08:06:00,DN-06,Ngo Quyen,Son Tra,16.0644,108.2358,motorbike,15.8,E,CAM-06-3
OBS-0003462,2026-01-20 14:51:00,DN-01,Dragon Bridge,Hai Chau,16.0611,108.2273,motorbike,38.0,W,CAM-01-3
OBS-0003463,2026-02-23 12:21:00,DN-06,Ngo Quyen,Son Tra,16.0644,108.2358,motorbike,42.1,S,CAM-06-1
OBS-0003464,2026-01-08 23:28:00,DN-02,Han River Bridge,Hai Chau,16.0718,108.2268,motorbike,37.0,W,CAM-02-2
OBS-0003465,2026-01-27 10:15:00,DN-01,Dragon Bridge,Hai Chau,16.0611,108.2273,motorbike,36.9,W,CAM-01-2
OBS-0003466,2026-03-27 00:34:00,DN-04,Dien Bien Phu,Thanh Khe,16.0666,108.1912,truck,32.9,W,CAM-04-1
OBS-0003467,2026-01-12 15:11:00,DN-01,Dragon Bridge,Hai Chau,16.0611,108.2273,car,22.8,E,CAM-01-1
OBS-0003468,2026-01-17 09:54:00,DN-05,2 September Street,Hai Chau,16.0481,108.223,motorbike,11.3,W,CAM-05-2
OBS-0003469,2026-02-03 12:28:00,DN-06,Ngo Quyen,Son Tra,16.0644,108.2358,car,34.2,W,CAM-06-3
OBS-0003470,2026-03-25 05:00:00,DN-04,Dien Bien Phu,Thanh Khe,16.0666,108.1912,truck,34.5,S,CAM-04-1
OBS-0003471,2026-03-18 10:50:00,DN-06,Ngo Quyen,Son Tra,16.0644,108.2358,motorbike,41.1,S,CAM-06-1
OBS-0003472,2026-03-04 15:35:00,DN-01,Dragon Bridge,Hai Chau,16.0611,108.2273,motorbike,37.4,N,CAM-01-2
OBS-0003473,2026-02-07 02:02:00,DN-04,Dien Bien Phu,Thanh Khe,16.0666,108.1912,motorbike,34.1,S,CAM-04-2
OBS-0003474,2026-01-02 16:14:00,DN-02,Han River Bridge,Hai Chau,16.0718,108.2268,truck,22.2,S,CAM-02-3
OBS-0003475,2026-02-08 23:30:00,DN-02,Han River Bridge,Hai Chau,16.0718,108.2268,car,33.7,E,CAM-02-1
OBS-0003476,2026-01-06 05:25:00,DN-03,Nguyen Van Linh,Hai Chau,16.0595,108.2115,car,44.9,N,CAM-03-3
OBS-0003477,2026-03-14 04:26:00,DN-01,Dragon Bridge,Hai Chau,16.0611,108.2273,car,26.4,W,CAM-01-3
OBS-0003478,2026-03-21 15:15:00,DN-06,Ngo Quyen,Son Tra,16.0644,108.2358,car,36.3,N,CAM-06-1
OBS-0003479,2026-01-03 16:20:00,DN-05,2 September Street,Hai Chau,16.0481,108.223,motorbike,23.8,S,CAM-05-3
OBS-0003480,2026-02-03 17:21:00,DN-04,Dien Bien Phu,Thanh Khe,16.0666,108.1912,car,12.0,E,CAM-04-3
OBS-0003481,2026-03-07 03:24:00,DN-03,Nguyen Van Linh,Hai Chau,16.0595,108.2115,motorbike,42.5,N,CAM-03-2
OBS-0003482,2026-02-18 01:41:00,DN-03,Nguyen Van Linh,Hai Chau,16.0595,108.2115,motorbike,39.9,W,CAM-03-2
OBS-0003483,2026-02-22 18:47:00,DN-03,Nguyen Van Linh,Hai Chau,16.0595,108.2115,motorbike,2.0,E,CAM-03-1
OBS-0003484,2026-03-28 17:05:00,DN-03,Nguyen Van Linh,Hai Chau,16.0595,108.2115,motorbike,14.1,E,CAM-03-2
OBS-0003485,2026-03-07 16:58:00,DN-01,Dragon Bridge,Hai Chau,16.0611,108.2273,car,15.3,N,CAM-01-2
OBS-0003486,2026-03-29 17:19:00,DN-04,Dien Bien Phu,Thanh Khe,16.0666,108.1912,motorbike,20.1,E,CAM-04-1
OBS-0003487,2026-01-23 03:34:00,DN-02,Han River Bridge,Hai Chau,16.0718,108.2268,motorbike,39.8,W,CAM-02-1
OBS-0003488,2026-03-02 19:45:00,DN-02,Han River Bridge,Hai Chau,16.0718,108.2268,motorbike,34.0,N,CAM-02-2
OBS-0003489,2026-02-26 01:46:00,DN-02,Han River Bridge,Hai Chau,16.0718,108.2268,motorbike,51.0,W,CAM-02-1
OBS-0003490,2026-02-06 01:42:00,DN-01,Dragon Bridge,Hai Chau,16.0611,108.2273,car,28.0,N,CAM-01-2
OBS-0003491,2026-03-01 08:45:00,DN-05,2 September Street,Hai Chau,16.0481,108.223,motorbike,14.7,E,CAM-05-3
OBS-0003492,2026-02-01 14:54:00,DN-02,Han River Bridge,Hai Chau,16.0718,108.2268,motorbike,36.8,E,CAM-02-1
OBS-0003493,2026-02-16 15:32:00,DN-06,Ngo Quyen,Son Tra,16.0644,108.2358,car,28.7,W,CAM-06-2
OBS-0003494,2026-02-13 23:07:00,DN-05,2 September Street,Hai Chau,16.0481,108.223,motorbike,29.2,N,CAM-05-1
OBS-0003495,2026-01-05 23:18:00,DN-06,Ngo Quyen,Son Tra,16.0644,108.2358,truck,31.8,W,CAM-06-1
OBS-0003496,2026-02-21 04:17:00,DN-04,Dien Bien Phu,Thanh Khe,16.0666,108.1912,motorbike,47.0,E,CAM-04-3
OBS-0003497,2026-01-26 23:59:00,DN-03,Nguyen Van Linh,Hai Chau,16.0595,108.2115,truck,40.3,E,CAM-03-2
OBS-0003498,2026-02-05 03:15:00,DN-06,Ngo Quyen,Son Tra,16.0644,108.2358,motorbike,23.5,N,CAM-06-1
OBS-0003499,2026-03-12 07:42:00,DN-02,Han River Bridge,Hai Chau,16.0718,108.2268,bus,19.8,S,CAM-02-2
OBS-0003500,2026-01-31 23:26:00,DN-03,Nguyen Van Linh,Hai Chau,16.0595,108.2115,car,24.9,E,CAM-03-2
OBS-0003501,2026-02-10 10:40:00,DN-04,Dien Bien Phu,Thanh Khe,16.0666,108.1912,car,42.8,N,CAM-04-3
OBS-0003502,2026-02-02 01:55:00,DN-02,Han River Bridge,Hai Chau,16.0718,108.2268,motorbike,52.7,W,CAM-02-3
OBS-0003503,2026-03-16 11:25:00,DN-04,Dien Bien Phu,Thanh Khe,16.0666,108.1912,motorbike,43.3,W,CAM-04-1
OBS-0003504,2026-01-17 01:47:00,DN-04,Dien Bien Phu,Thanh Khe,16.0666,108.1912,motorbike,31.6,W,CAM-04-1
OBS-0003505,2026-03-26 19:43:00,DN-02,Han River Bridge,Hai Chau,16.0718,108.2268,motorbike,19.6,N,CAM-02-3
OBS-0003506,2026-03-26 08:09:00,DN-04,Dien Bien Phu,Thanh Khe,16.0666,108.1912,motorbike,21.5,N,CAM-04-1
OBS-0003507,2026-01-30 17:44:00,DN-01,Dragon Bridge,Hai Chau,16.0611,108.2273,car,6.5,S,CAM-01-1
OBS-0003508,2026-02-13 16:04:00,DN-04,Dien Bien Phu,Thanh Khe,16.0666,108.1912,car,9.6,S,CAM-04-2
OBS-0003509,2026-03-09 02:34:00,DN-05,2 September Street,Hai Chau,16.0481,108.223,truck,38.0,W,CAM-05-2
OBS-0003510,2026-01-24 04:08:00,DN-01,Dragon Bridge,Hai Chau,16.0611,108.2273,car,46.1,W,CAM-01-1
OBS-0003511,2026-03-31 11:00:00,DN-05,2 September Street,Hai Chau,16.0481,108.223,motorbike,48.8,E,CAM-05-3
OBS-0003512,2026-03-14 00:51:00,DN-06,Ngo Quyen,Son Tra,16.0644,108.2358,motorbike,45.9,S,CAM-06-3
OBS-0003513,2026-02-24 23:01:00,DN-05,2 September Street,Hai Chau,16.0481,108.223,bus,30.2,E,CAM-05-1
OBS-0003514,2026-03-11 12:00:00,DN-06,Ngo Quyen,Son Tra,16.0644,108.2358,bus,43.0,S,CAM-06-1
OBS-0003515,2026-02-13 22:49:00,DN-06,Ngo Quyen,Son Tra,16.0644,108.2358,car,40.0,N,CAM-06-1
OBS-0003516,2026-02-23 22:25:00,DN-05,2 September Street,Hai Chau,16.0481,108.223,motorbike,43.6,E,CAM-05-1
OBS-0003517,2026-03-01 20:39:00,DN-06,Ngo Quyen,Son Tra,16.0644,108.2358,truck,30.5,S,CAM-06-3
OBS-0003518,2026-02-16 07:57:00,DN-05,2 September Street,Hai Chau,16.0481,108.223,car,26.1,W,CAM-05-1
OBS-0003519,2026-01-04 11:48:00,DN-02,Han River Bridge,Hai Chau,16.0718,108.2268,motorbike,41.1,N,CAM-02-2
OBS-0003520,2026-02-24 12:49:00,DN-06,Ngo Quyen,Son Tra,16.0644,108.2358,motorbike,43.6,E,CAM-06-1
OBS-0003521,2026-03-06 19:24:00,DN-02,Han River Bridge,Hai Chau,16.0718,108.2268,car,23.6,N,CAM-02-3
OBS-0003522,2026-03-20 16:34:00,DN-02,Han River Bridge,Hai Chau,16.0718,108.2268,motorbike,21.7,E,CAM-02-3
OBS-0003523,2026-02-12 23:13:00,DN-06,Ngo Quyen,Son Tra,16.0644,108.2358,car,42.7,N,CAM-06-1
OBS-0003524,2026-03-17 21:36:00,DN-03,Nguyen Van Linh,Hai Chau,16.0595,108.2115,motorbike,42.1,N,CAM-03-1
OBS-0003525,2026-01-01 21:59:00,DN-02,Han River Bridge,Hai Chau,16.0718,108.2268,motorbike,28.5,S,CAM-02-3
OBS-0003526,2026-01-13 00:39:00,DN-04,Dien Bien Phu,Thanh Khe,16.0666,108.1912,car,40.2,W,CAM-04-2
OBS-0003527,2026-01-18 07:13:00,DN-05,2 September Street,Hai Chau,16.0481,108.223,bus,23.3,N,CAM-05-2
OBS-0003528,2026-03-02 23:28:00,DN-06,Ngo Quyen,Son Tra,16.0644,108.2358,car,40.9,W,CAM-06-3
OBS-0003529,2026-02-04 16:46:00,DN-01,Dragon Bridge,Hai Chau,16.0611,108.2273,motorbike,28.6,W,CAM-01-1
OBS-0003530,2026-02-27 19:12:00,DN-02,Han River Bridge,Hai Chau,16.0718,108.2268,car,34.2,W,CAM-02-1
OBS-0003531,2026-01-05 02:11:00,DN-01,Dragon Bridge,Hai Chau,16.0611,108.2273,motorbike,43.3,E,CAM-01-2
OBS-0003532,2026-03-20 13:19:00,DN-02,Han River Bridge,Hai Chau,16.0718,108.2268,motorbike,27.7,W,CAM-02-2
OBS-0003533,2026-03-07 22:21:00,DN-01,Dragon Bridge,Hai Chau,16.0611,108.2273,motorbike,26.2,S,CAM-01-2
OBS-0003534,2026-03-22 02:24:00,DN-06,Ngo Quyen,Son Tra,16.0644,108.2358,motorbike,33.0,N,CAM-06-3
OBS-0003535,2026-02-04 12:48:00,DN-05,2 September Street,Hai Chau,16.0481,108.223,car,34.2,S,CAM-05-2
OBS-0003536,2026-01-04 04:59:00,DN-03,Nguyen Van Linh,Hai Chau,16.0595,108.2115,motorbike,47.4,N,CAM-03-1
OBS-0003537,2026-01-14 10:18:00,DN-01,Dragon Bridge,Hai Chau,16.0611,108.2273,motorbike,34.7,N,CAM-01-2
OBS-0003538,2026-01-09 05:47:00,DN-02,Han River Bridge,Hai Chau,16.0718,108.2268,motorbike,47.3,S,CAM-02-1
OBS-0003539,2026-02-10 15:14:00,DN-04,Dien Bien Phu,Thanh Khe,16.0666,108.1912,car,36.9,N,CAM-04-3
OBS-0003540,2026-02-22 02:41:00,DN-01,Dragon Bridge,Hai Chau,16.0611,108.2273,motorbike,29.4,E,CAM-01-1
OBS-0003541,2026-03-22 15:28:00,DN-04,Dien Bien Phu,Thanh Khe,16.0666,108.1912,motorbike,27.1,S,CAM-04-1
OBS-0003542,2026-02-07 23:25:00,DN-05,2 September Street,Hai Chau,16.0481,108.223,motorbike,38.6,E,CAM-05-2
OBS-0003543,2026-01-24 03:29:00,DN-02,Han River Bridge,Hai Chau,16.0718,108.2268,motorbike,40.4,N,CAM-02-1
OBS-0003544,2026-02-13 16:51:00,DN-05,2 September Street,Hai Chau,16.0481,108.223,motorbike,34.6,N,CAM-05-1
OBS-0003545,2026-02-28 04:15:00,DN-01,Dragon Bridge,Hai Chau,16.0611,108.2273,motorbike,29.1,E,CAM-01-3
OBS-0003546,2026-03-22 18:30:00,DN-02,Han River Bridge,Hai Chau,16.0718,108.2268,motorbike,21.4,E,CAM-02-2
OBS-0003547,2026-02-20 09:48:00,DN-04,Dien Bien Phu,Thanh Khe,16.0666,108.1912,car,23.0,W,CAM-04-2
OBS-0003548,2026-02-24 00:03:00,DN-03,Nguyen Van Linh,Hai Chau,16.0595,108.2115,motorbike,32.6,E,CAM-03-2
OBS-0003549,2026-03-22 03:10:00,DN-03,Nguyen Van Linh,Hai Chau,16.0595,108.2115,motorbike,28.3,E,CAM-03-3
OBS-0003550,2026-03-15 03:09:00,DN-04,Dien Bien Phu,Thanh Khe,16.0666,108.1912,motorbike,23.7,E,CAM-04-1
OBS-0003551,2026-01-18 12:15:00,DN-06,Ngo Quyen,Son Tra,16.0644,108.2358,truck,28.7,W,CAM-06-1
OBS-0003552,2026-01-11 10:52:00,DN-03,Nguyen Van Linh,Hai Chau,16.0595,108.2115,motorbike,38.8,N,CAM-03-2
OBS-0003553,2026-03-07 01:18:00,DN-03,Nguyen Van Linh,Hai Chau,16.0595,108.2115,motorbike,33.6,E,CAM-03-1
OBS-0003554,2026-02-21 19:43:00,DN-02,Han River Bridge,Hai Chau,16.0718,108.2268,bus,24.6,E,CAM-02-3
OBS-0003555,2026-03-30 21:50:00,DN-02,Han River Bridge,Hai Chau,16.0718,108.2268,motorbike,39.0,S,CAM-02-2
OBS-0003556,2026-01-09 14:13:00,DN-01,Dragon Bridge,Hai Chau,16.0611,108.2273,motorbike,35.7,E,CAM-01-1
OBS-0003557,2026-01-27 08:31:00,DN-01,Dragon Bridge,Hai Chau,16.0611,108.2273,motorbike,28.1,N,CAM-01-3
OBS-0003558,2026-03-23 09:57:00,DN-04,Dien Bien Phu,Thanh Khe,16.0666,108.1912,motorbike,24.0,E,CAM-04-1
OBS-0003559,2026-03-31 03:47:00,DN-02,Han River Bridge,Hai Chau,16.0718,108.2268,motorbike,37.0,S,CAM-02-2
OBS-0003560,2026-02-11 05:18:00,DN-01,Dragon Bridge,Hai Chau,16.0611,108.2273,motorbike,53.6,N,CAM-01-3
OBS-0003561,2026-02-06 16:50:00,DN-02,Han River Bridge,Hai Chau,16.0718,108.2268,car,11.3,N,CAM-02-3
OBS-0003562,2026-01-08 03:03:00,DN-05,2 September Street,Hai Chau,16.0481,108.223,car,45.6,E,CAM-05-3
OBS-0003563,2026-02-25 22:51:00,DN-03,Nguyen Van Linh,Hai Chau,16.0595,108.2115,motorbike,24.6,W,CAM-03-3
OBS-0003564,2026-01-30 06:08:00,DN-01,Dragon Bridge,Hai Chau,16.0611,108.2273,truck,39.3,E,CAM-01-3
OBS-0003565,2026-01-07 21:46:00,DN-04,Dien Bien Phu,Thanh Khe,16.0666,108.1912,car,45.4,S,CAM-04-2
OBS-0003566,2026-03-09 12:14:00,DN-05,2 September Street,Hai Chau,16.0481,108.223,car,34.5,W,CAM-05-2
OBS-0003567,2026-03-30 22:56:00,DN-02,Han River Bridge,Hai Chau,16.0718,108.2268,truck,34.4,W,CAM-02-2
OBS-0003568,2026-01-11 21:44:00,DN-04,Dien Bien Phu,Thanh Khe,16.0666,108.1912,motorbike,17.3,W,CAM-04-3
OBS-0003569,2026-02-06 20:23:00,DN-01,Dragon Bridge,Hai Chau,16.0611,108.2273,car,26.7,S,CAM-01-2
OBS-0003570,2026-01-31 20:15:00,DN-04,Dien Bien Phu,Thanh Khe,16.0666,108.1912,car,44.4,N,CAM-04-3
OBS-0003571,2026-03-21 05:38:00,DN-04,Dien Bien Phu,Thanh Khe,16.0666,108.1912,motorbike,34.7,S,CAM-04-3
OBS-0003572,2026-01-02 17:54:00,DN-06,Ngo Quyen,Son Tra,16.0644,108.2358,car,19.4,W,CAM-06-1
OBS-0003573,2026-01-27 17:48:00,DN-06,Ngo Quyen,Son Tra,16.0644,108.2358,motorbike,28.6,S,CAM-06-3
OBS-0003574,2026-01-05 16:22:00,DN-05,2 September Street,Hai Chau,16.0481,108.223,motorbike,27.0,N,CAM-05-3
OBS-0003575,2026-01-07 08:34:00,DN-01,Dragon Bridge,Hai Chau,16.0611,108.2273,motorbike,21.7,S,CAM-01-1
OBS-0003576,2026-01-11 08:57:00,DN-03,Nguyen Van Linh,Hai Chau,16.0595,108.2115,car,25.0,N,CAM-03-1
OBS-0003577,2026-03-02 10:38:00,DN-02,Han River Bridge,Hai Chau,16.0718,108.2268,motorbike,40.2,N,CAM-02-2
OBS-0003578,2026-02-10 10:40:00,DN-06,Ngo Quyen,Son Tra,16.0644,108.2358,truck,39.5,W,CAM-06-2
OBS-0003579,2026-02-03 09:12:00,DN-05,2 September Street,Hai Chau,16.0481,108.223,car,24.1,W,CAM-05-1
OBS-0003580,2026-03-30 20:25:00,DN-01,Dragon Bridge,Hai Chau,16.0611,108.2273,motorbike,34.7,W,CAM-01-1
OBS-0003581,2026-01-02 20:11:00,DN-05,2 September Street,Hai Chau,16.0481,108.223,motorbike,32.0,N,CAM-05-1
OBS-0003582,2026-03-21 17:22:00,DN-01,Dragon Bridge,Hai Chau,16.0611,108.2273,car,8.2,E,CAM-01-3
OBS-0003583,2026-02-28 05:27:00,DN-05,2 September Street,Hai Chau,16.0481,108.223,motorbike,35.9,S,CAM-05-3
OBS-0003584,2026-01-10 09:46:00,DN-03,Nguyen Van Linh,Hai Chau,16.0595,108.2115,motorbike,12.6,E,CAM-03-2
OBS-0003585,2026-02-15 11:24:00,DN-01,Dragon Bridge,Hai Chau,16.0611,108.2273,motorbike,33.5,S,CAM-01-2
OBS-0003586,2026-01-07 05:57:00,DN-02,Han River Bridge,Hai Chau,16.0718,108.2268,truck,49.3,E,CAM-02-2
OBS-0003587,2026-03-12 09:52:00,DN-05,2 September Street,Hai Chau,16.0481,108.223,motorbike,17.0,S,CAM-05-2
OBS-0003588,2026-02-28 23:20:00,DN-02,Han River Bridge,Hai Chau,16.0718,108.2268,motorbike,32.9,S,CAM-02-1
OBS-0003589,2026-02-27 10:52:00,DN-06,Ngo Quyen,Son Tra,16.0644,108.2358,motorbike,46.2,E,CAM-06-1
OBS-0003590,2026-02-14 03:47:00,DN-02,Han River Bridge,Hai Chau,16.0718,108.2268,bus,39.3,N,CAM-02-1
OBS-0003591,2026-02-16 00:35:00,DN-01,Dragon Bridge,Hai Chau,16.0611,108.2273,motorbike,30.6,W,CAM-01-3
OBS-0003592,2026-02-10 11:20:00,DN-06,Ngo Quyen,Son Tra,16.0644,108.2358,truck,28.0,N,CAM-06-1
OBS-0003593,2026-02-05 15:00:00,DN-06,Ngo Quyen,Son Tra,16.0644,108.2358,car,48.3,W,CAM-06-2
OBS-0003594,2026-01-31 16:37:00,DN-01,Dragon Bridge,Hai Chau,16.0611,108.2273,truck,31.2,N,CAM-01-3
OBS-0003595,2026-03-22 21:35:00,DN-03,Nguyen Van Linh,Hai Chau,16.0595,108.2115,car,28.6,E,CAM-03-2
OBS-0003596,2026-01-05 17:37:00,DN-06,Ngo Quyen,Son Tra,16.0644,108.2358,motorbike,26.4,W,CAM-06-2
OBS-0003597,2026-01-31 06:18:00,DN-04,Dien Bien Phu,Thanh Khe,16.0666,108.1912,car,35.7,S,CAM-04-1
OBS-0003598,2026-03-12 03:51:00,DN-05,2 September Street,Hai Chau,16.0481,108.223,motorbike,37.5,E,CAM-05-1
OBS-0003599,2026-03-06 23:15:00,DN-01,Dragon Bridge,Hai Chau,16.0611,108.2273,car,31.1,N,CAM-01-2
OBS-0003600,2026-03-18 16:06:00,DN-02,Han River Bridge,Hai Chau,16.0718,108.2268,car,28.4,E,CAM-02-3
